Workbook

Sheet 使用说明
B2: 11 人问卷 · 结果录入工作簿
B6: 先分发 | C6: Q01–Q11 分别给 11 位不同参与者；每人只拿对应的 Word 或 PDF。不要把本 Excel、全部问卷或解盲文件给受试者。
B7: 再登记 | C7: 在“参与者登记”的蓝色单元格填写回收、三个同意/资格确认、既往接触、可选背景。没有真实答卷时保持空白。编号不可重复。
B8: 录入评分 | C8: 在“评分录入”按编号与场次填写 6 个数字。1=A明显；2=A略好；3=相当；4=B略好；5=B明显；6=无法判断。每人 6 场，共 36 项。
B9: 可选信息 | C9: 两份都不足、评论、经验、用时与评论引用同意可留空。未明确同意评论引用时，不引用。请不要在此表写姓名、邮箱或招募联系人。
B10: 哪些回答纳入 | C10: 仅“已回收=是”、年龄/英文/同意均=是、既往接触=没有、36 项评分全部有效的参与者进入汇总。未回收、待补录或被排除的回答均不计入。
B11: 如何计算 | C11: A/B 按每份问卷独立解盲。主要终点把明显/略好合并为偏好；胜=1、相当=0.5、负=0。无法判断单独计数，不当作相当、零分或败场。原始 1–6 评分完整保留。
B12: 怎么看汇总 | C12: 架构按 10 个提示等权；模型按该两模型共同具备成品的提示等权。只有全部计划提示都有可判票时显示完整宏平均；缺失覆盖会显示“未完整覆盖”。不要按混合提示总票数排模型名次。
B13: 样本边界 | C13: 11 人共 44 场模型、22 场架构评价。41 个精确模型/提示配对中 38 个只有 1 票、3 个有 2 票；9 个架构请求各 2 票、1 个有 4 票。模型结果为探索性描述，不是稳定排名。
B14: 六个维度 | C14: “总体世界设计”为主要终点；其余五维为诊断项目。“逐题汇总”保留六维各自的票数和缺失，不将六个维度加总成总分或当作六个独立受试者。
B15: 材料边界 | C15: 英文原始证据，架构比较为实际且不等计算预算的配置。模型仅评价已有成功成品；无成品失败不能自动算成人工偏好败场。此表不含置信区间、p 值、显著性星号或 Elo。
B16: Excel 操作 | C16: 仅编辑蓝色格。灰色为冻结编号/分配，绿色为自动结果；工作表保护防止误改，不是保密措施。使用 Excel/LibreOffice 的自动计算；若结果未更新，请启用自动计算并重算。
B17: 保存与回传 | C17: 请将填完的工作簿另存到本地独立文件夹。完整答卷和含评论的工作簿仅供研究者处理，不要上传公开 Git；本发布包只包含空白模板，没有真实受试者结果。
B19: 版本：agora-paper-11p-20260921-v1 | 预定样本：11 人 | 分配种子：20260921

Sheet 参与者登记
A1: 参与者登记 · 11 份，11 位不同参与者
A2: 先填蓝色格，再录入评分；请照原答卷填写，不能代填同意。可选项目空白不会影响纳入。
A6: 编号 | B6: 已回收 | C6: 年满18岁 | D6: 能独立读英文 | E6: 同意参与 | F6: 既往开发/结果接触 | G6: 游戏经验（可选） | H6: 同意评论引用（可选） | I6: 用时/分钟（可选） | J6: 有效评分项 / 36 | K6: 主要分析状态 | L6: 录入备注（不写身份）
A7: Q01 | J7: =SUM('评分录入'!L7:L12) -> 0 | K7: =IF(B7<>"是","待回收",IF(OR(C7="否",D7="否",E7="否"),"排除：资格/同意",IF(OR(C7<>"是",D7<>"是",E7<>"是",F7=""),"待核对：背景",IF(F7<>"没有","排除：既往接触",IF(J7<>36,"待补录评分","纳入"))))) -> 待回收
A8: Q02 | J8: =SUM('评分录入'!L13:L18) -> 0 | K8: =IF(B8<>"是","待回收",IF(OR(C8="否",D8="否",E8="否"),"排除：资格/同意",IF(OR(C8<>"是",D8<>"是",E8<>"是",F8=""),"待核对：背景",IF(F8<>"没有","排除：既往接触",IF(J8<>36,"待补录评分","纳入"))))) -> 待回收
A9: Q03 | J9: =SUM('评分录入'!L19:L24) -> 0 | K9: =IF(B9<>"是","待回收",IF(OR(C9="否",D9="否",E9="否"),"排除：资格/同意",IF(OR(C9<>"是",D9<>"是",E9<>"是",F9=""),"待核对：背景",IF(F9<>"没有","排除：既往接触",IF(J9<>36,"待补录评分","纳入"))))) -> 待回收
A10: Q04 | J10: =SUM('评分录入'!L25:L30) -> 0 | K10: =IF(B10<>"是","待回收",IF(OR(C10="否",D10="否",E10="否"),"排除：资格/同意",IF(OR(C10<>"是",D10<>"是",E10<>"是",F10=""),"待核对：背景",IF(F10<>"没有","排除：既往接触",IF(J10<>36,"待补录评分","纳入"))))) -> 待回收
A11: Q05 | J11: =SUM('评分录入'!L31:L36) -> 0 | K11: =IF(B11<>"是","待回收",IF(OR(C11="否",D11="否",E11="否"),"排除：资格/同意",IF(OR(C11<>"是",D11<>"是",E11<>"是",F11=""),"待核对：背景",IF(F11<>"没有","排除：既往接触",IF(J11<>36,"待补录评分","纳入"))))) -> 待回收
A12: Q06 | J12: =SUM('评分录入'!L37:L42) -> 0 | K12: =IF(B12<>"是","待回收",IF(OR(C12="否",D12="否",E12="否"),"排除：资格/同意",IF(OR(C12<>"是",D12<>"是",E12<>"是",F12=""),"待核对：背景",IF(F12<>"没有","排除：既往接触",IF(J12<>36,"待补录评分","纳入"))))) -> 待回收
A13: Q07 | J13: =SUM('评分录入'!L43:L48) -> 0 | K13: =IF(B13<>"是","待回收",IF(OR(C13="否",D13="否",E13="否"),"排除：资格/同意",IF(OR(C13<>"是",D13<>"是",E13<>"是",F13=""),"待核对：背景",IF(F13<>"没有","排除：既往接触",IF(J13<>36,"待补录评分","纳入"))))) -> 待回收
A14: Q08 | J14: =SUM('评分录入'!L49:L54) -> 0 | K14: =IF(B14<>"是","待回收",IF(OR(C14="否",D14="否",E14="否"),"排除：资格/同意",IF(OR(C14<>"是",D14<>"是",E14<>"是",F14=""),"待核对：背景",IF(F14<>"没有","排除：既往接触",IF(J14<>36,"待补录评分","纳入"))))) -> 待回收
A15: Q09 | J15: =SUM('评分录入'!L55:L60) -> 0 | K15: =IF(B15<>"是","待回收",IF(OR(C15="否",D15="否",E15="否"),"排除：资格/同意",IF(OR(C15<>"是",D15<>"是",E15<>"是",F15=""),"待核对：背景",IF(F15<>"没有","排除：既往接触",IF(J15<>36,"待补录评分","纳入"))))) -> 待回收
A16: Q10 | J16: =SUM('评分录入'!L61:L66) -> 0 | K16: =IF(B16<>"是","待回收",IF(OR(C16="否",D16="否",E16="否"),"排除：资格/同意",IF(OR(C16<>"是",D16<>"是",E16<>"是",F16=""),"待核对：背景",IF(F16<>"没有","排除：既往接触",IF(J16<>36,"待补录评分","纳入"))))) -> 待回收
A17: Q11 | J17: =SUM('评分录入'!L67:L72) -> 0 | K17: =IF(B17<>"是","待回收",IF(OR(C17="否",D17="否",E17="否"),"排除：资格/同意",IF(OR(C17<>"是",D17<>"是",E17<>"是",F17=""),"待核对：背景",IF(F17<>"没有","排除：既往接触",IF(J17<>36,"待补录评分","纳入"))))) -> 待回收

Sheet 评分录入
A1: 原始评分录入 · 66 场
A2: 只填蓝色格。1=A明显；2=A略好；3=相当；4=B略好；5=B明显；6=无法判断。灰色的编号/场次与对应 PDF、Word 一致；模型和方法映射在右侧隐藏列。
A6: 编号 | B6: 场次 | C6: PDF材料 / 评分页 | D6: 总体 | E6: 设定 | F6: 规则 | G6: 人物 | H6: 地点 | I6: 行动 | J6: 两份都不足（可选） | K6: 具体细节评论（可选） | L6: 有效项/6 | M6: 主要分析状态 | N6: 类型 | O6: 提示ID | P6: A来源 | Q6: B来源 | R6: 条件1 | S6: 条件2 | T6: 总体条件1得分 | U6: 无法判断 | V6: 相当 | W6: 条件1胜 | X6: 条件2胜 | Y6: 可判票 | Z6: 设定实现条件1得分 | AA6: 规则与活动条件1得分 | AB6: 人物与社会联系条件1得分 | AC6: 地点与物件条件1得分 | AD6: 可设想的行动条件1得分
A7: Q01 | B7: 1 | C7: A 2 / B 3 / 评分 4 | L7: =SUM(IFERROR(IF(AND(VALUE(D7)>=1,VALUE(D7)<=6,MOD(VALUE(D7),1)=0),1,0),0),IFERROR(IF(AND(VALUE(E7)>=1,VALUE(E7)<=6,MOD(VALUE(E7),1)=0),1,0),0),IFERROR(IF(AND(VALUE(F7)>=1,VALUE(F7)<=6,MOD(VALUE(F7),1)=0),1,0),0),IFERROR(IF(AND(VALUE(G7)>=1,VALUE(G7)<=6,MOD(VALUE(G7),1)=0),1,0),0),IFERROR(IF(AND(VALUE(H7)>=1,VALUE(H7)<=6,MOD(VALUE(H7),1)=0),1,0),0),IFERROR(IF(AND(VALUE(I7)>=1,VALUE(I7)<=6,MOD(VALUE(I7),1)=0),1,0),0)) -> 0 | M7: ='参与者登记'!K7 -> 待回收 | N7: 模型 | O7: lwb_hidden_v2_03 | P7: Gemini 2.5 Flash | Q7: Gemini 3.7 Flash | R7: Gemini 2.5 Flash | S7: Gemini 3.7 Flash | T7: =IF(M7<>"纳入","",IF(VALUE(D7)=6,"",IF(VALUE(D7)=3,0.5,IF(OR(AND(VALUE(D7)<3,P7=R7),AND(VALUE(D7)>3,Q7=R7)),1,0)))) | U7: =IF(AND(M7="纳入",IFERROR(VALUE(D7),0)=6),1,0) -> 0 | V7: =IF(AND(M7="纳入",IFERROR(VALUE(D7),0)=3),1,0) -> 0 | W7: =IF(AND(M7="纳入",ISNUMBER(T7),T7=1),1,0) -> 0 | X7: =IF(AND(M7="纳入",ISNUMBER(T7),T7=0),1,0) -> 0 | Y7: =IF(AND(M7="纳入",ISNUMBER(T7)),1,0) -> 0 | Z7: =IF(M7<>"纳入","",IF(VALUE(E7)=6,"",IF(VALUE(E7)=3,0.5,IF(OR(AND(VALUE(E7)<3,P7=R7),AND(VALUE(E7)>3,Q7=R7)),1,0)))) | AA7: =IF(M7<>"纳入","",IF(VALUE(F7)=6,"",IF(VALUE(F7)=3,0.5,IF(OR(AND(VALUE(F7)<3,P7=R7),AND(VALUE(F7)>3,Q7=R7)),1,0)))) | AB7: =IF(M7<>"纳入","",IF(VALUE(G7)=6,"",IF(VALUE(G7)=3,0.5,IF(OR(AND(VALUE(G7)<3,P7=R7),AND(VALUE(G7)>3,Q7=R7)),1,0)))) | AC7: =IF(M7<>"纳入","",IF(VALUE(H7)=6,"",IF(VALUE(H7)=3,0.5,IF(OR(AND(VALUE(H7)<3,P7=R7),AND(VALUE(H7)>3,Q7=R7)),1,0)))) | AD7: =IF(M7<>"纳入","",IF(VALUE(I7)=6,"",IF(VALUE(I7)=3,0.5,IF(OR(AND(VALUE(I7)<3,P7=R7),AND(VALUE(I7)>3,Q7=R7)),1,0))))
A8: Q01 | B8: 2 | C8: A 5 / B 6 / 评分 7 | L8: =SUM(IFERROR(IF(AND(VALUE(D8)>=1,VALUE(D8)<=6,MOD(VALUE(D8),1)=0),1,0),0),IFERROR(IF(AND(VALUE(E8)>=1,VALUE(E8)<=6,MOD(VALUE(E8),1)=0),1,0),0),IFERROR(IF(AND(VALUE(F8)>=1,VALUE(F8)<=6,MOD(VALUE(F8),1)=0),1,0),0),IFERROR(IF(AND(VALUE(G8)>=1,VALUE(G8)<=6,MOD(VALUE(G8),1)=0),1,0),0),IFERROR(IF(AND(VALUE(H8)>=1,VALUE(H8)<=6,MOD(VALUE(H8),1)=0),1,0),0),IFERROR(IF(AND(VALUE(I8)>=1,VALUE(I8)<=6,MOD(VALUE(I8),1)=0),1,0),0)) -> 0 | M8: ='参与者登记'!K7 -> 待回收 | N8: 模型 | O8: lwb_hidden_v2_01 | P8: Gemini 3.1 Pro Preview | Q8: Gemini 3.1 Flash Lite | R8: Gemini 3.1 Flash Lite | S8: Gemini 3.1 Pro Preview | T8: =IF(M8<>"纳入","",IF(VALUE(D8)=6,"",IF(VALUE(D8)=3,0.5,IF(OR(AND(VALUE(D8)<3,P8=R8),AND(VALUE(D8)>3,Q8=R8)),1,0)))) | U8: =IF(AND(M8="纳入",IFERROR(VALUE(D8),0)=6),1,0) -> 0 | V8: =IF(AND(M8="纳入",IFERROR(VALUE(D8),0)=3),1,0) -> 0 | W8: =IF(AND(M8="纳入",ISNUMBER(T8),T8=1),1,0) -> 0 | X8: =IF(AND(M8="纳入",ISNUMBER(T8),T8=0),1,0) -> 0 | Y8: =IF(AND(M8="纳入",ISNUMBER(T8)),1,0) -> 0 | Z8: =IF(M8<>"纳入","",IF(VALUE(E8)=6,"",IF(VALUE(E8)=3,0.5,IF(OR(AND(VALUE(E8)<3,P8=R8),AND(VALUE(E8)>3,Q8=R8)),1,0)))) | AA8: =IF(M8<>"纳入","",IF(VALUE(F8)=6,"",IF(VALUE(F8)=3,0.5,IF(OR(AND(VALUE(F8)<3,P8=R8),AND(VALUE(F8)>3,Q8=R8)),1,0)))) | AB8: =IF(M8<>"纳入","",IF(VALUE(G8)=6,"",IF(VALUE(G8)=3,0.5,IF(OR(AND(VALUE(G8)<3,P8=R8),AND(VALUE(G8)>3,Q8=R8)),1,0)))) | AC8: =IF(M8<>"纳入","",IF(VALUE(H8)=6,"",IF(VALUE(H8)=3,0.5,IF(OR(AND(VALUE(H8)<3,P8=R8),AND(VALUE(H8)>3,Q8=R8)),1,0)))) | AD8: =IF(M8<>"纳入","",IF(VALUE(I8)=6,"",IF(VALUE(I8)=3,0.5,IF(OR(AND(VALUE(I8)<3,P8=R8),AND(VALUE(I8)>3,Q8=R8)),1,0))))
A9: Q01 | B9: 3 | C9: A 8 / B 9 / 评分 10 | L9: =SUM(IFERROR(IF(AND(VALUE(D9)>=1,VALUE(D9)<=6,MOD(VALUE(D9),1)=0),1,0),0),IFERROR(IF(AND(VALUE(E9)>=1,VALUE(E9)<=6,MOD(VALUE(E9),1)=0),1,0),0),IFERROR(IF(AND(VALUE(F9)>=1,VALUE(F9)<=6,MOD(VALUE(F9),1)=0),1,0),0),IFERROR(IF(AND(VALUE(G9)>=1,VALUE(G9)<=6,MOD(VALUE(G9),1)=0),1,0),0),IFERROR(IF(AND(VALUE(H9)>=1,VALUE(H9)<=6,MOD(VALUE(H9),1)=0),1,0),0),IFERROR(IF(AND(VALUE(I9)>=1,VALUE(I9)<=6,MOD(VALUE(I9),1)=0),1,0),0)) -> 0 | M9: ='参与者登记'!K7 -> 待回收 | N9: 架构 | O9: cartographer_lung_exchange | P9: 完整 Agora | Q9: 单次生成基线 | R9: 完整 Agora | S9: 单次生成基线 | T9: =IF(M9<>"纳入","",IF(VALUE(D9)=6,"",IF(VALUE(D9)=3,0.5,IF(OR(AND(VALUE(D9)<3,P9=R9),AND(VALUE(D9)>3,Q9=R9)),1,0)))) | U9: =IF(AND(M9="纳入",IFERROR(VALUE(D9),0)=6),1,0) -> 0 | V9: =IF(AND(M9="纳入",IFERROR(VALUE(D9),0)=3),1,0) -> 0 | W9: =IF(AND(M9="纳入",ISNUMBER(T9),T9=1),1,0) -> 0 | X9: =IF(AND(M9="纳入",ISNUMBER(T9),T9=0),1,0) -> 0 | Y9: =IF(AND(M9="纳入",ISNUMBER(T9)),1,0) -> 0 | Z9: =IF(M9<>"纳入","",IF(VALUE(E9)=6,"",IF(VALUE(E9)=3,0.5,IF(OR(AND(VALUE(E9)<3,P9=R9),AND(VALUE(E9)>3,Q9=R9)),1,0)))) | AA9: =IF(M9<>"纳入","",IF(VALUE(F9)=6,"",IF(VALUE(F9)=3,0.5,IF(OR(AND(VALUE(F9)<3,P9=R9),AND(VALUE(F9)>3,Q9=R9)),1,0)))) | AB9: =IF(M9<>"纳入","",IF(VALUE(G9)=6,"",IF(VALUE(G9)=3,0.5,IF(OR(AND(VALUE(G9)<3,P9=R9),AND(VALUE(G9)>3,Q9=R9)),1,0)))) | AC9: =IF(M9<>"纳入","",IF(VALUE(H9)=6,"",IF(VALUE(H9)=3,0.5,IF(OR(AND(VALUE(H9)<3,P9=R9),AND(VALUE(H9)>3,Q9=R9)),1,0)))) | AD9: =IF(M9<>"纳入","",IF(VALUE(I9)=6,"",IF(VALUE(I9)=3,0.5,IF(OR(AND(VALUE(I9)<3,P9=R9),AND(VALUE(I9)>3,Q9=R9)),1,0))))
A10: Q01 | B10: 4 | C10: A 11 / B 12 / 评分 13 | L10: =SUM(IFERROR(IF(AND(VALUE(D10)>=1,VALUE(D10)<=6,MOD(VALUE(D10),1)=0),1,0),0),IFERROR(IF(AND(VALUE(E10)>=1,VALUE(E10)<=6,MOD(VALUE(E10),1)=0),1,0),0),IFERROR(IF(AND(VALUE(F10)>=1,VALUE(F10)<=6,MOD(VALUE(F10),1)=0),1,0),0),IFERROR(IF(AND(VALUE(G10)>=1,VALUE(G10)<=6,MOD(VALUE(G10),1)=0),1,0),0),IFERROR(IF(AND(VALUE(H10)>=1,VALUE(H10)<=6,MOD(VALUE(H10),1)=0),1,0),0),IFERROR(IF(AND(VALUE(I10)>=1,VALUE(I10)<=6,MOD(VALUE(I10),1)=0),1,0),0)) -> 0 | M10: ='参与者登记'!K7 -> 待回收 | N10: 模型 | O10: lwb_hidden_v2_02 | P10: Gemini 3.1 Flash Lite | Q10: GPT-5.6 Sol | R10: Gemini 3.1 Flash Lite | S10: GPT-5.6 Sol | T10: =IF(M10<>"纳入","",IF(VALUE(D10)=6,"",IF(VALUE(D10)=3,0.5,IF(OR(AND(VALUE(D10)<3,P10=R10),AND(VALUE(D10)>3,Q10=R10)),1,0)))) | U10: =IF(AND(M10="纳入",IFERROR(VALUE(D10),0)=6),1,0) -> 0 | V10: =IF(AND(M10="纳入",IFERROR(VALUE(D10),0)=3),1,0) -> 0 | W10: =IF(AND(M10="纳入",ISNUMBER(T10),T10=1),1,0) -> 0 | X10: =IF(AND(M10="纳入",ISNUMBER(T10),T10=0),1,0) -> 0 | Y10: =IF(AND(M10="纳入",ISNUMBER(T10)),1,0) -> 0 | Z10: =IF(M10<>"纳入","",IF(VALUE(E10)=6,"",IF(VALUE(E10)=3,0.5,IF(OR(AND(VALUE(E10)<3,P10=R10),AND(VALUE(E10)>3,Q10=R10)),1,0)))) | AA10: =IF(M10<>"纳入","",IF(VALUE(F10)=6,"",IF(VALUE(F10)=3,0.5,IF(OR(AND(VALUE(F10)<3,P10=R10),AND(VALUE(F10)>3,Q10=R10)),1,0)))) | AB10: =IF(M10<>"纳入","",IF(VALUE(G10)=6,"",IF(VALUE(G10)=3,0.5,IF(OR(AND(VALUE(G10)<3,P10=R10),AND(VALUE(G10)>3,Q10=R10)),1,0)))) | AC10: =IF(M10<>"纳入","",IF(VALUE(H10)=6,"",IF(VALUE(H10)=3,0.5,IF(OR(AND(VALUE(H10)<3,P10=R10),AND(VALUE(H10)>3,Q10=R10)),1,0)))) | AD10: =IF(M10<>"纳入","",IF(VALUE(I10)=6,"",IF(VALUE(I10)=3,0.5,IF(OR(AND(VALUE(I10)<3,P10=R10),AND(VALUE(I10)>3,Q10=R10)),1,0))))
A11: Q01 | B11: 5 | C11: A 14 / B 15 / 评分 16 | L11: =SUM(IFERROR(IF(AND(VALUE(D11)>=1,VALUE(D11)<=6,MOD(VALUE(D11),1)=0),1,0),0),IFERROR(IF(AND(VALUE(E11)>=1,VALUE(E11)<=6,MOD(VALUE(E11),1)=0),1,0),0),IFERROR(IF(AND(VALUE(F11)>=1,VALUE(F11)<=6,MOD(VALUE(F11),1)=0),1,0),0),IFERROR(IF(AND(VALUE(G11)>=1,VALUE(G11)<=6,MOD(VALUE(G11),1)=0),1,0),0),IFERROR(IF(AND(VALUE(H11)>=1,VALUE(H11)<=6,MOD(VALUE(H11),1)=0),1,0),0),IFERROR(IF(AND(VALUE(I11)>=1,VALUE(I11)<=6,MOD(VALUE(I11),1)=0),1,0),0)) -> 0 | M11: ='参与者登记'!K7 -> 待回收 | N11: 模型 | O11: lwb_hidden_v2_01 | P11: GPT-5.6 Terra | Q11: Gemini 3.1 Flash Lite | R11: Gemini 3.1 Flash Lite | S11: GPT-5.6 Terra | T11: =IF(M11<>"纳入","",IF(VALUE(D11)=6,"",IF(VALUE(D11)=3,0.5,IF(OR(AND(VALUE(D11)<3,P11=R11),AND(VALUE(D11)>3,Q11=R11)),1,0)))) | U11: =IF(AND(M11="纳入",IFERROR(VALUE(D11),0)=6),1,0) -> 0 | V11: =IF(AND(M11="纳入",IFERROR(VALUE(D11),0)=3),1,0) -> 0 | W11: =IF(AND(M11="纳入",ISNUMBER(T11),T11=1),1,0) -> 0 | X11: =IF(AND(M11="纳入",ISNUMBER(T11),T11=0),1,0) -> 0 | Y11: =IF(AND(M11="纳入",ISNUMBER(T11)),1,0) -> 0 | Z11: =IF(M11<>"纳入","",IF(VALUE(E11)=6,"",IF(VALUE(E11)=3,0.5,IF(OR(AND(VALUE(E11)<3,P11=R11),AND(VALUE(E11)>3,Q11=R11)),1,0)))) | AA11: =IF(M11<>"纳入","",IF(VALUE(F11)=6,"",IF(VALUE(F11)=3,0.5,IF(OR(AND(VALUE(F11)<3,P11=R11),AND(VALUE(F11)>3,Q11=R11)),1,0)))) | AB11: =IF(M11<>"纳入","",IF(VALUE(G11)=6,"",IF(VALUE(G11)=3,0.5,IF(OR(AND(VALUE(G11)<3,P11=R11),AND(VALUE(G11)>3,Q11=R11)),1,0)))) | AC11: =IF(M11<>"纳入","",IF(VALUE(H11)=6,"",IF(VALUE(H11)=3,0.5,IF(OR(AND(VALUE(H11)<3,P11=R11),AND(VALUE(H11)>3,Q11=R11)),1,0)))) | AD11: =IF(M11<>"纳入","",IF(VALUE(I11)=6,"",IF(VALUE(I11)=3,0.5,IF(OR(AND(VALUE(I11)<3,P11=R11),AND(VALUE(I11)>3,Q11=R11)),1,0))))
A12: Q01 | B12: 6 | C12: A 17 / B 18 / 评分 19 | L12: =SUM(IFERROR(IF(AND(VALUE(D12)>=1,VALUE(D12)<=6,MOD(VALUE(D12),1)=0),1,0),0),IFERROR(IF(AND(VALUE(E12)>=1,VALUE(E12)<=6,MOD(VALUE(E12),1)=0),1,0),0),IFERROR(IF(AND(VALUE(F12)>=1,VALUE(F12)<=6,MOD(VALUE(F12),1)=0),1,0),0),IFERROR(IF(AND(VALUE(G12)>=1,VALUE(G12)<=6,MOD(VALUE(G12),1)=0),1,0),0),IFERROR(IF(AND(VALUE(H12)>=1,VALUE(H12)<=6,MOD(VALUE(H12),1)=0),1,0),0),IFERROR(IF(AND(VALUE(I12)>=1,VALUE(I12)<=6,MOD(VALUE(I12),1)=0),1,0),0)) -> 0 | M12: ='参与者登记'!K7 -> 待回收 | N12: 架构 | O12: clockwork_rain_conservatory | P12: 单次生成基线 | Q12: 完整 Agora | R12: 完整 Agora | S12: 单次生成基线 | T12: =IF(M12<>"纳入","",IF(VALUE(D12)=6,"",IF(VALUE(D12)=3,0.5,IF(OR(AND(VALUE(D12)<3,P12=R12),AND(VALUE(D12)>3,Q12=R12)),1,0)))) | U12: =IF(AND(M12="纳入",IFERROR(VALUE(D12),0)=6),1,0) -> 0 | V12: =IF(AND(M12="纳入",IFERROR(VALUE(D12),0)=3),1,0) -> 0 | W12: =IF(AND(M12="纳入",ISNUMBER(T12),T12=1),1,0) -> 0 | X12: =IF(AND(M12="纳入",ISNUMBER(T12),T12=0),1,0) -> 0 | Y12: =IF(AND(M12="纳入",ISNUMBER(T12)),1,0) -> 0 | Z12: =IF(M12<>"纳入","",IF(VALUE(E12)=6,"",IF(VALUE(E12)=3,0.5,IF(OR(AND(VALUE(E12)<3,P12=R12),AND(VALUE(E12)>3,Q12=R12)),1,0)))) | AA12: =IF(M12<>"纳入","",IF(VALUE(F12)=6,"",IF(VALUE(F12)=3,0.5,IF(OR(AND(VALUE(F12)<3,P12=R12),AND(VALUE(F12)>3,Q12=R12)),1,0)))) | AB12: =IF(M12<>"纳入","",IF(VALUE(G12)=6,"",IF(VALUE(G12)=3,0.5,IF(OR(AND(VALUE(G12)<3,P12=R12),AND(VALUE(G12)>3,Q12=R12)),1,0)))) | AC12: =IF(M12<>"纳入","",IF(VALUE(H12)=6,"",IF(VALUE(H12)=3,0.5,IF(OR(AND(VALUE(H12)<3,P12=R12),AND(VALUE(H12)>3,Q12=R12)),1,0)))) | AD12: =IF(M12<>"纳入","",IF(VALUE(I12)=6,"",IF(VALUE(I12)=3,0.5,IF(OR(AND(VALUE(I12)<3,P12=R12),AND(VALUE(I12)>3,Q12=R12)),1,0))))
A13: Q02 | B13: 1 | C13: A 2 / B 3 / 评分 4 | L13: =SUM(IFERROR(IF(AND(VALUE(D13)>=1,VALUE(D13)<=6,MOD(VALUE(D13),1)=0),1,0),0),IFERROR(IF(AND(VALUE(E13)>=1,VALUE(E13)<=6,MOD(VALUE(E13),1)=0),1,0),0),IFERROR(IF(AND(VALUE(F13)>=1,VALUE(F13)<=6,MOD(VALUE(F13),1)=0),1,0),0),IFERROR(IF(AND(VALUE(G13)>=1,VALUE(G13)<=6,MOD(VALUE(G13),1)=0),1,0),0),IFERROR(IF(AND(VALUE(H13)>=1,VALUE(H13)<=6,MOD(VALUE(H13),1)=0),1,0),0),IFERROR(IF(AND(VALUE(I13)>=1,VALUE(I13)<=6,MOD(VALUE(I13),1)=0),1,0),0)) -> 0 | M13: ='参与者登记'!K8 -> 待回收 | N13: 模型 | O13: lwb_hidden_v2_02 | P13: Gemini 3.1 Pro Preview | Q13: Gemini 2.5 Flash | R13: Gemini 2.5 Flash | S13: Gemini 3.1 Pro Preview | T13: =IF(M13<>"纳入","",IF(VALUE(D13)=6,"",IF(VALUE(D13)=3,0.5,IF(OR(AND(VALUE(D13)<3,P13=R13),AND(VALUE(D13)>3,Q13=R13)),1,0)))) | U13: =IF(AND(M13="纳入",IFERROR(VALUE(D13),0)=6),1,0) -> 0 | V13: =IF(AND(M13="纳入",IFERROR(VALUE(D13),0)=3),1,0) -> 0 | W13: =IF(AND(M13="纳入",ISNUMBER(T13),T13=1),1,0) -> 0 | X13: =IF(AND(M13="纳入",ISNUMBER(T13),T13=0),1,0) -> 0 | Y13: =IF(AND(M13="纳入",ISNUMBER(T13)),1,0) -> 0 | Z13: =IF(M13<>"纳入","",IF(VALUE(E13)=6,"",IF(VALUE(E13)=3,0.5,IF(OR(AND(VALUE(E13)<3,P13=R13),AND(VALUE(E13)>3,Q13=R13)),1,0)))) | AA13: =IF(M13<>"纳入","",IF(VALUE(F13)=6,"",IF(VALUE(F13)=3,0.5,IF(OR(AND(VALUE(F13)<3,P13=R13),AND(VALUE(F13)>3,Q13=R13)),1,0)))) | AB13: =IF(M13<>"纳入","",IF(VALUE(G13)=6,"",IF(VALUE(G13)=3,0.5,IF(OR(AND(VALUE(G13)<3,P13=R13),AND(VALUE(G13)>3,Q13=R13)),1,0)))) | AC13: =IF(M13<>"纳入","",IF(VALUE(H13)=6,"",IF(VALUE(H13)=3,0.5,IF(OR(AND(VALUE(H13)<3,P13=R13),AND(VALUE(H13)>3,Q13=R13)),1,0)))) | AD13: =IF(M13<>"纳入","",IF(VALUE(I13)=6,"",IF(VALUE(I13)=3,0.5,IF(OR(AND(VALUE(I13)<3,P13=R13),AND(VALUE(I13)>3,Q13=R13)),1,0))))
A14: Q02 | B14: 2 | C14: A 5 / B 6 / 评分 7 | L14: =SUM(IFERROR(IF(AND(VALUE(D14)>=1,VALUE(D14)<=6,MOD(VALUE(D14),1)=0),1,0),0),IFERROR(IF(AND(VALUE(E14)>=1,VALUE(E14)<=6,MOD(VALUE(E14),1)=0),1,0),0),IFERROR(IF(AND(VALUE(F14)>=1,VALUE(F14)<=6,MOD(VALUE(F14),1)=0),1,0),0),IFERROR(IF(AND(VALUE(G14)>=1,VALUE(G14)<=6,MOD(VALUE(G14),1)=0),1,0),0),IFERROR(IF(AND(VALUE(H14)>=1,VALUE(H14)<=6,MOD(VALUE(H14),1)=0),1,0),0),IFERROR(IF(AND(VALUE(I14)>=1,VALUE(I14)<=6,MOD(VALUE(I14),1)=0),1,0),0)) -> 0 | M14: ='参与者登记'!K8 -> 待回收 | N14: 架构 | O14: mycelium_patent_bazaar | P14: 完整 Agora | Q14: 单次生成基线 | R14: 完整 Agora | S14: 单次生成基线 | T14: =IF(M14<>"纳入","",IF(VALUE(D14)=6,"",IF(VALUE(D14)=3,0.5,IF(OR(AND(VALUE(D14)<3,P14=R14),AND(VALUE(D14)>3,Q14=R14)),1,0)))) | U14: =IF(AND(M14="纳入",IFERROR(VALUE(D14),0)=6),1,0) -> 0 | V14: =IF(AND(M14="纳入",IFERROR(VALUE(D14),0)=3),1,0) -> 0 | W14: =IF(AND(M14="纳入",ISNUMBER(T14),T14=1),1,0) -> 0 | X14: =IF(AND(M14="纳入",ISNUMBER(T14),T14=0),1,0) -> 0 | Y14: =IF(AND(M14="纳入",ISNUMBER(T14)),1,0) -> 0 | Z14: =IF(M14<>"纳入","",IF(VALUE(E14)=6,"",IF(VALUE(E14)=3,0.5,IF(OR(AND(VALUE(E14)<3,P14=R14),AND(VALUE(E14)>3,Q14=R14)),1,0)))) | AA14: =IF(M14<>"纳入","",IF(VALUE(F14)=6,"",IF(VALUE(F14)=3,0.5,IF(OR(AND(VALUE(F14)<3,P14=R14),AND(VALUE(F14)>3,Q14=R14)),1,0)))) | AB14: =IF(M14<>"纳入","",IF(VALUE(G14)=6,"",IF(VALUE(G14)=3,0.5,IF(OR(AND(VALUE(G14)<3,P14=R14),AND(VALUE(G14)>3,Q14=R14)),1,0)))) | AC14: =IF(M14<>"纳入","",IF(VALUE(H14)=6,"",IF(VALUE(H14)=3,0.5,IF(OR(AND(VALUE(H14)<3,P14=R14),AND(VALUE(H14)>3,Q14=R14)),1,0)))) | AD14: =IF(M14<>"纳入","",IF(VALUE(I14)=6,"",IF(VALUE(I14)=3,0.5,IF(OR(AND(VALUE(I14)<3,P14=R14),AND(VALUE(I14)>3,Q14=R14)),1,0))))
A15: Q02 | B15: 3 | C15: A 8 / B 9 / 评分 10 | L15: =SUM(IFERROR(IF(AND(VALUE(D15)>=1,VALUE(D15)<=6,MOD(VALUE(D15),1)=0),1,0),0),IFERROR(IF(AND(VALUE(E15)>=1,VALUE(E15)<=6,MOD(VALUE(E15),1)=0),1,0),0),IFERROR(IF(AND(VALUE(F15)>=1,VALUE(F15)<=6,MOD(VALUE(F15),1)=0),1,0),0),IFERROR(IF(AND(VALUE(G15)>=1,VALUE(G15)<=6,MOD(VALUE(G15),1)=0),1,0),0),IFERROR(IF(AND(VALUE(H15)>=1,VALUE(H15)<=6,MOD(VALUE(H15),1)=0),1,0),0),IFERROR(IF(AND(VALUE(I15)>=1,VALUE(I15)<=6,MOD(VALUE(I15),1)=0),1,0),0)) -> 0 | M15: ='参与者登记'!K8 -> 待回收 | N15: 模型 | O15: lwb_hidden_v2_01 | P15: Gemini 3.5 Flash Lite | Q15: Gemini 2.5 Flash | R15: Gemini 2.5 Flash | S15: Gemini 3.5 Flash Lite | T15: =IF(M15<>"纳入","",IF(VALUE(D15)=6,"",IF(VALUE(D15)=3,0.5,IF(OR(AND(VALUE(D15)<3,P15=R15),AND(VALUE(D15)>3,Q15=R15)),1,0)))) | U15: =IF(AND(M15="纳入",IFERROR(VALUE(D15),0)=6),1,0) -> 0 | V15: =IF(AND(M15="纳入",IFERROR(VALUE(D15),0)=3),1,0) -> 0 | W15: =IF(AND(M15="纳入",ISNUMBER(T15),T15=1),1,0) -> 0 | X15: =IF(AND(M15="纳入",ISNUMBER(T15),T15=0),1,0) -> 0 | Y15: =IF(AND(M15="纳入",ISNUMBER(T15)),1,0) -> 0 | Z15: =IF(M15<>"纳入","",IF(VALUE(E15)=6,"",IF(VALUE(E15)=3,0.5,IF(OR(AND(VALUE(E15)<3,P15=R15),AND(VALUE(E15)>3,Q15=R15)),1,0)))) | AA15: =IF(M15<>"纳入","",IF(VALUE(F15)=6,"",IF(VALUE(F15)=3,0.5,IF(OR(AND(VALUE(F15)<3,P15=R15),AND(VALUE(F15)>3,Q15=R15)),1,0)))) | AB15: =IF(M15<>"纳入","",IF(VALUE(G15)=6,"",IF(VALUE(G15)=3,0.5,IF(OR(AND(VALUE(G15)<3,P15=R15),AND(VALUE(G15)>3,Q15=R15)),1,0)))) | AC15: =IF(M15<>"纳入","",IF(VALUE(H15)=6,"",IF(VALUE(H15)=3,0.5,IF(OR(AND(VALUE(H15)<3,P15=R15),AND(VALUE(H15)>3,Q15=R15)),1,0)))) | AD15: =IF(M15<>"纳入","",IF(VALUE(I15)=6,"",IF(VALUE(I15)=3,0.5,IF(OR(AND(VALUE(I15)<3,P15=R15),AND(VALUE(I15)>3,Q15=R15)),1,0))))
A16: Q02 | B16: 4 | C16: A 11 / B 12 / 评分 13 | L16: =SUM(IFERROR(IF(AND(VALUE(D16)>=1,VALUE(D16)<=6,MOD(VALUE(D16),1)=0),1,0),0),IFERROR(IF(AND(VALUE(E16)>=1,VALUE(E16)<=6,MOD(VALUE(E16),1)=0),1,0),0),IFERROR(IF(AND(VALUE(F16)>=1,VALUE(F16)<=6,MOD(VALUE(F16),1)=0),1,0),0),IFERROR(IF(AND(VALUE(G16)>=1,VALUE(G16)<=6,MOD(VALUE(G16),1)=0),1,0),0),IFERROR(IF(AND(VALUE(H16)>=1,VALUE(H16)<=6,MOD(VALUE(H16),1)=0),1,0),0),IFERROR(IF(AND(VALUE(I16)>=1,VALUE(I16)<=6,MOD(VALUE(I16),1)=0),1,0),0)) -> 0 | M16: ='参与者登记'!K8 -> 待回收 | N16: 模型 | O16: lwb_hidden_v2_01 | P16: GPT-5.6 Sol | Q16: Gemini 3.7 Flash | R16: Gemini 3.7 Flash | S16: GPT-5.6 Sol | T16: =IF(M16<>"纳入","",IF(VALUE(D16)=6,"",IF(VALUE(D16)=3,0.5,IF(OR(AND(VALUE(D16)<3,P16=R16),AND(VALUE(D16)>3,Q16=R16)),1,0)))) | U16: =IF(AND(M16="纳入",IFERROR(VALUE(D16),0)=6),1,0) -> 0 | V16: =IF(AND(M16="纳入",IFERROR(VALUE(D16),0)=3),1,0) -> 0 | W16: =IF(AND(M16="纳入",ISNUMBER(T16),T16=1),1,0) -> 0 | X16: =IF(AND(M16="纳入",ISNUMBER(T16),T16=0),1,0) -> 0 | Y16: =IF(AND(M16="纳入",ISNUMBER(T16)),1,0) -> 0 | Z16: =IF(M16<>"纳入","",IF(VALUE(E16)=6,"",IF(VALUE(E16)=3,0.5,IF(OR(AND(VALUE(E16)<3,P16=R16),AND(VALUE(E16)>3,Q16=R16)),1,0)))) | AA16: =IF(M16<>"纳入","",IF(VALUE(F16)=6,"",IF(VALUE(F16)=3,0.5,IF(OR(AND(VALUE(F16)<3,P16=R16),AND(VALUE(F16)>3,Q16=R16)),1,0)))) | AB16: =IF(M16<>"纳入","",IF(VALUE(G16)=6,"",IF(VALUE(G16)=3,0.5,IF(OR(AND(VALUE(G16)<3,P16=R16),AND(VALUE(G16)>3,Q16=R16)),1,0)))) | AC16: =IF(M16<>"纳入","",IF(VALUE(H16)=6,"",IF(VALUE(H16)=3,0.5,IF(OR(AND(VALUE(H16)<3,P16=R16),AND(VALUE(H16)>3,Q16=R16)),1,0)))) | AD16: =IF(M16<>"纳入","",IF(VALUE(I16)=6,"",IF(VALUE(I16)=3,0.5,IF(OR(AND(VALUE(I16)<3,P16=R16),AND(VALUE(I16)>3,Q16=R16)),1,0))))
A17: Q02 | B17: 5 | C17: A 14 / B 15 / 评分 16 | L17: =SUM(IFERROR(IF(AND(VALUE(D17)>=1,VALUE(D17)<=6,MOD(VALUE(D17),1)=0),1,0),0),IFERROR(IF(AND(VALUE(E17)>=1,VALUE(E17)<=6,MOD(VALUE(E17),1)=0),1,0),0),IFERROR(IF(AND(VALUE(F17)>=1,VALUE(F17)<=6,MOD(VALUE(F17),1)=0),1,0),0),IFERROR(IF(AND(VALUE(G17)>=1,VALUE(G17)<=6,MOD(VALUE(G17),1)=0),1,0),0),IFERROR(IF(AND(VALUE(H17)>=1,VALUE(H17)<=6,MOD(VALUE(H17),1)=0),1,0),0),IFERROR(IF(AND(VALUE(I17)>=1,VALUE(I17)<=6,MOD(VALUE(I17),1)=0),1,0),0)) -> 0 | M17: ='参与者登记'!K8 -> 待回收 | N17: 架构 | O17: aurora_court_of_migrating_cities | P17: 单次生成基线 | Q17: 完整 Agora | R17: 完整 Agora | S17: 单次生成基线 | T17: =IF(M17<>"纳入","",IF(VALUE(D17)=6,"",IF(VALUE(D17)=3,0.5,IF(OR(AND(VALUE(D17)<3,P17=R17),AND(VALUE(D17)>3,Q17=R17)),1,0)))) | U17: =IF(AND(M17="纳入",IFERROR(VALUE(D17),0)=6),1,0) -> 0 | V17: =IF(AND(M17="纳入",IFERROR(VALUE(D17),0)=3),1,0) -> 0 | W17: =IF(AND(M17="纳入",ISNUMBER(T17),T17=1),1,0) -> 0 | X17: =IF(AND(M17="纳入",ISNUMBER(T17),T17=0),1,0) -> 0 | Y17: =IF(AND(M17="纳入",ISNUMBER(T17)),1,0) -> 0 | Z17: =IF(M17<>"纳入","",IF(VALUE(E17)=6,"",IF(VALUE(E17)=3,0.5,IF(OR(AND(VALUE(E17)<3,P17=R17),AND(VALUE(E17)>3,Q17=R17)),1,0)))) | AA17: =IF(M17<>"纳入","",IF(VALUE(F17)=6,"",IF(VALUE(F17)=3,0.5,IF(OR(AND(VALUE(F17)<3,P17=R17),AND(VALUE(F17)>3,Q17=R17)),1,0)))) | AB17: =IF(M17<>"纳入","",IF(VALUE(G17)=6,"",IF(VALUE(G17)=3,0.5,IF(OR(AND(VALUE(G17)<3,P17=R17),AND(VALUE(G17)>3,Q17=R17)),1,0)))) | AC17: =IF(M17<>"纳入","",IF(VALUE(H17)=6,"",IF(VALUE(H17)=3,0.5,IF(OR(AND(VALUE(H17)<3,P17=R17),AND(VALUE(H17)>3,Q17=R17)),1,0)))) | AD17: =IF(M17<>"纳入","",IF(VALUE(I17)=6,"",IF(VALUE(I17)=3,0.5,IF(OR(AND(VALUE(I17)<3,P17=R17),AND(VALUE(I17)>3,Q17=R17)),1,0))))
A18: Q02 | B18: 6 | C18: A 17 / B 18 / 评分 19 | L18: =SUM(IFERROR(IF(AND(VALUE(D18)>=1,VALUE(D18)<=6,MOD(VALUE(D18),1)=0),1,0),0),IFERROR(IF(AND(VALUE(E18)>=1,VALUE(E18)<=6,MOD(VALUE(E18),1)=0),1,0),0),IFERROR(IF(AND(VALUE(F18)>=1,VALUE(F18)<=6,MOD(VALUE(F18),1)=0),1,0),0),IFERROR(IF(AND(VALUE(G18)>=1,VALUE(G18)<=6,MOD(VALUE(G18),1)=0),1,0),0),IFERROR(IF(AND(VALUE(H18)>=1,VALUE(H18)<=6,MOD(VALUE(H18),1)=0),1,0),0),IFERROR(IF(AND(VALUE(I18)>=1,VALUE(I18)<=6,MOD(VALUE(I18),1)=0),1,0),0)) -> 0 | M18: ='参与者登记'!K8 -> 待回收 | N18: 模型 | O18: lwb_hidden_v2_03 | P18: Gemini 3.7 Flash | Q18: GPT-5.6 Sol | R18: Gemini 3.7 Flash | S18: GPT-5.6 Sol | T18: =IF(M18<>"纳入","",IF(VALUE(D18)=6,"",IF(VALUE(D18)=3,0.5,IF(OR(AND(VALUE(D18)<3,P18=R18),AND(VALUE(D18)>3,Q18=R18)),1,0)))) | U18: =IF(AND(M18="纳入",IFERROR(VALUE(D18),0)=6),1,0) -> 0 | V18: =IF(AND(M18="纳入",IFERROR(VALUE(D18),0)=3),1,0) -> 0 | W18: =IF(AND(M18="纳入",ISNUMBER(T18),T18=1),1,0) -> 0 | X18: =IF(AND(M18="纳入",ISNUMBER(T18),T18=0),1,0) -> 0 | Y18: =IF(AND(M18="纳入",ISNUMBER(T18)),1,0) -> 0 | Z18: =IF(M18<>"纳入","",IF(VALUE(E18)=6,"",IF(VALUE(E18)=3,0.5,IF(OR(AND(VALUE(E18)<3,P18=R18),AND(VALUE(E18)>3,Q18=R18)),1,0)))) | AA18: =IF(M18<>"纳入","",IF(VALUE(F18)=6,"",IF(VALUE(F18)=3,0.5,IF(OR(AND(VALUE(F18)<3,P18=R18),AND(VALUE(F18)>3,Q18=R18)),1,0)))) | AB18: =IF(M18<>"纳入","",IF(VALUE(G18)=6,"",IF(VALUE(G18)=3,0.5,IF(OR(AND(VALUE(G18)<3,P18=R18),AND(VALUE(G18)>3,Q18=R18)),1,0)))) | AC18: =IF(M18<>"纳入","",IF(VALUE(H18)=6,"",IF(VALUE(H18)=3,0.5,IF(OR(AND(VALUE(H18)<3,P18=R18),AND(VALUE(H18)>3,Q18=R18)),1,0)))) | AD18: =IF(M18<>"纳入","",IF(VALUE(I18)=6,"",IF(VALUE(I18)=3,0.5,IF(OR(AND(VALUE(I18)<3,P18=R18),AND(VALUE(I18)>3,Q18=R18)),1,0))))
A19: Q03 | B19: 1 | C19: A 2 / B 3 / 评分 4 | L19: =SUM(IFERROR(IF(AND(VALUE(D19)>=1,VALUE(D19)<=6,MOD(VALUE(D19),1)=0),1,0),0),IFERROR(IF(AND(VALUE(E19)>=1,VALUE(E19)<=6,MOD(VALUE(E19),1)=0),1,0),0),IFERROR(IF(AND(VALUE(F19)>=1,VALUE(F19)<=6,MOD(VALUE(F19),1)=0),1,0),0),IFERROR(IF(AND(VALUE(G19)>=1,VALUE(G19)<=6,MOD(VALUE(G19),1)=0),1,0),0),IFERROR(IF(AND(VALUE(H19)>=1,VALUE(H19)<=6,MOD(VALUE(H19),1)=0),1,0),0),IFERROR(IF(AND(VALUE(I19)>=1,VALUE(I19)<=6,MOD(VALUE(I19),1)=0),1,0),0)) -> 0 | M19: ='参与者登记'!K9 -> 待回收 | N19: 架构 | O19: night_market_of_unfinished_weather | P19: 完整 Agora | Q19: 单次生成基线 | R19: 完整 Agora | S19: 单次生成基线 | T19: =IF(M19<>"纳入","",IF(VALUE(D19)=6,"",IF(VALUE(D19)=3,0.5,IF(OR(AND(VALUE(D19)<3,P19=R19),AND(VALUE(D19)>3,Q19=R19)),1,0)))) | U19: =IF(AND(M19="纳入",IFERROR(VALUE(D19),0)=6),1,0) -> 0 | V19: =IF(AND(M19="纳入",IFERROR(VALUE(D19),0)=3),1,0) -> 0 | W19: =IF(AND(M19="纳入",ISNUMBER(T19),T19=1),1,0) -> 0 | X19: =IF(AND(M19="纳入",ISNUMBER(T19),T19=0),1,0) -> 0 | Y19: =IF(AND(M19="纳入",ISNUMBER(T19)),1,0) -> 0 | Z19: =IF(M19<>"纳入","",IF(VALUE(E19)=6,"",IF(VALUE(E19)=3,0.5,IF(OR(AND(VALUE(E19)<3,P19=R19),AND(VALUE(E19)>3,Q19=R19)),1,0)))) | AA19: =IF(M19<>"纳入","",IF(VALUE(F19)=6,"",IF(VALUE(F19)=3,0.5,IF(OR(AND(VALUE(F19)<3,P19=R19),AND(VALUE(F19)>3,Q19=R19)),1,0)))) | AB19: =IF(M19<>"纳入","",IF(VALUE(G19)=6,"",IF(VALUE(G19)=3,0.5,IF(OR(AND(VALUE(G19)<3,P19=R19),AND(VALUE(G19)>3,Q19=R19)),1,0)))) | AC19: =IF(M19<>"纳入","",IF(VALUE(H19)=6,"",IF(VALUE(H19)=3,0.5,IF(OR(AND(VALUE(H19)<3,P19=R19),AND(VALUE(H19)>3,Q19=R19)),1,0)))) | AD19: =IF(M19<>"纳入","",IF(VALUE(I19)=6,"",IF(VALUE(I19)=3,0.5,IF(OR(AND(VALUE(I19)<3,P19=R19),AND(VALUE(I19)>3,Q19=R19)),1,0))))
A20: Q03 | B20: 2 | C20: A 5 / B 6 / 评分 7 | L20: =SUM(IFERROR(IF(AND(VALUE(D20)>=1,VALUE(D20)<=6,MOD(VALUE(D20),1)=0),1,0),0),IFERROR(IF(AND(VALUE(E20)>=1,VALUE(E20)<=6,MOD(VALUE(E20),1)=0),1,0),0),IFERROR(IF(AND(VALUE(F20)>=1,VALUE(F20)<=6,MOD(VALUE(F20),1)=0),1,0),0),IFERROR(IF(AND(VALUE(G20)>=1,VALUE(G20)<=6,MOD(VALUE(G20),1)=0),1,0),0),IFERROR(IF(AND(VALUE(H20)>=1,VALUE(H20)<=6,MOD(VALUE(H20),1)=0),1,0),0),IFERROR(IF(AND(VALUE(I20)>=1,VALUE(I20)<=6,MOD(VALUE(I20),1)=0),1,0),0)) -> 0 | M20: ='参与者登记'!K9 -> 待回收 | N20: 模型 | O20: lwb_hidden_v2_01 | P20: Gemini 2.5 Flash | Q20: GPT-5.6 Sol | R20: Gemini 2.5 Flash | S20: GPT-5.6 Sol | T20: =IF(M20<>"纳入","",IF(VALUE(D20)=6,"",IF(VALUE(D20)=3,0.5,IF(OR(AND(VALUE(D20)<3,P20=R20),AND(VALUE(D20)>3,Q20=R20)),1,0)))) | U20: =IF(AND(M20="纳入",IFERROR(VALUE(D20),0)=6),1,0) -> 0 | V20: =IF(AND(M20="纳入",IFERROR(VALUE(D20),0)=3),1,0) -> 0 | W20: =IF(AND(M20="纳入",ISNUMBER(T20),T20=1),1,0) -> 0 | X20: =IF(AND(M20="纳入",ISNUMBER(T20),T20=0),1,0) -> 0 | Y20: =IF(AND(M20="纳入",ISNUMBER(T20)),1,0) -> 0 | Z20: =IF(M20<>"纳入","",IF(VALUE(E20)=6,"",IF(VALUE(E20)=3,0.5,IF(OR(AND(VALUE(E20)<3,P20=R20),AND(VALUE(E20)>3,Q20=R20)),1,0)))) | AA20: =IF(M20<>"纳入","",IF(VALUE(F20)=6,"",IF(VALUE(F20)=3,0.5,IF(OR(AND(VALUE(F20)<3,P20=R20),AND(VALUE(F20)>3,Q20=R20)),1,0)))) | AB20: =IF(M20<>"纳入","",IF(VALUE(G20)=6,"",IF(VALUE(G20)=3,0.5,IF(OR(AND(VALUE(G20)<3,P20=R20),AND(VALUE(G20)>3,Q20=R20)),1,0)))) | AC20: =IF(M20<>"纳入","",IF(VALUE(H20)=6,"",IF(VALUE(H20)=3,0.5,IF(OR(AND(VALUE(H20)<3,P20=R20),AND(VALUE(H20)>3,Q20=R20)),1,0)))) | AD20: =IF(M20<>"纳入","",IF(VALUE(I20)=6,"",IF(VALUE(I20)=3,0.5,IF(OR(AND(VALUE(I20)<3,P20=R20),AND(VALUE(I20)>3,Q20=R20)),1,0))))
A21: Q03 | B21: 3 | C21: A 8 / B 9 / 评分 10 | L21: =SUM(IFERROR(IF(AND(VALUE(D21)>=1,VALUE(D21)<=6,MOD(VALUE(D21),1)=0),1,0),0),IFERROR(IF(AND(VALUE(E21)>=1,VALUE(E21)<=6,MOD(VALUE(E21),1)=0),1,0),0),IFERROR(IF(AND(VALUE(F21)>=1,VALUE(F21)<=6,MOD(VALUE(F21),1)=0),1,0),0),IFERROR(IF(AND(VALUE(G21)>=1,VALUE(G21)<=6,MOD(VALUE(G21),1)=0),1,0),0),IFERROR(IF(AND(VALUE(H21)>=1,VALUE(H21)<=6,MOD(VALUE(H21),1)=0),1,0),0),IFERROR(IF(AND(VALUE(I21)>=1,VALUE(I21)<=6,MOD(VALUE(I21),1)=0),1,0),0)) -> 0 | M21: ='参与者登记'!K9 -> 待回收 | N21: 模型 | O21: lwb_hidden_v2_03 | P21: Gemini 3.1 Flash Lite | Q21: GPT-5.6 Sol | R21: Gemini 3.1 Flash Lite | S21: GPT-5.6 Sol | T21: =IF(M21<>"纳入","",IF(VALUE(D21)=6,"",IF(VALUE(D21)=3,0.5,IF(OR(AND(VALUE(D21)<3,P21=R21),AND(VALUE(D21)>3,Q21=R21)),1,0)))) | U21: =IF(AND(M21="纳入",IFERROR(VALUE(D21),0)=6),1,0) -> 0 | V21: =IF(AND(M21="纳入",IFERROR(VALUE(D21),0)=3),1,0) -> 0 | W21: =IF(AND(M21="纳入",ISNUMBER(T21),T21=1),1,0) -> 0 | X21: =IF(AND(M21="纳入",ISNUMBER(T21),T21=0),1,0) -> 0 | Y21: =IF(AND(M21="纳入",ISNUMBER(T21)),1,0) -> 0 | Z21: =IF(M21<>"纳入","",IF(VALUE(E21)=6,"",IF(VALUE(E21)=3,0.5,IF(OR(AND(VALUE(E21)<3,P21=R21),AND(VALUE(E21)>3,Q21=R21)),1,0)))) | AA21: =IF(M21<>"纳入","",IF(VALUE(F21)=6,"",IF(VALUE(F21)=3,0.5,IF(OR(AND(VALUE(F21)<3,P21=R21),AND(VALUE(F21)>3,Q21=R21)),1,0)))) | AB21: =IF(M21<>"纳入","",IF(VALUE(G21)=6,"",IF(VALUE(G21)=3,0.5,IF(OR(AND(VALUE(G21)<3,P21=R21),AND(VALUE(G21)>3,Q21=R21)),1,0)))) | AC21: =IF(M21<>"纳入","",IF(VALUE(H21)=6,"",IF(VALUE(H21)=3,0.5,IF(OR(AND(VALUE(H21)<3,P21=R21),AND(VALUE(H21)>3,Q21=R21)),1,0)))) | AD21: =IF(M21<>"纳入","",IF(VALUE(I21)=6,"",IF(VALUE(I21)=3,0.5,IF(OR(AND(VALUE(I21)<3,P21=R21),AND(VALUE(I21)>3,Q21=R21)),1,0))))
A22: Q03 | B22: 4 | C22: A 11 / B 12 / 评分 13 | L22: =SUM(IFERROR(IF(AND(VALUE(D22)>=1,VALUE(D22)<=6,MOD(VALUE(D22),1)=0),1,0),0),IFERROR(IF(AND(VALUE(E22)>=1,VALUE(E22)<=6,MOD(VALUE(E22),1)=0),1,0),0),IFERROR(IF(AND(VALUE(F22)>=1,VALUE(F22)<=6,MOD(VALUE(F22),1)=0),1,0),0),IFERROR(IF(AND(VALUE(G22)>=1,VALUE(G22)<=6,MOD(VALUE(G22),1)=0),1,0),0),IFERROR(IF(AND(VALUE(H22)>=1,VALUE(H22)<=6,MOD(VALUE(H22),1)=0),1,0),0),IFERROR(IF(AND(VALUE(I22)>=1,VALUE(I22)<=6,MOD(VALUE(I22),1)=0),1,0),0)) -> 0 | M22: ='参与者登记'!K9 -> 待回收 | N22: 架构 | O22: archive_of_borrowed_gravity | P22: 单次生成基线 | Q22: 完整 Agora | R22: 完整 Agora | S22: 单次生成基线 | T22: =IF(M22<>"纳入","",IF(VALUE(D22)=6,"",IF(VALUE(D22)=3,0.5,IF(OR(AND(VALUE(D22)<3,P22=R22),AND(VALUE(D22)>3,Q22=R22)),1,0)))) | U22: =IF(AND(M22="纳入",IFERROR(VALUE(D22),0)=6),1,0) -> 0 | V22: =IF(AND(M22="纳入",IFERROR(VALUE(D22),0)=3),1,0) -> 0 | W22: =IF(AND(M22="纳入",ISNUMBER(T22),T22=1),1,0) -> 0 | X22: =IF(AND(M22="纳入",ISNUMBER(T22),T22=0),1,0) -> 0 | Y22: =IF(AND(M22="纳入",ISNUMBER(T22)),1,0) -> 0 | Z22: =IF(M22<>"纳入","",IF(VALUE(E22)=6,"",IF(VALUE(E22)=3,0.5,IF(OR(AND(VALUE(E22)<3,P22=R22),AND(VALUE(E22)>3,Q22=R22)),1,0)))) | AA22: =IF(M22<>"纳入","",IF(VALUE(F22)=6,"",IF(VALUE(F22)=3,0.5,IF(OR(AND(VALUE(F22)<3,P22=R22),AND(VALUE(F22)>3,Q22=R22)),1,0)))) | AB22: =IF(M22<>"纳入","",IF(VALUE(G22)=6,"",IF(VALUE(G22)=3,0.5,IF(OR(AND(VALUE(G22)<3,P22=R22),AND(VALUE(G22)>3,Q22=R22)),1,0)))) | AC22: =IF(M22<>"纳入","",IF(VALUE(H22)=6,"",IF(VALUE(H22)=3,0.5,IF(OR(AND(VALUE(H22)<3,P22=R22),AND(VALUE(H22)>3,Q22=R22)),1,0)))) | AD22: =IF(M22<>"纳入","",IF(VALUE(I22)=6,"",IF(VALUE(I22)=3,0.5,IF(OR(AND(VALUE(I22)<3,P22=R22),AND(VALUE(I22)>3,Q22=R22)),1,0))))
A23: Q03 | B23: 5 | C23: A 14 / B 15 / 评分 16 | L23: =SUM(IFERROR(IF(AND(VALUE(D23)>=1,VALUE(D23)<=6,MOD(VALUE(D23),1)=0),1,0),0),IFERROR(IF(AND(VALUE(E23)>=1,VALUE(E23)<=6,MOD(VALUE(E23),1)=0),1,0),0),IFERROR(IF(AND(VALUE(F23)>=1,VALUE(F23)<=6,MOD(VALUE(F23),1)=0),1,0),0),IFERROR(IF(AND(VALUE(G23)>=1,VALUE(G23)<=6,MOD(VALUE(G23),1)=0),1,0),0),IFERROR(IF(AND(VALUE(H23)>=1,VALUE(H23)<=6,MOD(VALUE(H23),1)=0),1,0),0),IFERROR(IF(AND(VALUE(I23)>=1,VALUE(I23)<=6,MOD(VALUE(I23),1)=0),1,0),0)) -> 0 | M23: ='参与者登记'!K9 -> 待回收 | N23: 模型 | O23: lwb_hidden_v2_01 | P23: Gemini 3.5 Flash Lite | Q23: Gemini 3.1 Pro Preview | R23: Gemini 3.1 Pro Preview | S23: Gemini 3.5 Flash Lite | T23: =IF(M23<>"纳入","",IF(VALUE(D23)=6,"",IF(VALUE(D23)=3,0.5,IF(OR(AND(VALUE(D23)<3,P23=R23),AND(VALUE(D23)>3,Q23=R23)),1,0)))) | U23: =IF(AND(M23="纳入",IFERROR(VALUE(D23),0)=6),1,0) -> 0 | V23: =IF(AND(M23="纳入",IFERROR(VALUE(D23),0)=3),1,0) -> 0 | W23: =IF(AND(M23="纳入",ISNUMBER(T23),T23=1),1,0) -> 0 | X23: =IF(AND(M23="纳入",ISNUMBER(T23),T23=0),1,0) -> 0 | Y23: =IF(AND(M23="纳入",ISNUMBER(T23)),1,0) -> 0 | Z23: =IF(M23<>"纳入","",IF(VALUE(E23)=6,"",IF(VALUE(E23)=3,0.5,IF(OR(AND(VALUE(E23)<3,P23=R23),AND(VALUE(E23)>3,Q23=R23)),1,0)))) | AA23: =IF(M23<>"纳入","",IF(VALUE(F23)=6,"",IF(VALUE(F23)=3,0.5,IF(OR(AND(VALUE(F23)<3,P23=R23),AND(VALUE(F23)>3,Q23=R23)),1,0)))) | AB23: =IF(M23<>"纳入","",IF(VALUE(G23)=6,"",IF(VALUE(G23)=3,0.5,IF(OR(AND(VALUE(G23)<3,P23=R23),AND(VALUE(G23)>3,Q23=R23)),1,0)))) | AC23: =IF(M23<>"纳入","",IF(VALUE(H23)=6,"",IF(VALUE(H23)=3,0.5,IF(OR(AND(VALUE(H23)<3,P23=R23),AND(VALUE(H23)>3,Q23=R23)),1,0)))) | AD23: =IF(M23<>"纳入","",IF(VALUE(I23)=6,"",IF(VALUE(I23)=3,0.5,IF(OR(AND(VALUE(I23)<3,P23=R23),AND(VALUE(I23)>3,Q23=R23)),1,0))))
A24: Q03 | B24: 6 | C24: A 17 / B 18 / 评分 19 | L24: =SUM(IFERROR(IF(AND(VALUE(D24)>=1,VALUE(D24)<=6,MOD(VALUE(D24),1)=0),1,0),0),IFERROR(IF(AND(VALUE(E24)>=1,VALUE(E24)<=6,MOD(VALUE(E24),1)=0),1,0),0),IFERROR(IF(AND(VALUE(F24)>=1,VALUE(F24)<=6,MOD(VALUE(F24),1)=0),1,0),0),IFERROR(IF(AND(VALUE(G24)>=1,VALUE(G24)<=6,MOD(VALUE(G24),1)=0),1,0),0),IFERROR(IF(AND(VALUE(H24)>=1,VALUE(H24)<=6,MOD(VALUE(H24),1)=0),1,0),0),IFERROR(IF(AND(VALUE(I24)>=1,VALUE(I24)<=6,MOD(VALUE(I24),1)=0),1,0),0)) -> 0 | M24: ='参与者登记'!K9 -> 待回收 | N24: 模型 | O24: lwb_hidden_v2_02 | P24: Gemini 3.7 Flash | Q24: GPT-5.6 Sol | R24: Gemini 3.7 Flash | S24: GPT-5.6 Sol | T24: =IF(M24<>"纳入","",IF(VALUE(D24)=6,"",IF(VALUE(D24)=3,0.5,IF(OR(AND(VALUE(D24)<3,P24=R24),AND(VALUE(D24)>3,Q24=R24)),1,0)))) | U24: =IF(AND(M24="纳入",IFERROR(VALUE(D24),0)=6),1,0) -> 0 | V24: =IF(AND(M24="纳入",IFERROR(VALUE(D24),0)=3),1,0) -> 0 | W24: =IF(AND(M24="纳入",ISNUMBER(T24),T24=1),1,0) -> 0 | X24: =IF(AND(M24="纳入",ISNUMBER(T24),T24=0),1,0) -> 0 | Y24: =IF(AND(M24="纳入",ISNUMBER(T24)),1,0) -> 0 | Z24: =IF(M24<>"纳入","",IF(VALUE(E24)=6,"",IF(VALUE(E24)=3,0.5,IF(OR(AND(VALUE(E24)<3,P24=R24),AND(VALUE(E24)>3,Q24=R24)),1,0)))) | AA24: =IF(M24<>"纳入","",IF(VALUE(F24)=6,"",IF(VALUE(F24)=3,0.5,IF(OR(AND(VALUE(F24)<3,P24=R24),AND(VALUE(F24)>3,Q24=R24)),1,0)))) | AB24: =IF(M24<>"纳入","",IF(VALUE(G24)=6,"",IF(VALUE(G24)=3,0.5,IF(OR(AND(VALUE(G24)<3,P24=R24),AND(VALUE(G24)>3,Q24=R24)),1,0)))) | AC24: =IF(M24<>"纳入","",IF(VALUE(H24)=6,"",IF(VALUE(H24)=3,0.5,IF(OR(AND(VALUE(H24)<3,P24=R24),AND(VALUE(H24)>3,Q24=R24)),1,0)))) | AD24: =IF(M24<>"纳入","",IF(VALUE(I24)=6,"",IF(VALUE(I24)=3,0.5,IF(OR(AND(VALUE(I24)<3,P24=R24),AND(VALUE(I24)>3,Q24=R24)),1,0))))
A25: Q04 | B25: 1 | C25: A 2 / B 3 / 评分 4 | L25: =SUM(IFERROR(IF(AND(VALUE(D25)>=1,VALUE(D25)<=6,MOD(VALUE(D25),1)=0),1,0),0),IFERROR(IF(AND(VALUE(E25)>=1,VALUE(E25)<=6,MOD(VALUE(E25),1)=0),1,0),0),IFERROR(IF(AND(VALUE(F25)>=1,VALUE(F25)<=6,MOD(VALUE(F25),1)=0),1,0),0),IFERROR(IF(AND(VALUE(G25)>=1,VALUE(G25)<=6,MOD(VALUE(G25),1)=0),1,0),0),IFERROR(IF(AND(VALUE(H25)>=1,VALUE(H25)<=6,MOD(VALUE(H25),1)=0),1,0),0),IFERROR(IF(AND(VALUE(I25)>=1,VALUE(I25)<=6,MOD(VALUE(I25),1)=0),1,0),0)) -> 0 | M25: ='参与者登记'!K10 -> 待回收 | N25: 模型 | O25: lwb_hidden_v2_02 | P25: Gemini 3.7 Flash | Q25: Gemini 3.1 Pro Preview | R25: Gemini 3.1 Pro Preview | S25: Gemini 3.7 Flash | T25: =IF(M25<>"纳入","",IF(VALUE(D25)=6,"",IF(VALUE(D25)=3,0.5,IF(OR(AND(VALUE(D25)<3,P25=R25),AND(VALUE(D25)>3,Q25=R25)),1,0)))) | U25: =IF(AND(M25="纳入",IFERROR(VALUE(D25),0)=6),1,0) -> 0 | V25: =IF(AND(M25="纳入",IFERROR(VALUE(D25),0)=3),1,0) -> 0 | W25: =IF(AND(M25="纳入",ISNUMBER(T25),T25=1),1,0) -> 0 | X25: =IF(AND(M25="纳入",ISNUMBER(T25),T25=0),1,0) -> 0 | Y25: =IF(AND(M25="纳入",ISNUMBER(T25)),1,0) -> 0 | Z25: =IF(M25<>"纳入","",IF(VALUE(E25)=6,"",IF(VALUE(E25)=3,0.5,IF(OR(AND(VALUE(E25)<3,P25=R25),AND(VALUE(E25)>3,Q25=R25)),1,0)))) | AA25: =IF(M25<>"纳入","",IF(VALUE(F25)=6,"",IF(VALUE(F25)=3,0.5,IF(OR(AND(VALUE(F25)<3,P25=R25),AND(VALUE(F25)>3,Q25=R25)),1,0)))) | AB25: =IF(M25<>"纳入","",IF(VALUE(G25)=6,"",IF(VALUE(G25)=3,0.5,IF(OR(AND(VALUE(G25)<3,P25=R25),AND(VALUE(G25)>3,Q25=R25)),1,0)))) | AC25: =IF(M25<>"纳入","",IF(VALUE(H25)=6,"",IF(VALUE(H25)=3,0.5,IF(OR(AND(VALUE(H25)<3,P25=R25),AND(VALUE(H25)>3,Q25=R25)),1,0)))) | AD25: =IF(M25<>"纳入","",IF(VALUE(I25)=6,"",IF(VALUE(I25)=3,0.5,IF(OR(AND(VALUE(I25)<3,P25=R25),AND(VALUE(I25)>3,Q25=R25)),1,0))))
A26: Q04 | B26: 2 | C26: A 5 / B 6 / 评分 7 | L26: =SUM(IFERROR(IF(AND(VALUE(D26)>=1,VALUE(D26)<=6,MOD(VALUE(D26),1)=0),1,0),0),IFERROR(IF(AND(VALUE(E26)>=1,VALUE(E26)<=6,MOD(VALUE(E26),1)=0),1,0),0),IFERROR(IF(AND(VALUE(F26)>=1,VALUE(F26)<=6,MOD(VALUE(F26),1)=0),1,0),0),IFERROR(IF(AND(VALUE(G26)>=1,VALUE(G26)<=6,MOD(VALUE(G26),1)=0),1,0),0),IFERROR(IF(AND(VALUE(H26)>=1,VALUE(H26)<=6,MOD(VALUE(H26),1)=0),1,0),0),IFERROR(IF(AND(VALUE(I26)>=1,VALUE(I26)<=6,MOD(VALUE(I26),1)=0),1,0),0)) -> 0 | M26: ='参与者登记'!K10 -> 待回收 | N26: 模型 | O26: lwb_hidden_v2_03 | P26: Gemini 3.1 Flash Lite | Q26: Gemini 3.1 Pro Preview | R26: Gemini 3.1 Flash Lite | S26: Gemini 3.1 Pro Preview | T26: =IF(M26<>"纳入","",IF(VALUE(D26)=6,"",IF(VALUE(D26)=3,0.5,IF(OR(AND(VALUE(D26)<3,P26=R26),AND(VALUE(D26)>3,Q26=R26)),1,0)))) | U26: =IF(AND(M26="纳入",IFERROR(VALUE(D26),0)=6),1,0) -> 0 | V26: =IF(AND(M26="纳入",IFERROR(VALUE(D26),0)=3),1,0) -> 0 | W26: =IF(AND(M26="纳入",ISNUMBER(T26),T26=1),1,0) -> 0 | X26: =IF(AND(M26="纳入",ISNUMBER(T26),T26=0),1,0) -> 0 | Y26: =IF(AND(M26="纳入",ISNUMBER(T26)),1,0) -> 0 | Z26: =IF(M26<>"纳入","",IF(VALUE(E26)=6,"",IF(VALUE(E26)=3,0.5,IF(OR(AND(VALUE(E26)<3,P26=R26),AND(VALUE(E26)>3,Q26=R26)),1,0)))) | AA26: =IF(M26<>"纳入","",IF(VALUE(F26)=6,"",IF(VALUE(F26)=3,0.5,IF(OR(AND(VALUE(F26)<3,P26=R26),AND(VALUE(F26)>3,Q26=R26)),1,0)))) | AB26: =IF(M26<>"纳入","",IF(VALUE(G26)=6,"",IF(VALUE(G26)=3,0.5,IF(OR(AND(VALUE(G26)<3,P26=R26),AND(VALUE(G26)>3,Q26=R26)),1,0)))) | AC26: =IF(M26<>"纳入","",IF(VALUE(H26)=6,"",IF(VALUE(H26)=3,0.5,IF(OR(AND(VALUE(H26)<3,P26=R26),AND(VALUE(H26)>3,Q26=R26)),1,0)))) | AD26: =IF(M26<>"纳入","",IF(VALUE(I26)=6,"",IF(VALUE(I26)=3,0.5,IF(OR(AND(VALUE(I26)<3,P26=R26),AND(VALUE(I26)>3,Q26=R26)),1,0))))
A27: Q04 | B27: 3 | C27: A 8 / B 9 / 评分 10 | L27: =SUM(IFERROR(IF(AND(VALUE(D27)>=1,VALUE(D27)<=6,MOD(VALUE(D27),1)=0),1,0),0),IFERROR(IF(AND(VALUE(E27)>=1,VALUE(E27)<=6,MOD(VALUE(E27),1)=0),1,0),0),IFERROR(IF(AND(VALUE(F27)>=1,VALUE(F27)<=6,MOD(VALUE(F27),1)=0),1,0),0),IFERROR(IF(AND(VALUE(G27)>=1,VALUE(G27)<=6,MOD(VALUE(G27),1)=0),1,0),0),IFERROR(IF(AND(VALUE(H27)>=1,VALUE(H27)<=6,MOD(VALUE(H27),1)=0),1,0),0),IFERROR(IF(AND(VALUE(I27)>=1,VALUE(I27)<=6,MOD(VALUE(I27),1)=0),1,0),0)) -> 0 | M27: ='参与者登记'!K10 -> 待回收 | N27: 架构 | O27: archive_of_borrowed_gravity | P27: 完整 Agora | Q27: 单次生成基线 | R27: 完整 Agora | S27: 单次生成基线 | T27: =IF(M27<>"纳入","",IF(VALUE(D27)=6,"",IF(VALUE(D27)=3,0.5,IF(OR(AND(VALUE(D27)<3,P27=R27),AND(VALUE(D27)>3,Q27=R27)),1,0)))) | U27: =IF(AND(M27="纳入",IFERROR(VALUE(D27),0)=6),1,0) -> 0 | V27: =IF(AND(M27="纳入",IFERROR(VALUE(D27),0)=3),1,0) -> 0 | W27: =IF(AND(M27="纳入",ISNUMBER(T27),T27=1),1,0) -> 0 | X27: =IF(AND(M27="纳入",ISNUMBER(T27),T27=0),1,0) -> 0 | Y27: =IF(AND(M27="纳入",ISNUMBER(T27)),1,0) -> 0 | Z27: =IF(M27<>"纳入","",IF(VALUE(E27)=6,"",IF(VALUE(E27)=3,0.5,IF(OR(AND(VALUE(E27)<3,P27=R27),AND(VALUE(E27)>3,Q27=R27)),1,0)))) | AA27: =IF(M27<>"纳入","",IF(VALUE(F27)=6,"",IF(VALUE(F27)=3,0.5,IF(OR(AND(VALUE(F27)<3,P27=R27),AND(VALUE(F27)>3,Q27=R27)),1,0)))) | AB27: =IF(M27<>"纳入","",IF(VALUE(G27)=6,"",IF(VALUE(G27)=3,0.5,IF(OR(AND(VALUE(G27)<3,P27=R27),AND(VALUE(G27)>3,Q27=R27)),1,0)))) | AC27: =IF(M27<>"纳入","",IF(VALUE(H27)=6,"",IF(VALUE(H27)=3,0.5,IF(OR(AND(VALUE(H27)<3,P27=R27),AND(VALUE(H27)>3,Q27=R27)),1,0)))) | AD27: =IF(M27<>"纳入","",IF(VALUE(I27)=6,"",IF(VALUE(I27)=3,0.5,IF(OR(AND(VALUE(I27)<3,P27=R27),AND(VALUE(I27)>3,Q27=R27)),1,0))))
A28: Q04 | B28: 4 | C28: A 11 / B 12 / 评分 13 | L28: =SUM(IFERROR(IF(AND(VALUE(D28)>=1,VALUE(D28)<=6,MOD(VALUE(D28),1)=0),1,0),0),IFERROR(IF(AND(VALUE(E28)>=1,VALUE(E28)<=6,MOD(VALUE(E28),1)=0),1,0),0),IFERROR(IF(AND(VALUE(F28)>=1,VALUE(F28)<=6,MOD(VALUE(F28),1)=0),1,0),0),IFERROR(IF(AND(VALUE(G28)>=1,VALUE(G28)<=6,MOD(VALUE(G28),1)=0),1,0),0),IFERROR(IF(AND(VALUE(H28)>=1,VALUE(H28)<=6,MOD(VALUE(H28),1)=0),1,0),0),IFERROR(IF(AND(VALUE(I28)>=1,VALUE(I28)<=6,MOD(VALUE(I28),1)=0),1,0),0)) -> 0 | M28: ='参与者登记'!K10 -> 待回收 | N28: 模型 | O28: lwb_hidden_v2_01 | P28: Gemini 3.7 Flash | Q28: Gemini 3.1 Flash Lite | R28: Gemini 3.1 Flash Lite | S28: Gemini 3.7 Flash | T28: =IF(M28<>"纳入","",IF(VALUE(D28)=6,"",IF(VALUE(D28)=3,0.5,IF(OR(AND(VALUE(D28)<3,P28=R28),AND(VALUE(D28)>3,Q28=R28)),1,0)))) | U28: =IF(AND(M28="纳入",IFERROR(VALUE(D28),0)=6),1,0) -> 0 | V28: =IF(AND(M28="纳入",IFERROR(VALUE(D28),0)=3),1,0) -> 0 | W28: =IF(AND(M28="纳入",ISNUMBER(T28),T28=1),1,0) -> 0 | X28: =IF(AND(M28="纳入",ISNUMBER(T28),T28=0),1,0) -> 0 | Y28: =IF(AND(M28="纳入",ISNUMBER(T28)),1,0) -> 0 | Z28: =IF(M28<>"纳入","",IF(VALUE(E28)=6,"",IF(VALUE(E28)=3,0.5,IF(OR(AND(VALUE(E28)<3,P28=R28),AND(VALUE(E28)>3,Q28=R28)),1,0)))) | AA28: =IF(M28<>"纳入","",IF(VALUE(F28)=6,"",IF(VALUE(F28)=3,0.5,IF(OR(AND(VALUE(F28)<3,P28=R28),AND(VALUE(F28)>3,Q28=R28)),1,0)))) | AB28: =IF(M28<>"纳入","",IF(VALUE(G28)=6,"",IF(VALUE(G28)=3,0.5,IF(OR(AND(VALUE(G28)<3,P28=R28),AND(VALUE(G28)>3,Q28=R28)),1,0)))) | AC28: =IF(M28<>"纳入","",IF(VALUE(H28)=6,"",IF(VALUE(H28)=3,0.5,IF(OR(AND(VALUE(H28)<3,P28=R28),AND(VALUE(H28)>3,Q28=R28)),1,0)))) | AD28: =IF(M28<>"纳入","",IF(VALUE(I28)=6,"",IF(VALUE(I28)=3,0.5,IF(OR(AND(VALUE(I28)<3,P28=R28),AND(VALUE(I28)>3,Q28=R28)),1,0))))
A29: Q04 | B29: 5 | C29: A 14 / B 15 / 评分 16 | L29: =SUM(IFERROR(IF(AND(VALUE(D29)>=1,VALUE(D29)<=6,MOD(VALUE(D29),1)=0),1,0),0),IFERROR(IF(AND(VALUE(E29)>=1,VALUE(E29)<=6,MOD(VALUE(E29),1)=0),1,0),0),IFERROR(IF(AND(VALUE(F29)>=1,VALUE(F29)<=6,MOD(VALUE(F29),1)=0),1,0),0),IFERROR(IF(AND(VALUE(G29)>=1,VALUE(G29)<=6,MOD(VALUE(G29),1)=0),1,0),0),IFERROR(IF(AND(VALUE(H29)>=1,VALUE(H29)<=6,MOD(VALUE(H29),1)=0),1,0),0),IFERROR(IF(AND(VALUE(I29)>=1,VALUE(I29)<=6,MOD(VALUE(I29),1)=0),1,0),0)) -> 0 | M29: ='参与者登记'!K10 -> 待回收 | N29: 模型 | O29: lwb_hidden_v2_01 | P29: Gemini 3.1 Flash Lite | Q29: GPT-5.6 Sol | R29: Gemini 3.1 Flash Lite | S29: GPT-5.6 Sol | T29: =IF(M29<>"纳入","",IF(VALUE(D29)=6,"",IF(VALUE(D29)=3,0.5,IF(OR(AND(VALUE(D29)<3,P29=R29),AND(VALUE(D29)>3,Q29=R29)),1,0)))) | U29: =IF(AND(M29="纳入",IFERROR(VALUE(D29),0)=6),1,0) -> 0 | V29: =IF(AND(M29="纳入",IFERROR(VALUE(D29),0)=3),1,0) -> 0 | W29: =IF(AND(M29="纳入",ISNUMBER(T29),T29=1),1,0) -> 0 | X29: =IF(AND(M29="纳入",ISNUMBER(T29),T29=0),1,0) -> 0 | Y29: =IF(AND(M29="纳入",ISNUMBER(T29)),1,0) -> 0 | Z29: =IF(M29<>"纳入","",IF(VALUE(E29)=6,"",IF(VALUE(E29)=3,0.5,IF(OR(AND(VALUE(E29)<3,P29=R29),AND(VALUE(E29)>3,Q29=R29)),1,0)))) | AA29: =IF(M29<>"纳入","",IF(VALUE(F29)=6,"",IF(VALUE(F29)=3,0.5,IF(OR(AND(VALUE(F29)<3,P29=R29),AND(VALUE(F29)>3,Q29=R29)),1,0)))) | AB29: =IF(M29<>"纳入","",IF(VALUE(G29)=6,"",IF(VALUE(G29)=3,0.5,IF(OR(AND(VALUE(G29)<3,P29=R29),AND(VALUE(G29)>3,Q29=R29)),1,0)))) | AC29: =IF(M29<>"纳入","",IF(VALUE(H29)=6,"",IF(VALUE(H29)=3,0.5,IF(OR(AND(VALUE(H29)<3,P29=R29),AND(VALUE(H29)>3,Q29=R29)),1,0)))) | AD29: =IF(M29<>"纳入","",IF(VALUE(I29)=6,"",IF(VALUE(I29)=3,0.5,IF(OR(AND(VALUE(I29)<3,P29=R29),AND(VALUE(I29)>3,Q29=R29)),1,0))))
A30: Q04 | B30: 6 | C30: A 17 / B 18 / 评分 19 | L30: =SUM(IFERROR(IF(AND(VALUE(D30)>=1,VALUE(D30)<=6,MOD(VALUE(D30),1)=0),1,0),0),IFERROR(IF(AND(VALUE(E30)>=1,VALUE(E30)<=6,MOD(VALUE(E30),1)=0),1,0),0),IFERROR(IF(AND(VALUE(F30)>=1,VALUE(F30)<=6,MOD(VALUE(F30),1)=0),1,0),0),IFERROR(IF(AND(VALUE(G30)>=1,VALUE(G30)<=6,MOD(VALUE(G30),1)=0),1,0),0),IFERROR(IF(AND(VALUE(H30)>=1,VALUE(H30)<=6,MOD(VALUE(H30),1)=0),1,0),0),IFERROR(IF(AND(VALUE(I30)>=1,VALUE(I30)<=6,MOD(VALUE(I30),1)=0),1,0),0)) -> 0 | M30: ='参与者登记'!K10 -> 待回收 | N30: 架构 | O30: tidal_embassy_of_lost_languages | P30: 单次生成基线 | Q30: 完整 Agora | R30: 完整 Agora | S30: 单次生成基线 | T30: =IF(M30<>"纳入","",IF(VALUE(D30)=6,"",IF(VALUE(D30)=3,0.5,IF(OR(AND(VALUE(D30)<3,P30=R30),AND(VALUE(D30)>3,Q30=R30)),1,0)))) | U30: =IF(AND(M30="纳入",IFERROR(VALUE(D30),0)=6),1,0) -> 0 | V30: =IF(AND(M30="纳入",IFERROR(VALUE(D30),0)=3),1,0) -> 0 | W30: =IF(AND(M30="纳入",ISNUMBER(T30),T30=1),1,0) -> 0 | X30: =IF(AND(M30="纳入",ISNUMBER(T30),T30=0),1,0) -> 0 | Y30: =IF(AND(M30="纳入",ISNUMBER(T30)),1,0) -> 0 | Z30: =IF(M30<>"纳入","",IF(VALUE(E30)=6,"",IF(VALUE(E30)=3,0.5,IF(OR(AND(VALUE(E30)<3,P30=R30),AND(VALUE(E30)>3,Q30=R30)),1,0)))) | AA30: =IF(M30<>"纳入","",IF(VALUE(F30)=6,"",IF(VALUE(F30)=3,0.5,IF(OR(AND(VALUE(F30)<3,P30=R30),AND(VALUE(F30)>3,Q30=R30)),1,0)))) | AB30: =IF(M30<>"纳入","",IF(VALUE(G30)=6,"",IF(VALUE(G30)=3,0.5,IF(OR(AND(VALUE(G30)<3,P30=R30),AND(VALUE(G30)>3,Q30=R30)),1,0)))) | AC30: =IF(M30<>"纳入","",IF(VALUE(H30)=6,"",IF(VALUE(H30)=3,0.5,IF(OR(AND(VALUE(H30)<3,P30=R30),AND(VALUE(H30)>3,Q30=R30)),1,0)))) | AD30: =IF(M30<>"纳入","",IF(VALUE(I30)=6,"",IF(VALUE(I30)=3,0.5,IF(OR(AND(VALUE(I30)<3,P30=R30),AND(VALUE(I30)>3,Q30=R30)),1,0))))
A31: Q05 | B31: 1 | C31: A 2 / B 3 / 评分 4 | L31: =SUM(IFERROR(IF(AND(VALUE(D31)>=1,VALUE(D31)<=6,MOD(VALUE(D31),1)=0),1,0),0),IFERROR(IF(AND(VALUE(E31)>=1,VALUE(E31)<=6,MOD(VALUE(E31),1)=0),1,0),0),IFERROR(IF(AND(VALUE(F31)>=1,VALUE(F31)<=6,MOD(VALUE(F31),1)=0),1,0),0),IFERROR(IF(AND(VALUE(G31)>=1,VALUE(G31)<=6,MOD(VALUE(G31),1)=0),1,0),0),IFERROR(IF(AND(VALUE(H31)>=1,VALUE(H31)<=6,MOD(VALUE(H31),1)=0),1,0),0),IFERROR(IF(AND(VALUE(I31)>=1,VALUE(I31)<=6,MOD(VALUE(I31),1)=0),1,0),0)) -> 0 | M31: ='参与者登记'!K11 -> 待回收 | N31: 模型 | O31: lwb_hidden_v2_01 | P31: GPT-5.6 Sol | Q31: Gemini 3.5 Flash Lite | R31: Gemini 3.5 Flash Lite | S31: GPT-5.6 Sol | T31: =IF(M31<>"纳入","",IF(VALUE(D31)=6,"",IF(VALUE(D31)=3,0.5,IF(OR(AND(VALUE(D31)<3,P31=R31),AND(VALUE(D31)>3,Q31=R31)),1,0)))) | U31: =IF(AND(M31="纳入",IFERROR(VALUE(D31),0)=6),1,0) -> 0 | V31: =IF(AND(M31="纳入",IFERROR(VALUE(D31),0)=3),1,0) -> 0 | W31: =IF(AND(M31="纳入",ISNUMBER(T31),T31=1),1,0) -> 0 | X31: =IF(AND(M31="纳入",ISNUMBER(T31),T31=0),1,0) -> 0 | Y31: =IF(AND(M31="纳入",ISNUMBER(T31)),1,0) -> 0 | Z31: =IF(M31<>"纳入","",IF(VALUE(E31)=6,"",IF(VALUE(E31)=3,0.5,IF(OR(AND(VALUE(E31)<3,P31=R31),AND(VALUE(E31)>3,Q31=R31)),1,0)))) | AA31: =IF(M31<>"纳入","",IF(VALUE(F31)=6,"",IF(VALUE(F31)=3,0.5,IF(OR(AND(VALUE(F31)<3,P31=R31),AND(VALUE(F31)>3,Q31=R31)),1,0)))) | AB31: =IF(M31<>"纳入","",IF(VALUE(G31)=6,"",IF(VALUE(G31)=3,0.5,IF(OR(AND(VALUE(G31)<3,P31=R31),AND(VALUE(G31)>3,Q31=R31)),1,0)))) | AC31: =IF(M31<>"纳入","",IF(VALUE(H31)=6,"",IF(VALUE(H31)=3,0.5,IF(OR(AND(VALUE(H31)<3,P31=R31),AND(VALUE(H31)>3,Q31=R31)),1,0)))) | AD31: =IF(M31<>"纳入","",IF(VALUE(I31)=6,"",IF(VALUE(I31)=3,0.5,IF(OR(AND(VALUE(I31)<3,P31=R31),AND(VALUE(I31)>3,Q31=R31)),1,0))))
A32: Q05 | B32: 2 | C32: A 5 / B 6 / 评分 7 | L32: =SUM(IFERROR(IF(AND(VALUE(D32)>=1,VALUE(D32)<=6,MOD(VALUE(D32),1)=0),1,0),0),IFERROR(IF(AND(VALUE(E32)>=1,VALUE(E32)<=6,MOD(VALUE(E32),1)=0),1,0),0),IFERROR(IF(AND(VALUE(F32)>=1,VALUE(F32)<=6,MOD(VALUE(F32),1)=0),1,0),0),IFERROR(IF(AND(VALUE(G32)>=1,VALUE(G32)<=6,MOD(VALUE(G32),1)=0),1,0),0),IFERROR(IF(AND(VALUE(H32)>=1,VALUE(H32)<=6,MOD(VALUE(H32),1)=0),1,0),0),IFERROR(IF(AND(VALUE(I32)>=1,VALUE(I32)<=6,MOD(VALUE(I32),1)=0),1,0),0)) -> 0 | M32: ='参与者登记'!K11 -> 待回收 | N32: 架构 | O32: museum_of_future_debts | P32: 单次生成基线 | Q32: 完整 Agora | R32: 完整 Agora | S32: 单次生成基线 | T32: =IF(M32<>"纳入","",IF(VALUE(D32)=6,"",IF(VALUE(D32)=3,0.5,IF(OR(AND(VALUE(D32)<3,P32=R32),AND(VALUE(D32)>3,Q32=R32)),1,0)))) | U32: =IF(AND(M32="纳入",IFERROR(VALUE(D32),0)=6),1,0) -> 0 | V32: =IF(AND(M32="纳入",IFERROR(VALUE(D32),0)=3),1,0) -> 0 | W32: =IF(AND(M32="纳入",ISNUMBER(T32),T32=1),1,0) -> 0 | X32: =IF(AND(M32="纳入",ISNUMBER(T32),T32=0),1,0) -> 0 | Y32: =IF(AND(M32="纳入",ISNUMBER(T32)),1,0) -> 0 | Z32: =IF(M32<>"纳入","",IF(VALUE(E32)=6,"",IF(VALUE(E32)=3,0.5,IF(OR(AND(VALUE(E32)<3,P32=R32),AND(VALUE(E32)>3,Q32=R32)),1,0)))) | AA32: =IF(M32<>"纳入","",IF(VALUE(F32)=6,"",IF(VALUE(F32)=3,0.5,IF(OR(AND(VALUE(F32)<3,P32=R32),AND(VALUE(F32)>3,Q32=R32)),1,0)))) | AB32: =IF(M32<>"纳入","",IF(VALUE(G32)=6,"",IF(VALUE(G32)=3,0.5,IF(OR(AND(VALUE(G32)<3,P32=R32),AND(VALUE(G32)>3,Q32=R32)),1,0)))) | AC32: =IF(M32<>"纳入","",IF(VALUE(H32)=6,"",IF(VALUE(H32)=3,0.5,IF(OR(AND(VALUE(H32)<3,P32=R32),AND(VALUE(H32)>3,Q32=R32)),1,0)))) | AD32: =IF(M32<>"纳入","",IF(VALUE(I32)=6,"",IF(VALUE(I32)=3,0.5,IF(OR(AND(VALUE(I32)<3,P32=R32),AND(VALUE(I32)>3,Q32=R32)),1,0))))
A33: Q05 | B33: 3 | C33: A 8 / B 9 / 评分 10 | L33: =SUM(IFERROR(IF(AND(VALUE(D33)>=1,VALUE(D33)<=6,MOD(VALUE(D33),1)=0),1,0),0),IFERROR(IF(AND(VALUE(E33)>=1,VALUE(E33)<=6,MOD(VALUE(E33),1)=0),1,0),0),IFERROR(IF(AND(VALUE(F33)>=1,VALUE(F33)<=6,MOD(VALUE(F33),1)=0),1,0),0),IFERROR(IF(AND(VALUE(G33)>=1,VALUE(G33)<=6,MOD(VALUE(G33),1)=0),1,0),0),IFERROR(IF(AND(VALUE(H33)>=1,VALUE(H33)<=6,MOD(VALUE(H33),1)=0),1,0),0),IFERROR(IF(AND(VALUE(I33)>=1,VALUE(I33)<=6,MOD(VALUE(I33),1)=0),1,0),0)) -> 0 | M33: ='参与者登记'!K11 -> 待回收 | N33: 模型 | O33: lwb_hidden_v2_01 | P33: GPT-5.6 Terra | Q33: Gemini 3.1 Pro Preview | R33: Gemini 3.1 Pro Preview | S33: GPT-5.6 Terra | T33: =IF(M33<>"纳入","",IF(VALUE(D33)=6,"",IF(VALUE(D33)=3,0.5,IF(OR(AND(VALUE(D33)<3,P33=R33),AND(VALUE(D33)>3,Q33=R33)),1,0)))) | U33: =IF(AND(M33="纳入",IFERROR(VALUE(D33),0)=6),1,0) -> 0 | V33: =IF(AND(M33="纳入",IFERROR(VALUE(D33),0)=3),1,0) -> 0 | W33: =IF(AND(M33="纳入",ISNUMBER(T33),T33=1),1,0) -> 0 | X33: =IF(AND(M33="纳入",ISNUMBER(T33),T33=0),1,0) -> 0 | Y33: =IF(AND(M33="纳入",ISNUMBER(T33)),1,0) -> 0 | Z33: =IF(M33<>"纳入","",IF(VALUE(E33)=6,"",IF(VALUE(E33)=3,0.5,IF(OR(AND(VALUE(E33)<3,P33=R33),AND(VALUE(E33)>3,Q33=R33)),1,0)))) | AA33: =IF(M33<>"纳入","",IF(VALUE(F33)=6,"",IF(VALUE(F33)=3,0.5,IF(OR(AND(VALUE(F33)<3,P33=R33),AND(VALUE(F33)>3,Q33=R33)),1,0)))) | AB33: =IF(M33<>"纳入","",IF(VALUE(G33)=6,"",IF(VALUE(G33)=3,0.5,IF(OR(AND(VALUE(G33)<3,P33=R33),AND(VALUE(G33)>3,Q33=R33)),1,0)))) | AC33: =IF(M33<>"纳入","",IF(VALUE(H33)=6,"",IF(VALUE(H33)=3,0.5,IF(OR(AND(VALUE(H33)<3,P33=R33),AND(VALUE(H33)>3,Q33=R33)),1,0)))) | AD33: =IF(M33<>"纳入","",IF(VALUE(I33)=6,"",IF(VALUE(I33)=3,0.5,IF(OR(AND(VALUE(I33)<3,P33=R33),AND(VALUE(I33)>3,Q33=R33)),1,0))))
A34: Q05 | B34: 4 | C34: A 11 / B 12 / 评分 13 | L34: =SUM(IFERROR(IF(AND(VALUE(D34)>=1,VALUE(D34)<=6,MOD(VALUE(D34),1)=0),1,0),0),IFERROR(IF(AND(VALUE(E34)>=1,VALUE(E34)<=6,MOD(VALUE(E34),1)=0),1,0),0),IFERROR(IF(AND(VALUE(F34)>=1,VALUE(F34)<=6,MOD(VALUE(F34),1)=0),1,0),0),IFERROR(IF(AND(VALUE(G34)>=1,VALUE(G34)<=6,MOD(VALUE(G34),1)=0),1,0),0),IFERROR(IF(AND(VALUE(H34)>=1,VALUE(H34)<=6,MOD(VALUE(H34),1)=0),1,0),0),IFERROR(IF(AND(VALUE(I34)>=1,VALUE(I34)<=6,MOD(VALUE(I34),1)=0),1,0),0)) -> 0 | M34: ='参与者登记'!K11 -> 待回收 | N34: 模型 | O34: lwb_hidden_v2_02 | P34: Gemini 3.1 Pro Preview | Q34: Gemini 3.1 Flash Lite | R34: Gemini 3.1 Flash Lite | S34: Gemini 3.1 Pro Preview | T34: =IF(M34<>"纳入","",IF(VALUE(D34)=6,"",IF(VALUE(D34)=3,0.5,IF(OR(AND(VALUE(D34)<3,P34=R34),AND(VALUE(D34)>3,Q34=R34)),1,0)))) | U34: =IF(AND(M34="纳入",IFERROR(VALUE(D34),0)=6),1,0) -> 0 | V34: =IF(AND(M34="纳入",IFERROR(VALUE(D34),0)=3),1,0) -> 0 | W34: =IF(AND(M34="纳入",ISNUMBER(T34),T34=1),1,0) -> 0 | X34: =IF(AND(M34="纳入",ISNUMBER(T34),T34=0),1,0) -> 0 | Y34: =IF(AND(M34="纳入",ISNUMBER(T34)),1,0) -> 0 | Z34: =IF(M34<>"纳入","",IF(VALUE(E34)=6,"",IF(VALUE(E34)=3,0.5,IF(OR(AND(VALUE(E34)<3,P34=R34),AND(VALUE(E34)>3,Q34=R34)),1,0)))) | AA34: =IF(M34<>"纳入","",IF(VALUE(F34)=6,"",IF(VALUE(F34)=3,0.5,IF(OR(AND(VALUE(F34)<3,P34=R34),AND(VALUE(F34)>3,Q34=R34)),1,0)))) | AB34: =IF(M34<>"纳入","",IF(VALUE(G34)=6,"",IF(VALUE(G34)=3,0.5,IF(OR(AND(VALUE(G34)<3,P34=R34),AND(VALUE(G34)>3,Q34=R34)),1,0)))) | AC34: =IF(M34<>"纳入","",IF(VALUE(H34)=6,"",IF(VALUE(H34)=3,0.5,IF(OR(AND(VALUE(H34)<3,P34=R34),AND(VALUE(H34)>3,Q34=R34)),1,0)))) | AD34: =IF(M34<>"纳入","",IF(VALUE(I34)=6,"",IF(VALUE(I34)=3,0.5,IF(OR(AND(VALUE(I34)<3,P34=R34),AND(VALUE(I34)>3,Q34=R34)),1,0))))
A35: Q05 | B35: 5 | C35: A 14 / B 15 / 评分 16 | L35: =SUM(IFERROR(IF(AND(VALUE(D35)>=1,VALUE(D35)<=6,MOD(VALUE(D35),1)=0),1,0),0),IFERROR(IF(AND(VALUE(E35)>=1,VALUE(E35)<=6,MOD(VALUE(E35),1)=0),1,0),0),IFERROR(IF(AND(VALUE(F35)>=1,VALUE(F35)<=6,MOD(VALUE(F35),1)=0),1,0),0),IFERROR(IF(AND(VALUE(G35)>=1,VALUE(G35)<=6,MOD(VALUE(G35),1)=0),1,0),0),IFERROR(IF(AND(VALUE(H35)>=1,VALUE(H35)<=6,MOD(VALUE(H35),1)=0),1,0),0),IFERROR(IF(AND(VALUE(I35)>=1,VALUE(I35)<=6,MOD(VALUE(I35),1)=0),1,0),0)) -> 0 | M35: ='参与者登记'!K11 -> 待回收 | N35: 架构 | O35: archive_of_borrowed_gravity | P35: 完整 Agora | Q35: 单次生成基线 | R35: 完整 Agora | S35: 单次生成基线 | T35: =IF(M35<>"纳入","",IF(VALUE(D35)=6,"",IF(VALUE(D35)=3,0.5,IF(OR(AND(VALUE(D35)<3,P35=R35),AND(VALUE(D35)>3,Q35=R35)),1,0)))) | U35: =IF(AND(M35="纳入",IFERROR(VALUE(D35),0)=6),1,0) -> 0 | V35: =IF(AND(M35="纳入",IFERROR(VALUE(D35),0)=3),1,0) -> 0 | W35: =IF(AND(M35="纳入",ISNUMBER(T35),T35=1),1,0) -> 0 | X35: =IF(AND(M35="纳入",ISNUMBER(T35),T35=0),1,0) -> 0 | Y35: =IF(AND(M35="纳入",ISNUMBER(T35)),1,0) -> 0 | Z35: =IF(M35<>"纳入","",IF(VALUE(E35)=6,"",IF(VALUE(E35)=3,0.5,IF(OR(AND(VALUE(E35)<3,P35=R35),AND(VALUE(E35)>3,Q35=R35)),1,0)))) | AA35: =IF(M35<>"纳入","",IF(VALUE(F35)=6,"",IF(VALUE(F35)=3,0.5,IF(OR(AND(VALUE(F35)<3,P35=R35),AND(VALUE(F35)>3,Q35=R35)),1,0)))) | AB35: =IF(M35<>"纳入","",IF(VALUE(G35)=6,"",IF(VALUE(G35)=3,0.5,IF(OR(AND(VALUE(G35)<3,P35=R35),AND(VALUE(G35)>3,Q35=R35)),1,0)))) | AC35: =IF(M35<>"纳入","",IF(VALUE(H35)=6,"",IF(VALUE(H35)=3,0.5,IF(OR(AND(VALUE(H35)<3,P35=R35),AND(VALUE(H35)>3,Q35=R35)),1,0)))) | AD35: =IF(M35<>"纳入","",IF(VALUE(I35)=6,"",IF(VALUE(I35)=3,0.5,IF(OR(AND(VALUE(I35)<3,P35=R35),AND(VALUE(I35)>3,Q35=R35)),1,0))))
A36: Q05 | B36: 6 | C36: A 17 / B 18 / 评分 19 | L36: =SUM(IFERROR(IF(AND(VALUE(D36)>=1,VALUE(D36)<=6,MOD(VALUE(D36),1)=0),1,0),0),IFERROR(IF(AND(VALUE(E36)>=1,VALUE(E36)<=6,MOD(VALUE(E36),1)=0),1,0),0),IFERROR(IF(AND(VALUE(F36)>=1,VALUE(F36)<=6,MOD(VALUE(F36),1)=0),1,0),0),IFERROR(IF(AND(VALUE(G36)>=1,VALUE(G36)<=6,MOD(VALUE(G36),1)=0),1,0),0),IFERROR(IF(AND(VALUE(H36)>=1,VALUE(H36)<=6,MOD(VALUE(H36),1)=0),1,0),0),IFERROR(IF(AND(VALUE(I36)>=1,VALUE(I36)<=6,MOD(VALUE(I36),1)=0),1,0),0)) -> 0 | M36: ='参与者登记'!K11 -> 待回收 | N36: 模型 | O36: lwb_hidden_v2_03 | P36: GPT-5.6 Sol | Q36: Gemini 3.7 Flash | R36: Gemini 3.7 Flash | S36: GPT-5.6 Sol | T36: =IF(M36<>"纳入","",IF(VALUE(D36)=6,"",IF(VALUE(D36)=3,0.5,IF(OR(AND(VALUE(D36)<3,P36=R36),AND(VALUE(D36)>3,Q36=R36)),1,0)))) | U36: =IF(AND(M36="纳入",IFERROR(VALUE(D36),0)=6),1,0) -> 0 | V36: =IF(AND(M36="纳入",IFERROR(VALUE(D36),0)=3),1,0) -> 0 | W36: =IF(AND(M36="纳入",ISNUMBER(T36),T36=1),1,0) -> 0 | X36: =IF(AND(M36="纳入",ISNUMBER(T36),T36=0),1,0) -> 0 | Y36: =IF(AND(M36="纳入",ISNUMBER(T36)),1,0) -> 0 | Z36: =IF(M36<>"纳入","",IF(VALUE(E36)=6,"",IF(VALUE(E36)=3,0.5,IF(OR(AND(VALUE(E36)<3,P36=R36),AND(VALUE(E36)>3,Q36=R36)),1,0)))) | AA36: =IF(M36<>"纳入","",IF(VALUE(F36)=6,"",IF(VALUE(F36)=3,0.5,IF(OR(AND(VALUE(F36)<3,P36=R36),AND(VALUE(F36)>3,Q36=R36)),1,0)))) | AB36: =IF(M36<>"纳入","",IF(VALUE(G36)=6,"",IF(VALUE(G36)=3,0.5,IF(OR(AND(VALUE(G36)<3,P36=R36),AND(VALUE(G36)>3,Q36=R36)),1,0)))) | AC36: =IF(M36<>"纳入","",IF(VALUE(H36)=6,"",IF(VALUE(H36)=3,0.5,IF(OR(AND(VALUE(H36)<3,P36=R36),AND(VALUE(H36)>3,Q36=R36)),1,0)))) | AD36: =IF(M36<>"纳入","",IF(VALUE(I36)=6,"",IF(VALUE(I36)=3,0.5,IF(OR(AND(VALUE(I36)<3,P36=R36),AND(VALUE(I36)>3,Q36=R36)),1,0))))
A37: Q06 | B37: 1 | C37: A 2 / B 3 / 评分 4 | L37: =SUM(IFERROR(IF(AND(VALUE(D37)>=1,VALUE(D37)<=6,MOD(VALUE(D37),1)=0),1,0),0),IFERROR(IF(AND(VALUE(E37)>=1,VALUE(E37)<=6,MOD(VALUE(E37),1)=0),1,0),0),IFERROR(IF(AND(VALUE(F37)>=1,VALUE(F37)<=6,MOD(VALUE(F37),1)=0),1,0),0),IFERROR(IF(AND(VALUE(G37)>=1,VALUE(G37)<=6,MOD(VALUE(G37),1)=0),1,0),0),IFERROR(IF(AND(VALUE(H37)>=1,VALUE(H37)<=6,MOD(VALUE(H37),1)=0),1,0),0),IFERROR(IF(AND(VALUE(I37)>=1,VALUE(I37)<=6,MOD(VALUE(I37),1)=0),1,0),0)) -> 0 | M37: ='参与者登记'!K12 -> 待回收 | N37: 架构 | O37: archive_of_borrowed_gravity | P37: 单次生成基线 | Q37: 完整 Agora | R37: 完整 Agora | S37: 单次生成基线 | T37: =IF(M37<>"纳入","",IF(VALUE(D37)=6,"",IF(VALUE(D37)=3,0.5,IF(OR(AND(VALUE(D37)<3,P37=R37),AND(VALUE(D37)>3,Q37=R37)),1,0)))) | U37: =IF(AND(M37="纳入",IFERROR(VALUE(D37),0)=6),1,0) -> 0 | V37: =IF(AND(M37="纳入",IFERROR(VALUE(D37),0)=3),1,0) -> 0 | W37: =IF(AND(M37="纳入",ISNUMBER(T37),T37=1),1,0) -> 0 | X37: =IF(AND(M37="纳入",ISNUMBER(T37),T37=0),1,0) -> 0 | Y37: =IF(AND(M37="纳入",ISNUMBER(T37)),1,0) -> 0 | Z37: =IF(M37<>"纳入","",IF(VALUE(E37)=6,"",IF(VALUE(E37)=3,0.5,IF(OR(AND(VALUE(E37)<3,P37=R37),AND(VALUE(E37)>3,Q37=R37)),1,0)))) | AA37: =IF(M37<>"纳入","",IF(VALUE(F37)=6,"",IF(VALUE(F37)=3,0.5,IF(OR(AND(VALUE(F37)<3,P37=R37),AND(VALUE(F37)>3,Q37=R37)),1,0)))) | AB37: =IF(M37<>"纳入","",IF(VALUE(G37)=6,"",IF(VALUE(G37)=3,0.5,IF(OR(AND(VALUE(G37)<3,P37=R37),AND(VALUE(G37)>3,Q37=R37)),1,0)))) | AC37: =IF(M37<>"纳入","",IF(VALUE(H37)=6,"",IF(VALUE(H37)=3,0.5,IF(OR(AND(VALUE(H37)<3,P37=R37),AND(VALUE(H37)>3,Q37=R37)),1,0)))) | AD37: =IF(M37<>"纳入","",IF(VALUE(I37)=6,"",IF(VALUE(I37)=3,0.5,IF(OR(AND(VALUE(I37)<3,P37=R37),AND(VALUE(I37)>3,Q37=R37)),1,0))))
A38: Q06 | B38: 2 | C38: A 5 / B 6 / 评分 7 | L38: =SUM(IFERROR(IF(AND(VALUE(D38)>=1,VALUE(D38)<=6,MOD(VALUE(D38),1)=0),1,0),0),IFERROR(IF(AND(VALUE(E38)>=1,VALUE(E38)<=6,MOD(VALUE(E38),1)=0),1,0),0),IFERROR(IF(AND(VALUE(F38)>=1,VALUE(F38)<=6,MOD(VALUE(F38),1)=0),1,0),0),IFERROR(IF(AND(VALUE(G38)>=1,VALUE(G38)<=6,MOD(VALUE(G38),1)=0),1,0),0),IFERROR(IF(AND(VALUE(H38)>=1,VALUE(H38)<=6,MOD(VALUE(H38),1)=0),1,0),0),IFERROR(IF(AND(VALUE(I38)>=1,VALUE(I38)<=6,MOD(VALUE(I38),1)=0),1,0),0)) -> 0 | M38: ='参与者登记'!K12 -> 待回收 | N38: 模型 | O38: lwb_hidden_v2_01 | P38: Gemini 3.1 Flash Lite | Q38: Gemini 3.5 Flash Lite | R38: Gemini 3.1 Flash Lite | S38: Gemini 3.5 Flash Lite | T38: =IF(M38<>"纳入","",IF(VALUE(D38)=6,"",IF(VALUE(D38)=3,0.5,IF(OR(AND(VALUE(D38)<3,P38=R38),AND(VALUE(D38)>3,Q38=R38)),1,0)))) | U38: =IF(AND(M38="纳入",IFERROR(VALUE(D38),0)=6),1,0) -> 0 | V38: =IF(AND(M38="纳入",IFERROR(VALUE(D38),0)=3),1,0) -> 0 | W38: =IF(AND(M38="纳入",ISNUMBER(T38),T38=1),1,0) -> 0 | X38: =IF(AND(M38="纳入",ISNUMBER(T38),T38=0),1,0) -> 0 | Y38: =IF(AND(M38="纳入",ISNUMBER(T38)),1,0) -> 0 | Z38: =IF(M38<>"纳入","",IF(VALUE(E38)=6,"",IF(VALUE(E38)=3,0.5,IF(OR(AND(VALUE(E38)<3,P38=R38),AND(VALUE(E38)>3,Q38=R38)),1,0)))) | AA38: =IF(M38<>"纳入","",IF(VALUE(F38)=6,"",IF(VALUE(F38)=3,0.5,IF(OR(AND(VALUE(F38)<3,P38=R38),AND(VALUE(F38)>3,Q38=R38)),1,0)))) | AB38: =IF(M38<>"纳入","",IF(VALUE(G38)=6,"",IF(VALUE(G38)=3,0.5,IF(OR(AND(VALUE(G38)<3,P38=R38),AND(VALUE(G38)>3,Q38=R38)),1,0)))) | AC38: =IF(M38<>"纳入","",IF(VALUE(H38)=6,"",IF(VALUE(H38)=3,0.5,IF(OR(AND(VALUE(H38)<3,P38=R38),AND(VALUE(H38)>3,Q38=R38)),1,0)))) | AD38: =IF(M38<>"纳入","",IF(VALUE(I38)=6,"",IF(VALUE(I38)=3,0.5,IF(OR(AND(VALUE(I38)<3,P38=R38),AND(VALUE(I38)>3,Q38=R38)),1,0))))
A39: Q06 | B39: 3 | C39: A 8 / B 9 / 评分 10 | L39: =SUM(IFERROR(IF(AND(VALUE(D39)>=1,VALUE(D39)<=6,MOD(VALUE(D39),1)=0),1,0),0),IFERROR(IF(AND(VALUE(E39)>=1,VALUE(E39)<=6,MOD(VALUE(E39),1)=0),1,0),0),IFERROR(IF(AND(VALUE(F39)>=1,VALUE(F39)<=6,MOD(VALUE(F39),1)=0),1,0),0),IFERROR(IF(AND(VALUE(G39)>=1,VALUE(G39)<=6,MOD(VALUE(G39),1)=0),1,0),0),IFERROR(IF(AND(VALUE(H39)>=1,VALUE(H39)<=6,MOD(VALUE(H39),1)=0),1,0),0),IFERROR(IF(AND(VALUE(I39)>=1,VALUE(I39)<=6,MOD(VALUE(I39),1)=0),1,0),0)) -> 0 | M39: ='参与者登记'!K12 -> 待回收 | N39: 模型 | O39: lwb_hidden_v2_03 | P39: Gemini 2.5 Flash | Q39: Gemini 3.1 Pro Preview | R39: Gemini 2.5 Flash | S39: Gemini 3.1 Pro Preview | T39: =IF(M39<>"纳入","",IF(VALUE(D39)=6,"",IF(VALUE(D39)=3,0.5,IF(OR(AND(VALUE(D39)<3,P39=R39),AND(VALUE(D39)>3,Q39=R39)),1,0)))) | U39: =IF(AND(M39="纳入",IFERROR(VALUE(D39),0)=6),1,0) -> 0 | V39: =IF(AND(M39="纳入",IFERROR(VALUE(D39),0)=3),1,0) -> 0 | W39: =IF(AND(M39="纳入",ISNUMBER(T39),T39=1),1,0) -> 0 | X39: =IF(AND(M39="纳入",ISNUMBER(T39),T39=0),1,0) -> 0 | Y39: =IF(AND(M39="纳入",ISNUMBER(T39)),1,0) -> 0 | Z39: =IF(M39<>"纳入","",IF(VALUE(E39)=6,"",IF(VALUE(E39)=3,0.5,IF(OR(AND(VALUE(E39)<3,P39=R39),AND(VALUE(E39)>3,Q39=R39)),1,0)))) | AA39: =IF(M39<>"纳入","",IF(VALUE(F39)=6,"",IF(VALUE(F39)=3,0.5,IF(OR(AND(VALUE(F39)<3,P39=R39),AND(VALUE(F39)>3,Q39=R39)),1,0)))) | AB39: =IF(M39<>"纳入","",IF(VALUE(G39)=6,"",IF(VALUE(G39)=3,0.5,IF(OR(AND(VALUE(G39)<3,P39=R39),AND(VALUE(G39)>3,Q39=R39)),1,0)))) | AC39: =IF(M39<>"纳入","",IF(VALUE(H39)=6,"",IF(VALUE(H39)=3,0.5,IF(OR(AND(VALUE(H39)<3,P39=R39),AND(VALUE(H39)>3,Q39=R39)),1,0)))) | AD39: =IF(M39<>"纳入","",IF(VALUE(I39)=6,"",IF(VALUE(I39)=3,0.5,IF(OR(AND(VALUE(I39)<3,P39=R39),AND(VALUE(I39)>3,Q39=R39)),1,0))))
A40: Q06 | B40: 4 | C40: A 11 / B 12 / 评分 13 | L40: =SUM(IFERROR(IF(AND(VALUE(D40)>=1,VALUE(D40)<=6,MOD(VALUE(D40),1)=0),1,0),0),IFERROR(IF(AND(VALUE(E40)>=1,VALUE(E40)<=6,MOD(VALUE(E40),1)=0),1,0),0),IFERROR(IF(AND(VALUE(F40)>=1,VALUE(F40)<=6,MOD(VALUE(F40),1)=0),1,0),0),IFERROR(IF(AND(VALUE(G40)>=1,VALUE(G40)<=6,MOD(VALUE(G40),1)=0),1,0),0),IFERROR(IF(AND(VALUE(H40)>=1,VALUE(H40)<=6,MOD(VALUE(H40),1)=0),1,0),0),IFERROR(IF(AND(VALUE(I40)>=1,VALUE(I40)<=6,MOD(VALUE(I40),1)=0),1,0),0)) -> 0 | M40: ='参与者登记'!K12 -> 待回收 | N40: 架构 | O40: intertidal_embassy_for_extinct_rivers | P40: 完整 Agora | Q40: 单次生成基线 | R40: 完整 Agora | S40: 单次生成基线 | T40: =IF(M40<>"纳入","",IF(VALUE(D40)=6,"",IF(VALUE(D40)=3,0.5,IF(OR(AND(VALUE(D40)<3,P40=R40),AND(VALUE(D40)>3,Q40=R40)),1,0)))) | U40: =IF(AND(M40="纳入",IFERROR(VALUE(D40),0)=6),1,0) -> 0 | V40: =IF(AND(M40="纳入",IFERROR(VALUE(D40),0)=3),1,0) -> 0 | W40: =IF(AND(M40="纳入",ISNUMBER(T40),T40=1),1,0) -> 0 | X40: =IF(AND(M40="纳入",ISNUMBER(T40),T40=0),1,0) -> 0 | Y40: =IF(AND(M40="纳入",ISNUMBER(T40)),1,0) -> 0 | Z40: =IF(M40<>"纳入","",IF(VALUE(E40)=6,"",IF(VALUE(E40)=3,0.5,IF(OR(AND(VALUE(E40)<3,P40=R40),AND(VALUE(E40)>3,Q40=R40)),1,0)))) | AA40: =IF(M40<>"纳入","",IF(VALUE(F40)=6,"",IF(VALUE(F40)=3,0.5,IF(OR(AND(VALUE(F40)<3,P40=R40),AND(VALUE(F40)>3,Q40=R40)),1,0)))) | AB40: =IF(M40<>"纳入","",IF(VALUE(G40)=6,"",IF(VALUE(G40)=3,0.5,IF(OR(AND(VALUE(G40)<3,P40=R40),AND(VALUE(G40)>3,Q40=R40)),1,0)))) | AC40: =IF(M40<>"纳入","",IF(VALUE(H40)=6,"",IF(VALUE(H40)=3,0.5,IF(OR(AND(VALUE(H40)<3,P40=R40),AND(VALUE(H40)>3,Q40=R40)),1,0)))) | AD40: =IF(M40<>"纳入","",IF(VALUE(I40)=6,"",IF(VALUE(I40)=3,0.5,IF(OR(AND(VALUE(I40)<3,P40=R40),AND(VALUE(I40)>3,Q40=R40)),1,0))))
A41: Q06 | B41: 5 | C41: A 14 / B 15 / 评分 16 | L41: =SUM(IFERROR(IF(AND(VALUE(D41)>=1,VALUE(D41)<=6,MOD(VALUE(D41),1)=0),1,0),0),IFERROR(IF(AND(VALUE(E41)>=1,VALUE(E41)<=6,MOD(VALUE(E41),1)=0),1,0),0),IFERROR(IF(AND(VALUE(F41)>=1,VALUE(F41)<=6,MOD(VALUE(F41),1)=0),1,0),0),IFERROR(IF(AND(VALUE(G41)>=1,VALUE(G41)<=6,MOD(VALUE(G41),1)=0),1,0),0),IFERROR(IF(AND(VALUE(H41)>=1,VALUE(H41)<=6,MOD(VALUE(H41),1)=0),1,0),0),IFERROR(IF(AND(VALUE(I41)>=1,VALUE(I41)<=6,MOD(VALUE(I41),1)=0),1,0),0)) -> 0 | M41: ='参与者登记'!K12 -> 待回收 | N41: 模型 | O41: lwb_hidden_v2_02 | P41: Gemini 3.1 Pro Preview | Q41: Gemini 3.7 Flash | R41: Gemini 3.1 Pro Preview | S41: Gemini 3.7 Flash | T41: =IF(M41<>"纳入","",IF(VALUE(D41)=6,"",IF(VALUE(D41)=3,0.5,IF(OR(AND(VALUE(D41)<3,P41=R41),AND(VALUE(D41)>3,Q41=R41)),1,0)))) | U41: =IF(AND(M41="纳入",IFERROR(VALUE(D41),0)=6),1,0) -> 0 | V41: =IF(AND(M41="纳入",IFERROR(VALUE(D41),0)=3),1,0) -> 0 | W41: =IF(AND(M41="纳入",ISNUMBER(T41),T41=1),1,0) -> 0 | X41: =IF(AND(M41="纳入",ISNUMBER(T41),T41=0),1,0) -> 0 | Y41: =IF(AND(M41="纳入",ISNUMBER(T41)),1,0) -> 0 | Z41: =IF(M41<>"纳入","",IF(VALUE(E41)=6,"",IF(VALUE(E41)=3,0.5,IF(OR(AND(VALUE(E41)<3,P41=R41),AND(VALUE(E41)>3,Q41=R41)),1,0)))) | AA41: =IF(M41<>"纳入","",IF(VALUE(F41)=6,"",IF(VALUE(F41)=3,0.5,IF(OR(AND(VALUE(F41)<3,P41=R41),AND(VALUE(F41)>3,Q41=R41)),1,0)))) | AB41: =IF(M41<>"纳入","",IF(VALUE(G41)=6,"",IF(VALUE(G41)=3,0.5,IF(OR(AND(VALUE(G41)<3,P41=R41),AND(VALUE(G41)>3,Q41=R41)),1,0)))) | AC41: =IF(M41<>"纳入","",IF(VALUE(H41)=6,"",IF(VALUE(H41)=3,0.5,IF(OR(AND(VALUE(H41)<3,P41=R41),AND(VALUE(H41)>3,Q41=R41)),1,0)))) | AD41: =IF(M41<>"纳入","",IF(VALUE(I41)=6,"",IF(VALUE(I41)=3,0.5,IF(OR(AND(VALUE(I41)<3,P41=R41),AND(VALUE(I41)>3,Q41=R41)),1,0))))
A42: Q06 | B42: 6 | C42: A 17 / B 18 / 评分 19 | L42: =SUM(IFERROR(IF(AND(VALUE(D42)>=1,VALUE(D42)<=6,MOD(VALUE(D42),1)=0),1,0),0),IFERROR(IF(AND(VALUE(E42)>=1,VALUE(E42)<=6,MOD(VALUE(E42),1)=0),1,0),0),IFERROR(IF(AND(VALUE(F42)>=1,VALUE(F42)<=6,MOD(VALUE(F42),1)=0),1,0),0),IFERROR(IF(AND(VALUE(G42)>=1,VALUE(G42)<=6,MOD(VALUE(G42),1)=0),1,0),0),IFERROR(IF(AND(VALUE(H42)>=1,VALUE(H42)<=6,MOD(VALUE(H42),1)=0),1,0),0),IFERROR(IF(AND(VALUE(I42)>=1,VALUE(I42)<=6,MOD(VALUE(I42),1)=0),1,0),0)) -> 0 | M42: ='参与者登记'!K12 -> 待回收 | N42: 模型 | O42: lwb_hidden_v2_01 | P42: GPT-5.6 Terra | Q42: GPT-5.6 Sol | R42: GPT-5.6 Sol | S42: GPT-5.6 Terra | T42: =IF(M42<>"纳入","",IF(VALUE(D42)=6,"",IF(VALUE(D42)=3,0.5,IF(OR(AND(VALUE(D42)<3,P42=R42),AND(VALUE(D42)>3,Q42=R42)),1,0)))) | U42: =IF(AND(M42="纳入",IFERROR(VALUE(D42),0)=6),1,0) -> 0 | V42: =IF(AND(M42="纳入",IFERROR(VALUE(D42),0)=3),1,0) -> 0 | W42: =IF(AND(M42="纳入",ISNUMBER(T42),T42=1),1,0) -> 0 | X42: =IF(AND(M42="纳入",ISNUMBER(T42),T42=0),1,0) -> 0 | Y42: =IF(AND(M42="纳入",ISNUMBER(T42)),1,0) -> 0 | Z42: =IF(M42<>"纳入","",IF(VALUE(E42)=6,"",IF(VALUE(E42)=3,0.5,IF(OR(AND(VALUE(E42)<3,P42=R42),AND(VALUE(E42)>3,Q42=R42)),1,0)))) | AA42: =IF(M42<>"纳入","",IF(VALUE(F42)=6,"",IF(VALUE(F42)=3,0.5,IF(OR(AND(VALUE(F42)<3,P42=R42),AND(VALUE(F42)>3,Q42=R42)),1,0)))) | AB42: =IF(M42<>"纳入","",IF(VALUE(G42)=6,"",IF(VALUE(G42)=3,0.5,IF(OR(AND(VALUE(G42)<3,P42=R42),AND(VALUE(G42)>3,Q42=R42)),1,0)))) | AC42: =IF(M42<>"纳入","",IF(VALUE(H42)=6,"",IF(VALUE(H42)=3,0.5,IF(OR(AND(VALUE(H42)<3,P42=R42),AND(VALUE(H42)>3,Q42=R42)),1,0)))) | AD42: =IF(M42<>"纳入","",IF(VALUE(I42)=6,"",IF(VALUE(I42)=3,0.5,IF(OR(AND(VALUE(I42)<3,P42=R42),AND(VALUE(I42)>3,Q42=R42)),1,0))))
A43: Q07 | B43: 1 | C43: A 2 / B 3 / 评分 4 | L43: =SUM(IFERROR(IF(AND(VALUE(D43)>=1,VALUE(D43)<=6,MOD(VALUE(D43),1)=0),1,0),0),IFERROR(IF(AND(VALUE(E43)>=1,VALUE(E43)<=6,MOD(VALUE(E43),1)=0),1,0),0),IFERROR(IF(AND(VALUE(F43)>=1,VALUE(F43)<=6,MOD(VALUE(F43),1)=0),1,0),0),IFERROR(IF(AND(VALUE(G43)>=1,VALUE(G43)<=6,MOD(VALUE(G43),1)=0),1,0),0),IFERROR(IF(AND(VALUE(H43)>=1,VALUE(H43)<=6,MOD(VALUE(H43),1)=0),1,0),0),IFERROR(IF(AND(VALUE(I43)>=1,VALUE(I43)<=6,MOD(VALUE(I43),1)=0),1,0),0)) -> 0 | M43: ='参与者登记'!K13 -> 待回收 | N43: 模型 | O43: lwb_hidden_v2_03 | P43: Gemini 3.1 Pro Preview | Q43: Gemini 3.7 Flash | R43: Gemini 3.1 Pro Preview | S43: Gemini 3.7 Flash | T43: =IF(M43<>"纳入","",IF(VALUE(D43)=6,"",IF(VALUE(D43)=3,0.5,IF(OR(AND(VALUE(D43)<3,P43=R43),AND(VALUE(D43)>3,Q43=R43)),1,0)))) | U43: =IF(AND(M43="纳入",IFERROR(VALUE(D43),0)=6),1,0) -> 0 | V43: =IF(AND(M43="纳入",IFERROR(VALUE(D43),0)=3),1,0) -> 0 | W43: =IF(AND(M43="纳入",ISNUMBER(T43),T43=1),1,0) -> 0 | X43: =IF(AND(M43="纳入",ISNUMBER(T43),T43=0),1,0) -> 0 | Y43: =IF(AND(M43="纳入",ISNUMBER(T43)),1,0) -> 0 | Z43: =IF(M43<>"纳入","",IF(VALUE(E43)=6,"",IF(VALUE(E43)=3,0.5,IF(OR(AND(VALUE(E43)<3,P43=R43),AND(VALUE(E43)>3,Q43=R43)),1,0)))) | AA43: =IF(M43<>"纳入","",IF(VALUE(F43)=6,"",IF(VALUE(F43)=3,0.5,IF(OR(AND(VALUE(F43)<3,P43=R43),AND(VALUE(F43)>3,Q43=R43)),1,0)))) | AB43: =IF(M43<>"纳入","",IF(VALUE(G43)=6,"",IF(VALUE(G43)=3,0.5,IF(OR(AND(VALUE(G43)<3,P43=R43),AND(VALUE(G43)>3,Q43=R43)),1,0)))) | AC43: =IF(M43<>"纳入","",IF(VALUE(H43)=6,"",IF(VALUE(H43)=3,0.5,IF(OR(AND(VALUE(H43)<3,P43=R43),AND(VALUE(H43)>3,Q43=R43)),1,0)))) | AD43: =IF(M43<>"纳入","",IF(VALUE(I43)=6,"",IF(VALUE(I43)=3,0.5,IF(OR(AND(VALUE(I43)<3,P43=R43),AND(VALUE(I43)>3,Q43=R43)),1,0))))
A44: Q07 | B44: 2 | C44: A 5 / B 6 / 评分 7 | L44: =SUM(IFERROR(IF(AND(VALUE(D44)>=1,VALUE(D44)<=6,MOD(VALUE(D44),1)=0),1,0),0),IFERROR(IF(AND(VALUE(E44)>=1,VALUE(E44)<=6,MOD(VALUE(E44),1)=0),1,0),0),IFERROR(IF(AND(VALUE(F44)>=1,VALUE(F44)<=6,MOD(VALUE(F44),1)=0),1,0),0),IFERROR(IF(AND(VALUE(G44)>=1,VALUE(G44)<=6,MOD(VALUE(G44),1)=0),1,0),0),IFERROR(IF(AND(VALUE(H44)>=1,VALUE(H44)<=6,MOD(VALUE(H44),1)=0),1,0),0),IFERROR(IF(AND(VALUE(I44)>=1,VALUE(I44)<=6,MOD(VALUE(I44),1)=0),1,0),0)) -> 0 | M44: ='参与者登记'!K13 -> 待回收 | N44: 模型 | O44: lwb_hidden_v2_01 | P44: Gemini 3.1 Pro Preview | Q44: GPT-5.6 Sol | R44: Gemini 3.1 Pro Preview | S44: GPT-5.6 Sol | T44: =IF(M44<>"纳入","",IF(VALUE(D44)=6,"",IF(VALUE(D44)=3,0.5,IF(OR(AND(VALUE(D44)<3,P44=R44),AND(VALUE(D44)>3,Q44=R44)),1,0)))) | U44: =IF(AND(M44="纳入",IFERROR(VALUE(D44),0)=6),1,0) -> 0 | V44: =IF(AND(M44="纳入",IFERROR(VALUE(D44),0)=3),1,0) -> 0 | W44: =IF(AND(M44="纳入",ISNUMBER(T44),T44=1),1,0) -> 0 | X44: =IF(AND(M44="纳入",ISNUMBER(T44),T44=0),1,0) -> 0 | Y44: =IF(AND(M44="纳入",ISNUMBER(T44)),1,0) -> 0 | Z44: =IF(M44<>"纳入","",IF(VALUE(E44)=6,"",IF(VALUE(E44)=3,0.5,IF(OR(AND(VALUE(E44)<3,P44=R44),AND(VALUE(E44)>3,Q44=R44)),1,0)))) | AA44: =IF(M44<>"纳入","",IF(VALUE(F44)=6,"",IF(VALUE(F44)=3,0.5,IF(OR(AND(VALUE(F44)<3,P44=R44),AND(VALUE(F44)>3,Q44=R44)),1,0)))) | AB44: =IF(M44<>"纳入","",IF(VALUE(G44)=6,"",IF(VALUE(G44)=3,0.5,IF(OR(AND(VALUE(G44)<3,P44=R44),AND(VALUE(G44)>3,Q44=R44)),1,0)))) | AC44: =IF(M44<>"纳入","",IF(VALUE(H44)=6,"",IF(VALUE(H44)=3,0.5,IF(OR(AND(VALUE(H44)<3,P44=R44),AND(VALUE(H44)>3,Q44=R44)),1,0)))) | AD44: =IF(M44<>"纳入","",IF(VALUE(I44)=6,"",IF(VALUE(I44)=3,0.5,IF(OR(AND(VALUE(I44)<3,P44=R44),AND(VALUE(I44)>3,Q44=R44)),1,0))))
A45: Q07 | B45: 3 | C45: A 8 / B 9 / 评分 10 | L45: =SUM(IFERROR(IF(AND(VALUE(D45)>=1,VALUE(D45)<=6,MOD(VALUE(D45),1)=0),1,0),0),IFERROR(IF(AND(VALUE(E45)>=1,VALUE(E45)<=6,MOD(VALUE(E45),1)=0),1,0),0),IFERROR(IF(AND(VALUE(F45)>=1,VALUE(F45)<=6,MOD(VALUE(F45),1)=0),1,0),0),IFERROR(IF(AND(VALUE(G45)>=1,VALUE(G45)<=6,MOD(VALUE(G45),1)=0),1,0),0),IFERROR(IF(AND(VALUE(H45)>=1,VALUE(H45)<=6,MOD(VALUE(H45),1)=0),1,0),0),IFERROR(IF(AND(VALUE(I45)>=1,VALUE(I45)<=6,MOD(VALUE(I45),1)=0),1,0),0)) -> 0 | M45: ='参与者登记'!K13 -> 待回收 | N45: 架构 | O45: night_market_of_unfinished_weather | P45: 单次生成基线 | Q45: 完整 Agora | R45: 完整 Agora | S45: 单次生成基线 | T45: =IF(M45<>"纳入","",IF(VALUE(D45)=6,"",IF(VALUE(D45)=3,0.5,IF(OR(AND(VALUE(D45)<3,P45=R45),AND(VALUE(D45)>3,Q45=R45)),1,0)))) | U45: =IF(AND(M45="纳入",IFERROR(VALUE(D45),0)=6),1,0) -> 0 | V45: =IF(AND(M45="纳入",IFERROR(VALUE(D45),0)=3),1,0) -> 0 | W45: =IF(AND(M45="纳入",ISNUMBER(T45),T45=1),1,0) -> 0 | X45: =IF(AND(M45="纳入",ISNUMBER(T45),T45=0),1,0) -> 0 | Y45: =IF(AND(M45="纳入",ISNUMBER(T45)),1,0) -> 0 | Z45: =IF(M45<>"纳入","",IF(VALUE(E45)=6,"",IF(VALUE(E45)=3,0.5,IF(OR(AND(VALUE(E45)<3,P45=R45),AND(VALUE(E45)>3,Q45=R45)),1,0)))) | AA45: =IF(M45<>"纳入","",IF(VALUE(F45)=6,"",IF(VALUE(F45)=3,0.5,IF(OR(AND(VALUE(F45)<3,P45=R45),AND(VALUE(F45)>3,Q45=R45)),1,0)))) | AB45: =IF(M45<>"纳入","",IF(VALUE(G45)=6,"",IF(VALUE(G45)=3,0.5,IF(OR(AND(VALUE(G45)<3,P45=R45),AND(VALUE(G45)>3,Q45=R45)),1,0)))) | AC45: =IF(M45<>"纳入","",IF(VALUE(H45)=6,"",IF(VALUE(H45)=3,0.5,IF(OR(AND(VALUE(H45)<3,P45=R45),AND(VALUE(H45)>3,Q45=R45)),1,0)))) | AD45: =IF(M45<>"纳入","",IF(VALUE(I45)=6,"",IF(VALUE(I45)=3,0.5,IF(OR(AND(VALUE(I45)<3,P45=R45),AND(VALUE(I45)>3,Q45=R45)),1,0))))
A46: Q07 | B46: 4 | C46: A 11 / B 12 / 评分 13 | L46: =SUM(IFERROR(IF(AND(VALUE(D46)>=1,VALUE(D46)<=6,MOD(VALUE(D46),1)=0),1,0),0),IFERROR(IF(AND(VALUE(E46)>=1,VALUE(E46)<=6,MOD(VALUE(E46),1)=0),1,0),0),IFERROR(IF(AND(VALUE(F46)>=1,VALUE(F46)<=6,MOD(VALUE(F46),1)=0),1,0),0),IFERROR(IF(AND(VALUE(G46)>=1,VALUE(G46)<=6,MOD(VALUE(G46),1)=0),1,0),0),IFERROR(IF(AND(VALUE(H46)>=1,VALUE(H46)<=6,MOD(VALUE(H46),1)=0),1,0),0),IFERROR(IF(AND(VALUE(I46)>=1,VALUE(I46)<=6,MOD(VALUE(I46),1)=0),1,0),0)) -> 0 | M46: ='参与者登记'!K13 -> 待回收 | N46: 模型 | O46: lwb_hidden_v2_02 | P46: Gemini 2.5 Flash | Q46: Gemini 3.1 Flash Lite | R46: Gemini 2.5 Flash | S46: Gemini 3.1 Flash Lite | T46: =IF(M46<>"纳入","",IF(VALUE(D46)=6,"",IF(VALUE(D46)=3,0.5,IF(OR(AND(VALUE(D46)<3,P46=R46),AND(VALUE(D46)>3,Q46=R46)),1,0)))) | U46: =IF(AND(M46="纳入",IFERROR(VALUE(D46),0)=6),1,0) -> 0 | V46: =IF(AND(M46="纳入",IFERROR(VALUE(D46),0)=3),1,0) -> 0 | W46: =IF(AND(M46="纳入",ISNUMBER(T46),T46=1),1,0) -> 0 | X46: =IF(AND(M46="纳入",ISNUMBER(T46),T46=0),1,0) -> 0 | Y46: =IF(AND(M46="纳入",ISNUMBER(T46)),1,0) -> 0 | Z46: =IF(M46<>"纳入","",IF(VALUE(E46)=6,"",IF(VALUE(E46)=3,0.5,IF(OR(AND(VALUE(E46)<3,P46=R46),AND(VALUE(E46)>3,Q46=R46)),1,0)))) | AA46: =IF(M46<>"纳入","",IF(VALUE(F46)=6,"",IF(VALUE(F46)=3,0.5,IF(OR(AND(VALUE(F46)<3,P46=R46),AND(VALUE(F46)>3,Q46=R46)),1,0)))) | AB46: =IF(M46<>"纳入","",IF(VALUE(G46)=6,"",IF(VALUE(G46)=3,0.5,IF(OR(AND(VALUE(G46)<3,P46=R46),AND(VALUE(G46)>3,Q46=R46)),1,0)))) | AC46: =IF(M46<>"纳入","",IF(VALUE(H46)=6,"",IF(VALUE(H46)=3,0.5,IF(OR(AND(VALUE(H46)<3,P46=R46),AND(VALUE(H46)>3,Q46=R46)),1,0)))) | AD46: =IF(M46<>"纳入","",IF(VALUE(I46)=6,"",IF(VALUE(I46)=3,0.5,IF(OR(AND(VALUE(I46)<3,P46=R46),AND(VALUE(I46)>3,Q46=R46)),1,0))))
A47: Q07 | B47: 5 | C47: A 14 / B 15 / 评分 16 | L47: =SUM(IFERROR(IF(AND(VALUE(D47)>=1,VALUE(D47)<=6,MOD(VALUE(D47),1)=0),1,0),0),IFERROR(IF(AND(VALUE(E47)>=1,VALUE(E47)<=6,MOD(VALUE(E47),1)=0),1,0),0),IFERROR(IF(AND(VALUE(F47)>=1,VALUE(F47)<=6,MOD(VALUE(F47),1)=0),1,0),0),IFERROR(IF(AND(VALUE(G47)>=1,VALUE(G47)<=6,MOD(VALUE(G47),1)=0),1,0),0),IFERROR(IF(AND(VALUE(H47)>=1,VALUE(H47)<=6,MOD(VALUE(H47),1)=0),1,0),0),IFERROR(IF(AND(VALUE(I47)>=1,VALUE(I47)<=6,MOD(VALUE(I47),1)=0),1,0),0)) -> 0 | M47: ='参与者登记'!K13 -> 待回收 | N47: 模型 | O47: lwb_hidden_v2_01 | P47: Gemini 2.5 Flash | Q47: GPT-5.6 Terra | R47: Gemini 2.5 Flash | S47: GPT-5.6 Terra | T47: =IF(M47<>"纳入","",IF(VALUE(D47)=6,"",IF(VALUE(D47)=3,0.5,IF(OR(AND(VALUE(D47)<3,P47=R47),AND(VALUE(D47)>3,Q47=R47)),1,0)))) | U47: =IF(AND(M47="纳入",IFERROR(VALUE(D47),0)=6),1,0) -> 0 | V47: =IF(AND(M47="纳入",IFERROR(VALUE(D47),0)=3),1,0) -> 0 | W47: =IF(AND(M47="纳入",ISNUMBER(T47),T47=1),1,0) -> 0 | X47: =IF(AND(M47="纳入",ISNUMBER(T47),T47=0),1,0) -> 0 | Y47: =IF(AND(M47="纳入",ISNUMBER(T47)),1,0) -> 0 | Z47: =IF(M47<>"纳入","",IF(VALUE(E47)=6,"",IF(VALUE(E47)=3,0.5,IF(OR(AND(VALUE(E47)<3,P47=R47),AND(VALUE(E47)>3,Q47=R47)),1,0)))) | AA47: =IF(M47<>"纳入","",IF(VALUE(F47)=6,"",IF(VALUE(F47)=3,0.5,IF(OR(AND(VALUE(F47)<3,P47=R47),AND(VALUE(F47)>3,Q47=R47)),1,0)))) | AB47: =IF(M47<>"纳入","",IF(VALUE(G47)=6,"",IF(VALUE(G47)=3,0.5,IF(OR(AND(VALUE(G47)<3,P47=R47),AND(VALUE(G47)>3,Q47=R47)),1,0)))) | AC47: =IF(M47<>"纳入","",IF(VALUE(H47)=6,"",IF(VALUE(H47)=3,0.5,IF(OR(AND(VALUE(H47)<3,P47=R47),AND(VALUE(H47)>3,Q47=R47)),1,0)))) | AD47: =IF(M47<>"纳入","",IF(VALUE(I47)=6,"",IF(VALUE(I47)=3,0.5,IF(OR(AND(VALUE(I47)<3,P47=R47),AND(VALUE(I47)>3,Q47=R47)),1,0))))
A48: Q07 | B48: 6 | C48: A 17 / B 18 / 评分 19 | L48: =SUM(IFERROR(IF(AND(VALUE(D48)>=1,VALUE(D48)<=6,MOD(VALUE(D48),1)=0),1,0),0),IFERROR(IF(AND(VALUE(E48)>=1,VALUE(E48)<=6,MOD(VALUE(E48),1)=0),1,0),0),IFERROR(IF(AND(VALUE(F48)>=1,VALUE(F48)<=6,MOD(VALUE(F48),1)=0),1,0),0),IFERROR(IF(AND(VALUE(G48)>=1,VALUE(G48)<=6,MOD(VALUE(G48),1)=0),1,0),0),IFERROR(IF(AND(VALUE(H48)>=1,VALUE(H48)<=6,MOD(VALUE(H48),1)=0),1,0),0),IFERROR(IF(AND(VALUE(I48)>=1,VALUE(I48)<=6,MOD(VALUE(I48),1)=0),1,0),0)) -> 0 | M48: ='参与者登记'!K13 -> 待回收 | N48: 架构 | O48: clockwork_rain_conservatory | P48: 完整 Agora | Q48: 单次生成基线 | R48: 完整 Agora | S48: 单次生成基线 | T48: =IF(M48<>"纳入","",IF(VALUE(D48)=6,"",IF(VALUE(D48)=3,0.5,IF(OR(AND(VALUE(D48)<3,P48=R48),AND(VALUE(D48)>3,Q48=R48)),1,0)))) | U48: =IF(AND(M48="纳入",IFERROR(VALUE(D48),0)=6),1,0) -> 0 | V48: =IF(AND(M48="纳入",IFERROR(VALUE(D48),0)=3),1,0) -> 0 | W48: =IF(AND(M48="纳入",ISNUMBER(T48),T48=1),1,0) -> 0 | X48: =IF(AND(M48="纳入",ISNUMBER(T48),T48=0),1,0) -> 0 | Y48: =IF(AND(M48="纳入",ISNUMBER(T48)),1,0) -> 0 | Z48: =IF(M48<>"纳入","",IF(VALUE(E48)=6,"",IF(VALUE(E48)=3,0.5,IF(OR(AND(VALUE(E48)<3,P48=R48),AND(VALUE(E48)>3,Q48=R48)),1,0)))) | AA48: =IF(M48<>"纳入","",IF(VALUE(F48)=6,"",IF(VALUE(F48)=3,0.5,IF(OR(AND(VALUE(F48)<3,P48=R48),AND(VALUE(F48)>3,Q48=R48)),1,0)))) | AB48: =IF(M48<>"纳入","",IF(VALUE(G48)=6,"",IF(VALUE(G48)=3,0.5,IF(OR(AND(VALUE(G48)<3,P48=R48),AND(VALUE(G48)>3,Q48=R48)),1,0)))) | AC48: =IF(M48<>"纳入","",IF(VALUE(H48)=6,"",IF(VALUE(H48)=3,0.5,IF(OR(AND(VALUE(H48)<3,P48=R48),AND(VALUE(H48)>3,Q48=R48)),1,0)))) | AD48: =IF(M48<>"纳入","",IF(VALUE(I48)=6,"",IF(VALUE(I48)=3,0.5,IF(OR(AND(VALUE(I48)<3,P48=R48),AND(VALUE(I48)>3,Q48=R48)),1,0))))
A49: Q08 | B49: 1 | C49: A 2 / B 3 / 评分 4 | L49: =SUM(IFERROR(IF(AND(VALUE(D49)>=1,VALUE(D49)<=6,MOD(VALUE(D49),1)=0),1,0),0),IFERROR(IF(AND(VALUE(E49)>=1,VALUE(E49)<=6,MOD(VALUE(E49),1)=0),1,0),0),IFERROR(IF(AND(VALUE(F49)>=1,VALUE(F49)<=6,MOD(VALUE(F49),1)=0),1,0),0),IFERROR(IF(AND(VALUE(G49)>=1,VALUE(G49)<=6,MOD(VALUE(G49),1)=0),1,0),0),IFERROR(IF(AND(VALUE(H49)>=1,VALUE(H49)<=6,MOD(VALUE(H49),1)=0),1,0),0),IFERROR(IF(AND(VALUE(I49)>=1,VALUE(I49)<=6,MOD(VALUE(I49),1)=0),1,0),0)) -> 0 | M49: ='参与者登记'!K14 -> 待回收 | N49: 模型 | O49: lwb_hidden_v2_03 | P49: Gemini 3.1 Pro Preview | Q49: GPT-5.6 Sol | R49: Gemini 3.1 Pro Preview | S49: GPT-5.6 Sol | T49: =IF(M49<>"纳入","",IF(VALUE(D49)=6,"",IF(VALUE(D49)=3,0.5,IF(OR(AND(VALUE(D49)<3,P49=R49),AND(VALUE(D49)>3,Q49=R49)),1,0)))) | U49: =IF(AND(M49="纳入",IFERROR(VALUE(D49),0)=6),1,0) -> 0 | V49: =IF(AND(M49="纳入",IFERROR(VALUE(D49),0)=3),1,0) -> 0 | W49: =IF(AND(M49="纳入",ISNUMBER(T49),T49=1),1,0) -> 0 | X49: =IF(AND(M49="纳入",ISNUMBER(T49),T49=0),1,0) -> 0 | Y49: =IF(AND(M49="纳入",ISNUMBER(T49)),1,0) -> 0 | Z49: =IF(M49<>"纳入","",IF(VALUE(E49)=6,"",IF(VALUE(E49)=3,0.5,IF(OR(AND(VALUE(E49)<3,P49=R49),AND(VALUE(E49)>3,Q49=R49)),1,0)))) | AA49: =IF(M49<>"纳入","",IF(VALUE(F49)=6,"",IF(VALUE(F49)=3,0.5,IF(OR(AND(VALUE(F49)<3,P49=R49),AND(VALUE(F49)>3,Q49=R49)),1,0)))) | AB49: =IF(M49<>"纳入","",IF(VALUE(G49)=6,"",IF(VALUE(G49)=3,0.5,IF(OR(AND(VALUE(G49)<3,P49=R49),AND(VALUE(G49)>3,Q49=R49)),1,0)))) | AC49: =IF(M49<>"纳入","",IF(VALUE(H49)=6,"",IF(VALUE(H49)=3,0.5,IF(OR(AND(VALUE(H49)<3,P49=R49),AND(VALUE(H49)>3,Q49=R49)),1,0)))) | AD49: =IF(M49<>"纳入","",IF(VALUE(I49)=6,"",IF(VALUE(I49)=3,0.5,IF(OR(AND(VALUE(I49)<3,P49=R49),AND(VALUE(I49)>3,Q49=R49)),1,0))))
A50: Q08 | B50: 2 | C50: A 5 / B 6 / 评分 7 | L50: =SUM(IFERROR(IF(AND(VALUE(D50)>=1,VALUE(D50)<=6,MOD(VALUE(D50),1)=0),1,0),0),IFERROR(IF(AND(VALUE(E50)>=1,VALUE(E50)<=6,MOD(VALUE(E50),1)=0),1,0),0),IFERROR(IF(AND(VALUE(F50)>=1,VALUE(F50)<=6,MOD(VALUE(F50),1)=0),1,0),0),IFERROR(IF(AND(VALUE(G50)>=1,VALUE(G50)<=6,MOD(VALUE(G50),1)=0),1,0),0),IFERROR(IF(AND(VALUE(H50)>=1,VALUE(H50)<=6,MOD(VALUE(H50),1)=0),1,0),0),IFERROR(IF(AND(VALUE(I50)>=1,VALUE(I50)<=6,MOD(VALUE(I50),1)=0),1,0),0)) -> 0 | M50: ='参与者登记'!K14 -> 待回收 | N50: 架构 | O50: museum_of_future_debts | P50: 完整 Agora | Q50: 单次生成基线 | R50: 完整 Agora | S50: 单次生成基线 | T50: =IF(M50<>"纳入","",IF(VALUE(D50)=6,"",IF(VALUE(D50)=3,0.5,IF(OR(AND(VALUE(D50)<3,P50=R50),AND(VALUE(D50)>3,Q50=R50)),1,0)))) | U50: =IF(AND(M50="纳入",IFERROR(VALUE(D50),0)=6),1,0) -> 0 | V50: =IF(AND(M50="纳入",IFERROR(VALUE(D50),0)=3),1,0) -> 0 | W50: =IF(AND(M50="纳入",ISNUMBER(T50),T50=1),1,0) -> 0 | X50: =IF(AND(M50="纳入",ISNUMBER(T50),T50=0),1,0) -> 0 | Y50: =IF(AND(M50="纳入",ISNUMBER(T50)),1,0) -> 0 | Z50: =IF(M50<>"纳入","",IF(VALUE(E50)=6,"",IF(VALUE(E50)=3,0.5,IF(OR(AND(VALUE(E50)<3,P50=R50),AND(VALUE(E50)>3,Q50=R50)),1,0)))) | AA50: =IF(M50<>"纳入","",IF(VALUE(F50)=6,"",IF(VALUE(F50)=3,0.5,IF(OR(AND(VALUE(F50)<3,P50=R50),AND(VALUE(F50)>3,Q50=R50)),1,0)))) | AB50: =IF(M50<>"纳入","",IF(VALUE(G50)=6,"",IF(VALUE(G50)=3,0.5,IF(OR(AND(VALUE(G50)<3,P50=R50),AND(VALUE(G50)>3,Q50=R50)),1,0)))) | AC50: =IF(M50<>"纳入","",IF(VALUE(H50)=6,"",IF(VALUE(H50)=3,0.5,IF(OR(AND(VALUE(H50)<3,P50=R50),AND(VALUE(H50)>3,Q50=R50)),1,0)))) | AD50: =IF(M50<>"纳入","",IF(VALUE(I50)=6,"",IF(VALUE(I50)=3,0.5,IF(OR(AND(VALUE(I50)<3,P50=R50),AND(VALUE(I50)>3,Q50=R50)),1,0))))
A51: Q08 | B51: 3 | C51: A 8 / B 9 / 评分 10 | L51: =SUM(IFERROR(IF(AND(VALUE(D51)>=1,VALUE(D51)<=6,MOD(VALUE(D51),1)=0),1,0),0),IFERROR(IF(AND(VALUE(E51)>=1,VALUE(E51)<=6,MOD(VALUE(E51),1)=0),1,0),0),IFERROR(IF(AND(VALUE(F51)>=1,VALUE(F51)<=6,MOD(VALUE(F51),1)=0),1,0),0),IFERROR(IF(AND(VALUE(G51)>=1,VALUE(G51)<=6,MOD(VALUE(G51),1)=0),1,0),0),IFERROR(IF(AND(VALUE(H51)>=1,VALUE(H51)<=6,MOD(VALUE(H51),1)=0),1,0),0),IFERROR(IF(AND(VALUE(I51)>=1,VALUE(I51)<=6,MOD(VALUE(I51),1)=0),1,0),0)) -> 0 | M51: ='参与者登记'!K14 -> 待回收 | N51: 模型 | O51: lwb_hidden_v2_01 | P51: Gemini 2.5 Flash | Q51: Gemini 3.1 Pro Preview | R51: Gemini 2.5 Flash | S51: Gemini 3.1 Pro Preview | T51: =IF(M51<>"纳入","",IF(VALUE(D51)=6,"",IF(VALUE(D51)=3,0.5,IF(OR(AND(VALUE(D51)<3,P51=R51),AND(VALUE(D51)>3,Q51=R51)),1,0)))) | U51: =IF(AND(M51="纳入",IFERROR(VALUE(D51),0)=6),1,0) -> 0 | V51: =IF(AND(M51="纳入",IFERROR(VALUE(D51),0)=3),1,0) -> 0 | W51: =IF(AND(M51="纳入",ISNUMBER(T51),T51=1),1,0) -> 0 | X51: =IF(AND(M51="纳入",ISNUMBER(T51),T51=0),1,0) -> 0 | Y51: =IF(AND(M51="纳入",ISNUMBER(T51)),1,0) -> 0 | Z51: =IF(M51<>"纳入","",IF(VALUE(E51)=6,"",IF(VALUE(E51)=3,0.5,IF(OR(AND(VALUE(E51)<3,P51=R51),AND(VALUE(E51)>3,Q51=R51)),1,0)))) | AA51: =IF(M51<>"纳入","",IF(VALUE(F51)=6,"",IF(VALUE(F51)=3,0.5,IF(OR(AND(VALUE(F51)<3,P51=R51),AND(VALUE(F51)>3,Q51=R51)),1,0)))) | AB51: =IF(M51<>"纳入","",IF(VALUE(G51)=6,"",IF(VALUE(G51)=3,0.5,IF(OR(AND(VALUE(G51)<3,P51=R51),AND(VALUE(G51)>3,Q51=R51)),1,0)))) | AC51: =IF(M51<>"纳入","",IF(VALUE(H51)=6,"",IF(VALUE(H51)=3,0.5,IF(OR(AND(VALUE(H51)<3,P51=R51),AND(VALUE(H51)>3,Q51=R51)),1,0)))) | AD51: =IF(M51<>"纳入","",IF(VALUE(I51)=6,"",IF(VALUE(I51)=3,0.5,IF(OR(AND(VALUE(I51)<3,P51=R51),AND(VALUE(I51)>3,Q51=R51)),1,0))))
A52: Q08 | B52: 4 | C52: A 11 / B 12 / 评分 13 | L52: =SUM(IFERROR(IF(AND(VALUE(D52)>=1,VALUE(D52)<=6,MOD(VALUE(D52),1)=0),1,0),0),IFERROR(IF(AND(VALUE(E52)>=1,VALUE(E52)<=6,MOD(VALUE(E52),1)=0),1,0),0),IFERROR(IF(AND(VALUE(F52)>=1,VALUE(F52)<=6,MOD(VALUE(F52),1)=0),1,0),0),IFERROR(IF(AND(VALUE(G52)>=1,VALUE(G52)<=6,MOD(VALUE(G52),1)=0),1,0),0),IFERROR(IF(AND(VALUE(H52)>=1,VALUE(H52)<=6,MOD(VALUE(H52),1)=0),1,0),0),IFERROR(IF(AND(VALUE(I52)>=1,VALUE(I52)<=6,MOD(VALUE(I52),1)=0),1,0),0)) -> 0 | M52: ='参与者登记'!K14 -> 待回收 | N52: 模型 | O52: lwb_hidden_v2_01 | P52: GPT-5.6 Terra | Q52: Gemini 3.5 Flash Lite | R52: Gemini 3.5 Flash Lite | S52: GPT-5.6 Terra | T52: =IF(M52<>"纳入","",IF(VALUE(D52)=6,"",IF(VALUE(D52)=3,0.5,IF(OR(AND(VALUE(D52)<3,P52=R52),AND(VALUE(D52)>3,Q52=R52)),1,0)))) | U52: =IF(AND(M52="纳入",IFERROR(VALUE(D52),0)=6),1,0) -> 0 | V52: =IF(AND(M52="纳入",IFERROR(VALUE(D52),0)=3),1,0) -> 0 | W52: =IF(AND(M52="纳入",ISNUMBER(T52),T52=1),1,0) -> 0 | X52: =IF(AND(M52="纳入",ISNUMBER(T52),T52=0),1,0) -> 0 | Y52: =IF(AND(M52="纳入",ISNUMBER(T52)),1,0) -> 0 | Z52: =IF(M52<>"纳入","",IF(VALUE(E52)=6,"",IF(VALUE(E52)=3,0.5,IF(OR(AND(VALUE(E52)<3,P52=R52),AND(VALUE(E52)>3,Q52=R52)),1,0)))) | AA52: =IF(M52<>"纳入","",IF(VALUE(F52)=6,"",IF(VALUE(F52)=3,0.5,IF(OR(AND(VALUE(F52)<3,P52=R52),AND(VALUE(F52)>3,Q52=R52)),1,0)))) | AB52: =IF(M52<>"纳入","",IF(VALUE(G52)=6,"",IF(VALUE(G52)=3,0.5,IF(OR(AND(VALUE(G52)<3,P52=R52),AND(VALUE(G52)>3,Q52=R52)),1,0)))) | AC52: =IF(M52<>"纳入","",IF(VALUE(H52)=6,"",IF(VALUE(H52)=3,0.5,IF(OR(AND(VALUE(H52)<3,P52=R52),AND(VALUE(H52)>3,Q52=R52)),1,0)))) | AD52: =IF(M52<>"纳入","",IF(VALUE(I52)=6,"",IF(VALUE(I52)=3,0.5,IF(OR(AND(VALUE(I52)<3,P52=R52),AND(VALUE(I52)>3,Q52=R52)),1,0))))
A53: Q08 | B53: 5 | C53: A 14 / B 15 / 评分 16 | L53: =SUM(IFERROR(IF(AND(VALUE(D53)>=1,VALUE(D53)<=6,MOD(VALUE(D53),1)=0),1,0),0),IFERROR(IF(AND(VALUE(E53)>=1,VALUE(E53)<=6,MOD(VALUE(E53),1)=0),1,0),0),IFERROR(IF(AND(VALUE(F53)>=1,VALUE(F53)<=6,MOD(VALUE(F53),1)=0),1,0),0),IFERROR(IF(AND(VALUE(G53)>=1,VALUE(G53)<=6,MOD(VALUE(G53),1)=0),1,0),0),IFERROR(IF(AND(VALUE(H53)>=1,VALUE(H53)<=6,MOD(VALUE(H53),1)=0),1,0),0),IFERROR(IF(AND(VALUE(I53)>=1,VALUE(I53)<=6,MOD(VALUE(I53),1)=0),1,0),0)) -> 0 | M53: ='参与者登记'!K14 -> 待回收 | N53: 架构 | O53: cartographer_lung_exchange | P53: 单次生成基线 | Q53: 完整 Agora | R53: 完整 Agora | S53: 单次生成基线 | T53: =IF(M53<>"纳入","",IF(VALUE(D53)=6,"",IF(VALUE(D53)=3,0.5,IF(OR(AND(VALUE(D53)<3,P53=R53),AND(VALUE(D53)>3,Q53=R53)),1,0)))) | U53: =IF(AND(M53="纳入",IFERROR(VALUE(D53),0)=6),1,0) -> 0 | V53: =IF(AND(M53="纳入",IFERROR(VALUE(D53),0)=3),1,0) -> 0 | W53: =IF(AND(M53="纳入",ISNUMBER(T53),T53=1),1,0) -> 0 | X53: =IF(AND(M53="纳入",ISNUMBER(T53),T53=0),1,0) -> 0 | Y53: =IF(AND(M53="纳入",ISNUMBER(T53)),1,0) -> 0 | Z53: =IF(M53<>"纳入","",IF(VALUE(E53)=6,"",IF(VALUE(E53)=3,0.5,IF(OR(AND(VALUE(E53)<3,P53=R53),AND(VALUE(E53)>3,Q53=R53)),1,0)))) | AA53: =IF(M53<>"纳入","",IF(VALUE(F53)=6,"",IF(VALUE(F53)=3,0.5,IF(OR(AND(VALUE(F53)<3,P53=R53),AND(VALUE(F53)>3,Q53=R53)),1,0)))) | AB53: =IF(M53<>"纳入","",IF(VALUE(G53)=6,"",IF(VALUE(G53)=3,0.5,IF(OR(AND(VALUE(G53)<3,P53=R53),AND(VALUE(G53)>3,Q53=R53)),1,0)))) | AC53: =IF(M53<>"纳入","",IF(VALUE(H53)=6,"",IF(VALUE(H53)=3,0.5,IF(OR(AND(VALUE(H53)<3,P53=R53),AND(VALUE(H53)>3,Q53=R53)),1,0)))) | AD53: =IF(M53<>"纳入","",IF(VALUE(I53)=6,"",IF(VALUE(I53)=3,0.5,IF(OR(AND(VALUE(I53)<3,P53=R53),AND(VALUE(I53)>3,Q53=R53)),1,0))))
A54: Q08 | B54: 6 | C54: A 17 / B 18 / 评分 19 | L54: =SUM(IFERROR(IF(AND(VALUE(D54)>=1,VALUE(D54)<=6,MOD(VALUE(D54),1)=0),1,0),0),IFERROR(IF(AND(VALUE(E54)>=1,VALUE(E54)<=6,MOD(VALUE(E54),1)=0),1,0),0),IFERROR(IF(AND(VALUE(F54)>=1,VALUE(F54)<=6,MOD(VALUE(F54),1)=0),1,0),0),IFERROR(IF(AND(VALUE(G54)>=1,VALUE(G54)<=6,MOD(VALUE(G54),1)=0),1,0),0),IFERROR(IF(AND(VALUE(H54)>=1,VALUE(H54)<=6,MOD(VALUE(H54),1)=0),1,0),0),IFERROR(IF(AND(VALUE(I54)>=1,VALUE(I54)<=6,MOD(VALUE(I54),1)=0),1,0),0)) -> 0 | M54: ='参与者登记'!K14 -> 待回收 | N54: 模型 | O54: lwb_hidden_v2_02 | P54: Gemini 3.1 Pro Preview | Q54: GPT-5.6 Sol | R54: Gemini 3.1 Pro Preview | S54: GPT-5.6 Sol | T54: =IF(M54<>"纳入","",IF(VALUE(D54)=6,"",IF(VALUE(D54)=3,0.5,IF(OR(AND(VALUE(D54)<3,P54=R54),AND(VALUE(D54)>3,Q54=R54)),1,0)))) | U54: =IF(AND(M54="纳入",IFERROR(VALUE(D54),0)=6),1,0) -> 0 | V54: =IF(AND(M54="纳入",IFERROR(VALUE(D54),0)=3),1,0) -> 0 | W54: =IF(AND(M54="纳入",ISNUMBER(T54),T54=1),1,0) -> 0 | X54: =IF(AND(M54="纳入",ISNUMBER(T54),T54=0),1,0) -> 0 | Y54: =IF(AND(M54="纳入",ISNUMBER(T54)),1,0) -> 0 | Z54: =IF(M54<>"纳入","",IF(VALUE(E54)=6,"",IF(VALUE(E54)=3,0.5,IF(OR(AND(VALUE(E54)<3,P54=R54),AND(VALUE(E54)>3,Q54=R54)),1,0)))) | AA54: =IF(M54<>"纳入","",IF(VALUE(F54)=6,"",IF(VALUE(F54)=3,0.5,IF(OR(AND(VALUE(F54)<3,P54=R54),AND(VALUE(F54)>3,Q54=R54)),1,0)))) | AB54: =IF(M54<>"纳入","",IF(VALUE(G54)=6,"",IF(VALUE(G54)=3,0.5,IF(OR(AND(VALUE(G54)<3,P54=R54),AND(VALUE(G54)>3,Q54=R54)),1,0)))) | AC54: =IF(M54<>"纳入","",IF(VALUE(H54)=6,"",IF(VALUE(H54)=3,0.5,IF(OR(AND(VALUE(H54)<3,P54=R54),AND(VALUE(H54)>3,Q54=R54)),1,0)))) | AD54: =IF(M54<>"纳入","",IF(VALUE(I54)=6,"",IF(VALUE(I54)=3,0.5,IF(OR(AND(VALUE(I54)<3,P54=R54),AND(VALUE(I54)>3,Q54=R54)),1,0))))
A55: Q09 | B55: 1 | C55: A 2 / B 3 / 评分 4 | L55: =SUM(IFERROR(IF(AND(VALUE(D55)>=1,VALUE(D55)<=6,MOD(VALUE(D55),1)=0),1,0),0),IFERROR(IF(AND(VALUE(E55)>=1,VALUE(E55)<=6,MOD(VALUE(E55),1)=0),1,0),0),IFERROR(IF(AND(VALUE(F55)>=1,VALUE(F55)<=6,MOD(VALUE(F55),1)=0),1,0),0),IFERROR(IF(AND(VALUE(G55)>=1,VALUE(G55)<=6,MOD(VALUE(G55),1)=0),1,0),0),IFERROR(IF(AND(VALUE(H55)>=1,VALUE(H55)<=6,MOD(VALUE(H55),1)=0),1,0),0),IFERROR(IF(AND(VALUE(I55)>=1,VALUE(I55)<=6,MOD(VALUE(I55),1)=0),1,0),0)) -> 0 | M55: ='参与者登记'!K15 -> 待回收 | N55: 架构 | O55: sunken_satellite_monastery | P55: 单次生成基线 | Q55: 完整 Agora | R55: 完整 Agora | S55: 单次生成基线 | T55: =IF(M55<>"纳入","",IF(VALUE(D55)=6,"",IF(VALUE(D55)=3,0.5,IF(OR(AND(VALUE(D55)<3,P55=R55),AND(VALUE(D55)>3,Q55=R55)),1,0)))) | U55: =IF(AND(M55="纳入",IFERROR(VALUE(D55),0)=6),1,0) -> 0 | V55: =IF(AND(M55="纳入",IFERROR(VALUE(D55),0)=3),1,0) -> 0 | W55: =IF(AND(M55="纳入",ISNUMBER(T55),T55=1),1,0) -> 0 | X55: =IF(AND(M55="纳入",ISNUMBER(T55),T55=0),1,0) -> 0 | Y55: =IF(AND(M55="纳入",ISNUMBER(T55)),1,0) -> 0 | Z55: =IF(M55<>"纳入","",IF(VALUE(E55)=6,"",IF(VALUE(E55)=3,0.5,IF(OR(AND(VALUE(E55)<3,P55=R55),AND(VALUE(E55)>3,Q55=R55)),1,0)))) | AA55: =IF(M55<>"纳入","",IF(VALUE(F55)=6,"",IF(VALUE(F55)=3,0.5,IF(OR(AND(VALUE(F55)<3,P55=R55),AND(VALUE(F55)>3,Q55=R55)),1,0)))) | AB55: =IF(M55<>"纳入","",IF(VALUE(G55)=6,"",IF(VALUE(G55)=3,0.5,IF(OR(AND(VALUE(G55)<3,P55=R55),AND(VALUE(G55)>3,Q55=R55)),1,0)))) | AC55: =IF(M55<>"纳入","",IF(VALUE(H55)=6,"",IF(VALUE(H55)=3,0.5,IF(OR(AND(VALUE(H55)<3,P55=R55),AND(VALUE(H55)>3,Q55=R55)),1,0)))) | AD55: =IF(M55<>"纳入","",IF(VALUE(I55)=6,"",IF(VALUE(I55)=3,0.5,IF(OR(AND(VALUE(I55)<3,P55=R55),AND(VALUE(I55)>3,Q55=R55)),1,0))))
A56: Q09 | B56: 2 | C56: A 5 / B 6 / 评分 7 | L56: =SUM(IFERROR(IF(AND(VALUE(D56)>=1,VALUE(D56)<=6,MOD(VALUE(D56),1)=0),1,0),0),IFERROR(IF(AND(VALUE(E56)>=1,VALUE(E56)<=6,MOD(VALUE(E56),1)=0),1,0),0),IFERROR(IF(AND(VALUE(F56)>=1,VALUE(F56)<=6,MOD(VALUE(F56),1)=0),1,0),0),IFERROR(IF(AND(VALUE(G56)>=1,VALUE(G56)<=6,MOD(VALUE(G56),1)=0),1,0),0),IFERROR(IF(AND(VALUE(H56)>=1,VALUE(H56)<=6,MOD(VALUE(H56),1)=0),1,0),0),IFERROR(IF(AND(VALUE(I56)>=1,VALUE(I56)<=6,MOD(VALUE(I56),1)=0),1,0),0)) -> 0 | M56: ='参与者登记'!K15 -> 待回收 | N56: 模型 | O56: lwb_hidden_v2_01 | P56: Gemini 3.1 Flash Lite | Q56: Gemini 2.5 Flash | R56: Gemini 2.5 Flash | S56: Gemini 3.1 Flash Lite | T56: =IF(M56<>"纳入","",IF(VALUE(D56)=6,"",IF(VALUE(D56)=3,0.5,IF(OR(AND(VALUE(D56)<3,P56=R56),AND(VALUE(D56)>3,Q56=R56)),1,0)))) | U56: =IF(AND(M56="纳入",IFERROR(VALUE(D56),0)=6),1,0) -> 0 | V56: =IF(AND(M56="纳入",IFERROR(VALUE(D56),0)=3),1,0) -> 0 | W56: =IF(AND(M56="纳入",ISNUMBER(T56),T56=1),1,0) -> 0 | X56: =IF(AND(M56="纳入",ISNUMBER(T56),T56=0),1,0) -> 0 | Y56: =IF(AND(M56="纳入",ISNUMBER(T56)),1,0) -> 0 | Z56: =IF(M56<>"纳入","",IF(VALUE(E56)=6,"",IF(VALUE(E56)=3,0.5,IF(OR(AND(VALUE(E56)<3,P56=R56),AND(VALUE(E56)>3,Q56=R56)),1,0)))) | AA56: =IF(M56<>"纳入","",IF(VALUE(F56)=6,"",IF(VALUE(F56)=3,0.5,IF(OR(AND(VALUE(F56)<3,P56=R56),AND(VALUE(F56)>3,Q56=R56)),1,0)))) | AB56: =IF(M56<>"纳入","",IF(VALUE(G56)=6,"",IF(VALUE(G56)=3,0.5,IF(OR(AND(VALUE(G56)<3,P56=R56),AND(VALUE(G56)>3,Q56=R56)),1,0)))) | AC56: =IF(M56<>"纳入","",IF(VALUE(H56)=6,"",IF(VALUE(H56)=3,0.5,IF(OR(AND(VALUE(H56)<3,P56=R56),AND(VALUE(H56)>3,Q56=R56)),1,0)))) | AD56: =IF(M56<>"纳入","",IF(VALUE(I56)=6,"",IF(VALUE(I56)=3,0.5,IF(OR(AND(VALUE(I56)<3,P56=R56),AND(VALUE(I56)>3,Q56=R56)),1,0))))
A57: Q09 | B57: 3 | C57: A 8 / B 9 / 评分 10 | L57: =SUM(IFERROR(IF(AND(VALUE(D57)>=1,VALUE(D57)<=6,MOD(VALUE(D57),1)=0),1,0),0),IFERROR(IF(AND(VALUE(E57)>=1,VALUE(E57)<=6,MOD(VALUE(E57),1)=0),1,0),0),IFERROR(IF(AND(VALUE(F57)>=1,VALUE(F57)<=6,MOD(VALUE(F57),1)=0),1,0),0),IFERROR(IF(AND(VALUE(G57)>=1,VALUE(G57)<=6,MOD(VALUE(G57),1)=0),1,0),0),IFERROR(IF(AND(VALUE(H57)>=1,VALUE(H57)<=6,MOD(VALUE(H57),1)=0),1,0),0),IFERROR(IF(AND(VALUE(I57)>=1,VALUE(I57)<=6,MOD(VALUE(I57),1)=0),1,0),0)) -> 0 | M57: ='参与者登记'!K15 -> 待回收 | N57: 模型 | O57: lwb_hidden_v2_03 | P57: Gemini 2.5 Flash | Q57: Gemini 3.1 Flash Lite | R57: Gemini 2.5 Flash | S57: Gemini 3.1 Flash Lite | T57: =IF(M57<>"纳入","",IF(VALUE(D57)=6,"",IF(VALUE(D57)=3,0.5,IF(OR(AND(VALUE(D57)<3,P57=R57),AND(VALUE(D57)>3,Q57=R57)),1,0)))) | U57: =IF(AND(M57="纳入",IFERROR(VALUE(D57),0)=6),1,0) -> 0 | V57: =IF(AND(M57="纳入",IFERROR(VALUE(D57),0)=3),1,0) -> 0 | W57: =IF(AND(M57="纳入",ISNUMBER(T57),T57=1),1,0) -> 0 | X57: =IF(AND(M57="纳入",ISNUMBER(T57),T57=0),1,0) -> 0 | Y57: =IF(AND(M57="纳入",ISNUMBER(T57)),1,0) -> 0 | Z57: =IF(M57<>"纳入","",IF(VALUE(E57)=6,"",IF(VALUE(E57)=3,0.5,IF(OR(AND(VALUE(E57)<3,P57=R57),AND(VALUE(E57)>3,Q57=R57)),1,0)))) | AA57: =IF(M57<>"纳入","",IF(VALUE(F57)=6,"",IF(VALUE(F57)=3,0.5,IF(OR(AND(VALUE(F57)<3,P57=R57),AND(VALUE(F57)>3,Q57=R57)),1,0)))) | AB57: =IF(M57<>"纳入","",IF(VALUE(G57)=6,"",IF(VALUE(G57)=3,0.5,IF(OR(AND(VALUE(G57)<3,P57=R57),AND(VALUE(G57)>3,Q57=R57)),1,0)))) | AC57: =IF(M57<>"纳入","",IF(VALUE(H57)=6,"",IF(VALUE(H57)=3,0.5,IF(OR(AND(VALUE(H57)<3,P57=R57),AND(VALUE(H57)>3,Q57=R57)),1,0)))) | AD57: =IF(M57<>"纳入","",IF(VALUE(I57)=6,"",IF(VALUE(I57)=3,0.5,IF(OR(AND(VALUE(I57)<3,P57=R57),AND(VALUE(I57)>3,Q57=R57)),1,0))))
A58: Q09 | B58: 4 | C58: A 11 / B 12 / 评分 13 | L58: =SUM(IFERROR(IF(AND(VALUE(D58)>=1,VALUE(D58)<=6,MOD(VALUE(D58),1)=0),1,0),0),IFERROR(IF(AND(VALUE(E58)>=1,VALUE(E58)<=6,MOD(VALUE(E58),1)=0),1,0),0),IFERROR(IF(AND(VALUE(F58)>=1,VALUE(F58)<=6,MOD(VALUE(F58),1)=0),1,0),0),IFERROR(IF(AND(VALUE(G58)>=1,VALUE(G58)<=6,MOD(VALUE(G58),1)=0),1,0),0),IFERROR(IF(AND(VALUE(H58)>=1,VALUE(H58)<=6,MOD(VALUE(H58),1)=0),1,0),0),IFERROR(IF(AND(VALUE(I58)>=1,VALUE(I58)<=6,MOD(VALUE(I58),1)=0),1,0),0)) -> 0 | M58: ='参与者登记'!K15 -> 待回收 | N58: 架构 | O58: aurora_court_of_migrating_cities | P58: 完整 Agora | Q58: 单次生成基线 | R58: 完整 Agora | S58: 单次生成基线 | T58: =IF(M58<>"纳入","",IF(VALUE(D58)=6,"",IF(VALUE(D58)=3,0.5,IF(OR(AND(VALUE(D58)<3,P58=R58),AND(VALUE(D58)>3,Q58=R58)),1,0)))) | U58: =IF(AND(M58="纳入",IFERROR(VALUE(D58),0)=6),1,0) -> 0 | V58: =IF(AND(M58="纳入",IFERROR(VALUE(D58),0)=3),1,0) -> 0 | W58: =IF(AND(M58="纳入",ISNUMBER(T58),T58=1),1,0) -> 0 | X58: =IF(AND(M58="纳入",ISNUMBER(T58),T58=0),1,0) -> 0 | Y58: =IF(AND(M58="纳入",ISNUMBER(T58)),1,0) -> 0 | Z58: =IF(M58<>"纳入","",IF(VALUE(E58)=6,"",IF(VALUE(E58)=3,0.5,IF(OR(AND(VALUE(E58)<3,P58=R58),AND(VALUE(E58)>3,Q58=R58)),1,0)))) | AA58: =IF(M58<>"纳入","",IF(VALUE(F58)=6,"",IF(VALUE(F58)=3,0.5,IF(OR(AND(VALUE(F58)<3,P58=R58),AND(VALUE(F58)>3,Q58=R58)),1,0)))) | AB58: =IF(M58<>"纳入","",IF(VALUE(G58)=6,"",IF(VALUE(G58)=3,0.5,IF(OR(AND(VALUE(G58)<3,P58=R58),AND(VALUE(G58)>3,Q58=R58)),1,0)))) | AC58: =IF(M58<>"纳入","",IF(VALUE(H58)=6,"",IF(VALUE(H58)=3,0.5,IF(OR(AND(VALUE(H58)<3,P58=R58),AND(VALUE(H58)>3,Q58=R58)),1,0)))) | AD58: =IF(M58<>"纳入","",IF(VALUE(I58)=6,"",IF(VALUE(I58)=3,0.5,IF(OR(AND(VALUE(I58)<3,P58=R58),AND(VALUE(I58)>3,Q58=R58)),1,0))))
A59: Q09 | B59: 5 | C59: A 14 / B 15 / 评分 16 | L59: =SUM(IFERROR(IF(AND(VALUE(D59)>=1,VALUE(D59)<=6,MOD(VALUE(D59),1)=0),1,0),0),IFERROR(IF(AND(VALUE(E59)>=1,VALUE(E59)<=6,MOD(VALUE(E59),1)=0),1,0),0),IFERROR(IF(AND(VALUE(F59)>=1,VALUE(F59)<=6,MOD(VALUE(F59),1)=0),1,0),0),IFERROR(IF(AND(VALUE(G59)>=1,VALUE(G59)<=6,MOD(VALUE(G59),1)=0),1,0),0),IFERROR(IF(AND(VALUE(H59)>=1,VALUE(H59)<=6,MOD(VALUE(H59),1)=0),1,0),0),IFERROR(IF(AND(VALUE(I59)>=1,VALUE(I59)<=6,MOD(VALUE(I59),1)=0),1,0),0)) -> 0 | M59: ='参与者登记'!K15 -> 待回收 | N59: 模型 | O59: lwb_hidden_v2_01 | P59: Gemini 3.5 Flash Lite | Q59: Gemini 3.7 Flash | R59: Gemini 3.5 Flash Lite | S59: Gemini 3.7 Flash | T59: =IF(M59<>"纳入","",IF(VALUE(D59)=6,"",IF(VALUE(D59)=3,0.5,IF(OR(AND(VALUE(D59)<3,P59=R59),AND(VALUE(D59)>3,Q59=R59)),1,0)))) | U59: =IF(AND(M59="纳入",IFERROR(VALUE(D59),0)=6),1,0) -> 0 | V59: =IF(AND(M59="纳入",IFERROR(VALUE(D59),0)=3),1,0) -> 0 | W59: =IF(AND(M59="纳入",ISNUMBER(T59),T59=1),1,0) -> 0 | X59: =IF(AND(M59="纳入",ISNUMBER(T59),T59=0),1,0) -> 0 | Y59: =IF(AND(M59="纳入",ISNUMBER(T59)),1,0) -> 0 | Z59: =IF(M59<>"纳入","",IF(VALUE(E59)=6,"",IF(VALUE(E59)=3,0.5,IF(OR(AND(VALUE(E59)<3,P59=R59),AND(VALUE(E59)>3,Q59=R59)),1,0)))) | AA59: =IF(M59<>"纳入","",IF(VALUE(F59)=6,"",IF(VALUE(F59)=3,0.5,IF(OR(AND(VALUE(F59)<3,P59=R59),AND(VALUE(F59)>3,Q59=R59)),1,0)))) | AB59: =IF(M59<>"纳入","",IF(VALUE(G59)=6,"",IF(VALUE(G59)=3,0.5,IF(OR(AND(VALUE(G59)<3,P59=R59),AND(VALUE(G59)>3,Q59=R59)),1,0)))) | AC59: =IF(M59<>"纳入","",IF(VALUE(H59)=6,"",IF(VALUE(H59)=3,0.5,IF(OR(AND(VALUE(H59)<3,P59=R59),AND(VALUE(H59)>3,Q59=R59)),1,0)))) | AD59: =IF(M59<>"纳入","",IF(VALUE(I59)=6,"",IF(VALUE(I59)=3,0.5,IF(OR(AND(VALUE(I59)<3,P59=R59),AND(VALUE(I59)>3,Q59=R59)),1,0))))
A60: Q09 | B60: 6 | C60: A 17 / B 18 / 评分 19 | L60: =SUM(IFERROR(IF(AND(VALUE(D60)>=1,VALUE(D60)<=6,MOD(VALUE(D60),1)=0),1,0),0),IFERROR(IF(AND(VALUE(E60)>=1,VALUE(E60)<=6,MOD(VALUE(E60),1)=0),1,0),0),IFERROR(IF(AND(VALUE(F60)>=1,VALUE(F60)<=6,MOD(VALUE(F60),1)=0),1,0),0),IFERROR(IF(AND(VALUE(G60)>=1,VALUE(G60)<=6,MOD(VALUE(G60),1)=0),1,0),0),IFERROR(IF(AND(VALUE(H60)>=1,VALUE(H60)<=6,MOD(VALUE(H60),1)=0),1,0),0),IFERROR(IF(AND(VALUE(I60)>=1,VALUE(I60)<=6,MOD(VALUE(I60),1)=0),1,0),0)) -> 0 | M60: ='参与者登记'!K15 -> 待回收 | N60: 模型 | O60: lwb_hidden_v2_02 | P60: Gemini 3.7 Flash | Q60: Gemini 3.1 Flash Lite | R60: Gemini 3.1 Flash Lite | S60: Gemini 3.7 Flash | T60: =IF(M60<>"纳入","",IF(VALUE(D60)=6,"",IF(VALUE(D60)=3,0.5,IF(OR(AND(VALUE(D60)<3,P60=R60),AND(VALUE(D60)>3,Q60=R60)),1,0)))) | U60: =IF(AND(M60="纳入",IFERROR(VALUE(D60),0)=6),1,0) -> 0 | V60: =IF(AND(M60="纳入",IFERROR(VALUE(D60),0)=3),1,0) -> 0 | W60: =IF(AND(M60="纳入",ISNUMBER(T60),T60=1),1,0) -> 0 | X60: =IF(AND(M60="纳入",ISNUMBER(T60),T60=0),1,0) -> 0 | Y60: =IF(AND(M60="纳入",ISNUMBER(T60)),1,0) -> 0 | Z60: =IF(M60<>"纳入","",IF(VALUE(E60)=6,"",IF(VALUE(E60)=3,0.5,IF(OR(AND(VALUE(E60)<3,P60=R60),AND(VALUE(E60)>3,Q60=R60)),1,0)))) | AA60: =IF(M60<>"纳入","",IF(VALUE(F60)=6,"",IF(VALUE(F60)=3,0.5,IF(OR(AND(VALUE(F60)<3,P60=R60),AND(VALUE(F60)>3,Q60=R60)),1,0)))) | AB60: =IF(M60<>"纳入","",IF(VALUE(G60)=6,"",IF(VALUE(G60)=3,0.5,IF(OR(AND(VALUE(G60)<3,P60=R60),AND(VALUE(G60)>3,Q60=R60)),1,0)))) | AC60: =IF(M60<>"纳入","",IF(VALUE(H60)=6,"",IF(VALUE(H60)=3,0.5,IF(OR(AND(VALUE(H60)<3,P60=R60),AND(VALUE(H60)>3,Q60=R60)),1,0)))) | AD60: =IF(M60<>"纳入","",IF(VALUE(I60)=6,"",IF(VALUE(I60)=3,0.5,IF(OR(AND(VALUE(I60)<3,P60=R60),AND(VALUE(I60)>3,Q60=R60)),1,0))))
A61: Q10 | B61: 1 | C61: A 2 / B 3 / 评分 4 | L61: =SUM(IFERROR(IF(AND(VALUE(D61)>=1,VALUE(D61)<=6,MOD(VALUE(D61),1)=0),1,0),0),IFERROR(IF(AND(VALUE(E61)>=1,VALUE(E61)<=6,MOD(VALUE(E61),1)=0),1,0),0),IFERROR(IF(AND(VALUE(F61)>=1,VALUE(F61)<=6,MOD(VALUE(F61),1)=0),1,0),0),IFERROR(IF(AND(VALUE(G61)>=1,VALUE(G61)<=6,MOD(VALUE(G61),1)=0),1,0),0),IFERROR(IF(AND(VALUE(H61)>=1,VALUE(H61)<=6,MOD(VALUE(H61),1)=0),1,0),0),IFERROR(IF(AND(VALUE(I61)>=1,VALUE(I61)<=6,MOD(VALUE(I61),1)=0),1,0),0)) -> 0 | M61: ='参与者登记'!K16 -> 待回收 | N61: 模型 | O61: lwb_hidden_v2_01 | P61: GPT-5.6 Terra | Q61: Gemini 3.7 Flash | R61: Gemini 3.7 Flash | S61: GPT-5.6 Terra | T61: =IF(M61<>"纳入","",IF(VALUE(D61)=6,"",IF(VALUE(D61)=3,0.5,IF(OR(AND(VALUE(D61)<3,P61=R61),AND(VALUE(D61)>3,Q61=R61)),1,0)))) | U61: =IF(AND(M61="纳入",IFERROR(VALUE(D61),0)=6),1,0) -> 0 | V61: =IF(AND(M61="纳入",IFERROR(VALUE(D61),0)=3),1,0) -> 0 | W61: =IF(AND(M61="纳入",ISNUMBER(T61),T61=1),1,0) -> 0 | X61: =IF(AND(M61="纳入",ISNUMBER(T61),T61=0),1,0) -> 0 | Y61: =IF(AND(M61="纳入",ISNUMBER(T61)),1,0) -> 0 | Z61: =IF(M61<>"纳入","",IF(VALUE(E61)=6,"",IF(VALUE(E61)=3,0.5,IF(OR(AND(VALUE(E61)<3,P61=R61),AND(VALUE(E61)>3,Q61=R61)),1,0)))) | AA61: =IF(M61<>"纳入","",IF(VALUE(F61)=6,"",IF(VALUE(F61)=3,0.5,IF(OR(AND(VALUE(F61)<3,P61=R61),AND(VALUE(F61)>3,Q61=R61)),1,0)))) | AB61: =IF(M61<>"纳入","",IF(VALUE(G61)=6,"",IF(VALUE(G61)=3,0.5,IF(OR(AND(VALUE(G61)<3,P61=R61),AND(VALUE(G61)>3,Q61=R61)),1,0)))) | AC61: =IF(M61<>"纳入","",IF(VALUE(H61)=6,"",IF(VALUE(H61)=3,0.5,IF(OR(AND(VALUE(H61)<3,P61=R61),AND(VALUE(H61)>3,Q61=R61)),1,0)))) | AD61: =IF(M61<>"纳入","",IF(VALUE(I61)=6,"",IF(VALUE(I61)=3,0.5,IF(OR(AND(VALUE(I61)<3,P61=R61),AND(VALUE(I61)>3,Q61=R61)),1,0))))
A62: Q10 | B62: 2 | C62: A 5 / B 6 / 评分 7 | L62: =SUM(IFERROR(IF(AND(VALUE(D62)>=1,VALUE(D62)<=6,MOD(VALUE(D62),1)=0),1,0),0),IFERROR(IF(AND(VALUE(E62)>=1,VALUE(E62)<=6,MOD(VALUE(E62),1)=0),1,0),0),IFERROR(IF(AND(VALUE(F62)>=1,VALUE(F62)<=6,MOD(VALUE(F62),1)=0),1,0),0),IFERROR(IF(AND(VALUE(G62)>=1,VALUE(G62)<=6,MOD(VALUE(G62),1)=0),1,0),0),IFERROR(IF(AND(VALUE(H62)>=1,VALUE(H62)<=6,MOD(VALUE(H62),1)=0),1,0),0),IFERROR(IF(AND(VALUE(I62)>=1,VALUE(I62)<=6,MOD(VALUE(I62),1)=0),1,0),0)) -> 0 | M62: ='参与者登记'!K16 -> 待回收 | N62: 模型 | O62: lwb_hidden_v2_03 | P62: GPT-5.6 Sol | Q62: Gemini 2.5 Flash | R62: Gemini 2.5 Flash | S62: GPT-5.6 Sol | T62: =IF(M62<>"纳入","",IF(VALUE(D62)=6,"",IF(VALUE(D62)=3,0.5,IF(OR(AND(VALUE(D62)<3,P62=R62),AND(VALUE(D62)>3,Q62=R62)),1,0)))) | U62: =IF(AND(M62="纳入",IFERROR(VALUE(D62),0)=6),1,0) -> 0 | V62: =IF(AND(M62="纳入",IFERROR(VALUE(D62),0)=3),1,0) -> 0 | W62: =IF(AND(M62="纳入",ISNUMBER(T62),T62=1),1,0) -> 0 | X62: =IF(AND(M62="纳入",ISNUMBER(T62),T62=0),1,0) -> 0 | Y62: =IF(AND(M62="纳入",ISNUMBER(T62)),1,0) -> 0 | Z62: =IF(M62<>"纳入","",IF(VALUE(E62)=6,"",IF(VALUE(E62)=3,0.5,IF(OR(AND(VALUE(E62)<3,P62=R62),AND(VALUE(E62)>3,Q62=R62)),1,0)))) | AA62: =IF(M62<>"纳入","",IF(VALUE(F62)=6,"",IF(VALUE(F62)=3,0.5,IF(OR(AND(VALUE(F62)<3,P62=R62),AND(VALUE(F62)>3,Q62=R62)),1,0)))) | AB62: =IF(M62<>"纳入","",IF(VALUE(G62)=6,"",IF(VALUE(G62)=3,0.5,IF(OR(AND(VALUE(G62)<3,P62=R62),AND(VALUE(G62)>3,Q62=R62)),1,0)))) | AC62: =IF(M62<>"纳入","",IF(VALUE(H62)=6,"",IF(VALUE(H62)=3,0.5,IF(OR(AND(VALUE(H62)<3,P62=R62),AND(VALUE(H62)>3,Q62=R62)),1,0)))) | AD62: =IF(M62<>"纳入","",IF(VALUE(I62)=6,"",IF(VALUE(I62)=3,0.5,IF(OR(AND(VALUE(I62)<3,P62=R62),AND(VALUE(I62)>3,Q62=R62)),1,0))))
A63: Q10 | B63: 3 | C63: A 8 / B 9 / 评分 10 | L63: =SUM(IFERROR(IF(AND(VALUE(D63)>=1,VALUE(D63)<=6,MOD(VALUE(D63),1)=0),1,0),0),IFERROR(IF(AND(VALUE(E63)>=1,VALUE(E63)<=6,MOD(VALUE(E63),1)=0),1,0),0),IFERROR(IF(AND(VALUE(F63)>=1,VALUE(F63)<=6,MOD(VALUE(F63),1)=0),1,0),0),IFERROR(IF(AND(VALUE(G63)>=1,VALUE(G63)<=6,MOD(VALUE(G63),1)=0),1,0),0),IFERROR(IF(AND(VALUE(H63)>=1,VALUE(H63)<=6,MOD(VALUE(H63),1)=0),1,0),0),IFERROR(IF(AND(VALUE(I63)>=1,VALUE(I63)<=6,MOD(VALUE(I63),1)=0),1,0),0)) -> 0 | M63: ='参与者登记'!K16 -> 待回收 | N63: 架构 | O63: mycelium_patent_bazaar | P63: 单次生成基线 | Q63: 完整 Agora | R63: 完整 Agora | S63: 单次生成基线 | T63: =IF(M63<>"纳入","",IF(VALUE(D63)=6,"",IF(VALUE(D63)=3,0.5,IF(OR(AND(VALUE(D63)<3,P63=R63),AND(VALUE(D63)>3,Q63=R63)),1,0)))) | U63: =IF(AND(M63="纳入",IFERROR(VALUE(D63),0)=6),1,0) -> 0 | V63: =IF(AND(M63="纳入",IFERROR(VALUE(D63),0)=3),1,0) -> 0 | W63: =IF(AND(M63="纳入",ISNUMBER(T63),T63=1),1,0) -> 0 | X63: =IF(AND(M63="纳入",ISNUMBER(T63),T63=0),1,0) -> 0 | Y63: =IF(AND(M63="纳入",ISNUMBER(T63)),1,0) -> 0 | Z63: =IF(M63<>"纳入","",IF(VALUE(E63)=6,"",IF(VALUE(E63)=3,0.5,IF(OR(AND(VALUE(E63)<3,P63=R63),AND(VALUE(E63)>3,Q63=R63)),1,0)))) | AA63: =IF(M63<>"纳入","",IF(VALUE(F63)=6,"",IF(VALUE(F63)=3,0.5,IF(OR(AND(VALUE(F63)<3,P63=R63),AND(VALUE(F63)>3,Q63=R63)),1,0)))) | AB63: =IF(M63<>"纳入","",IF(VALUE(G63)=6,"",IF(VALUE(G63)=3,0.5,IF(OR(AND(VALUE(G63)<3,P63=R63),AND(VALUE(G63)>3,Q63=R63)),1,0)))) | AC63: =IF(M63<>"纳入","",IF(VALUE(H63)=6,"",IF(VALUE(H63)=3,0.5,IF(OR(AND(VALUE(H63)<3,P63=R63),AND(VALUE(H63)>3,Q63=R63)),1,0)))) | AD63: =IF(M63<>"纳入","",IF(VALUE(I63)=6,"",IF(VALUE(I63)=3,0.5,IF(OR(AND(VALUE(I63)<3,P63=R63),AND(VALUE(I63)>3,Q63=R63)),1,0))))
A64: Q10 | B64: 4 | C64: A 11 / B 12 / 评分 13 | L64: =SUM(IFERROR(IF(AND(VALUE(D64)>=1,VALUE(D64)<=6,MOD(VALUE(D64),1)=0),1,0),0),IFERROR(IF(AND(VALUE(E64)>=1,VALUE(E64)<=6,MOD(VALUE(E64),1)=0),1,0),0),IFERROR(IF(AND(VALUE(F64)>=1,VALUE(F64)<=6,MOD(VALUE(F64),1)=0),1,0),0),IFERROR(IF(AND(VALUE(G64)>=1,VALUE(G64)<=6,MOD(VALUE(G64),1)=0),1,0),0),IFERROR(IF(AND(VALUE(H64)>=1,VALUE(H64)<=6,MOD(VALUE(H64),1)=0),1,0),0),IFERROR(IF(AND(VALUE(I64)>=1,VALUE(I64)<=6,MOD(VALUE(I64),1)=0),1,0),0)) -> 0 | M64: ='参与者登记'!K16 -> 待回收 | N64: 模型 | O64: lwb_hidden_v2_02 | P64: Gemini 3.7 Flash | Q64: Gemini 2.5 Flash | R64: Gemini 2.5 Flash | S64: Gemini 3.7 Flash | T64: =IF(M64<>"纳入","",IF(VALUE(D64)=6,"",IF(VALUE(D64)=3,0.5,IF(OR(AND(VALUE(D64)<3,P64=R64),AND(VALUE(D64)>3,Q64=R64)),1,0)))) | U64: =IF(AND(M64="纳入",IFERROR(VALUE(D64),0)=6),1,0) -> 0 | V64: =IF(AND(M64="纳入",IFERROR(VALUE(D64),0)=3),1,0) -> 0 | W64: =IF(AND(M64="纳入",ISNUMBER(T64),T64=1),1,0) -> 0 | X64: =IF(AND(M64="纳入",ISNUMBER(T64),T64=0),1,0) -> 0 | Y64: =IF(AND(M64="纳入",ISNUMBER(T64)),1,0) -> 0 | Z64: =IF(M64<>"纳入","",IF(VALUE(E64)=6,"",IF(VALUE(E64)=3,0.5,IF(OR(AND(VALUE(E64)<3,P64=R64),AND(VALUE(E64)>3,Q64=R64)),1,0)))) | AA64: =IF(M64<>"纳入","",IF(VALUE(F64)=6,"",IF(VALUE(F64)=3,0.5,IF(OR(AND(VALUE(F64)<3,P64=R64),AND(VALUE(F64)>3,Q64=R64)),1,0)))) | AB64: =IF(M64<>"纳入","",IF(VALUE(G64)=6,"",IF(VALUE(G64)=3,0.5,IF(OR(AND(VALUE(G64)<3,P64=R64),AND(VALUE(G64)>3,Q64=R64)),1,0)))) | AC64: =IF(M64<>"纳入","",IF(VALUE(H64)=6,"",IF(VALUE(H64)=3,0.5,IF(OR(AND(VALUE(H64)<3,P64=R64),AND(VALUE(H64)>3,Q64=R64)),1,0)))) | AD64: =IF(M64<>"纳入","",IF(VALUE(I64)=6,"",IF(VALUE(I64)=3,0.5,IF(OR(AND(VALUE(I64)<3,P64=R64),AND(VALUE(I64)>3,Q64=R64)),1,0))))
A65: Q10 | B65: 5 | C65: A 14 / B 15 / 评分 16 | L65: =SUM(IFERROR(IF(AND(VALUE(D65)>=1,VALUE(D65)<=6,MOD(VALUE(D65),1)=0),1,0),0),IFERROR(IF(AND(VALUE(E65)>=1,VALUE(E65)<=6,MOD(VALUE(E65),1)=0),1,0),0),IFERROR(IF(AND(VALUE(F65)>=1,VALUE(F65)<=6,MOD(VALUE(F65),1)=0),1,0),0),IFERROR(IF(AND(VALUE(G65)>=1,VALUE(G65)<=6,MOD(VALUE(G65),1)=0),1,0),0),IFERROR(IF(AND(VALUE(H65)>=1,VALUE(H65)<=6,MOD(VALUE(H65),1)=0),1,0),0),IFERROR(IF(AND(VALUE(I65)>=1,VALUE(I65)<=6,MOD(VALUE(I65),1)=0),1,0),0)) -> 0 | M65: ='参与者登记'!K16 -> 待回收 | N65: 模型 | O65: lwb_hidden_v2_01 | P65: Gemini 3.1 Pro Preview | Q65: Gemini 3.5 Flash Lite | R65: Gemini 3.1 Pro Preview | S65: Gemini 3.5 Flash Lite | T65: =IF(M65<>"纳入","",IF(VALUE(D65)=6,"",IF(VALUE(D65)=3,0.5,IF(OR(AND(VALUE(D65)<3,P65=R65),AND(VALUE(D65)>3,Q65=R65)),1,0)))) | U65: =IF(AND(M65="纳入",IFERROR(VALUE(D65),0)=6),1,0) -> 0 | V65: =IF(AND(M65="纳入",IFERROR(VALUE(D65),0)=3),1,0) -> 0 | W65: =IF(AND(M65="纳入",ISNUMBER(T65),T65=1),1,0) -> 0 | X65: =IF(AND(M65="纳入",ISNUMBER(T65),T65=0),1,0) -> 0 | Y65: =IF(AND(M65="纳入",ISNUMBER(T65)),1,0) -> 0 | Z65: =IF(M65<>"纳入","",IF(VALUE(E65)=6,"",IF(VALUE(E65)=3,0.5,IF(OR(AND(VALUE(E65)<3,P65=R65),AND(VALUE(E65)>3,Q65=R65)),1,0)))) | AA65: =IF(M65<>"纳入","",IF(VALUE(F65)=6,"",IF(VALUE(F65)=3,0.5,IF(OR(AND(VALUE(F65)<3,P65=R65),AND(VALUE(F65)>3,Q65=R65)),1,0)))) | AB65: =IF(M65<>"纳入","",IF(VALUE(G65)=6,"",IF(VALUE(G65)=3,0.5,IF(OR(AND(VALUE(G65)<3,P65=R65),AND(VALUE(G65)>3,Q65=R65)),1,0)))) | AC65: =IF(M65<>"纳入","",IF(VALUE(H65)=6,"",IF(VALUE(H65)=3,0.5,IF(OR(AND(VALUE(H65)<3,P65=R65),AND(VALUE(H65)>3,Q65=R65)),1,0)))) | AD65: =IF(M65<>"纳入","",IF(VALUE(I65)=6,"",IF(VALUE(I65)=3,0.5,IF(OR(AND(VALUE(I65)<3,P65=R65),AND(VALUE(I65)>3,Q65=R65)),1,0))))
A66: Q10 | B66: 6 | C66: A 17 / B 18 / 评分 19 | L66: =SUM(IFERROR(IF(AND(VALUE(D66)>=1,VALUE(D66)<=6,MOD(VALUE(D66),1)=0),1,0),0),IFERROR(IF(AND(VALUE(E66)>=1,VALUE(E66)<=6,MOD(VALUE(E66),1)=0),1,0),0),IFERROR(IF(AND(VALUE(F66)>=1,VALUE(F66)<=6,MOD(VALUE(F66),1)=0),1,0),0),IFERROR(IF(AND(VALUE(G66)>=1,VALUE(G66)<=6,MOD(VALUE(G66),1)=0),1,0),0),IFERROR(IF(AND(VALUE(H66)>=1,VALUE(H66)<=6,MOD(VALUE(H66),1)=0),1,0),0),IFERROR(IF(AND(VALUE(I66)>=1,VALUE(I66)<=6,MOD(VALUE(I66),1)=0),1,0),0)) -> 0 | M66: ='参与者登记'!K16 -> 待回收 | N66: 架构 | O66: tidal_embassy_of_lost_languages | P66: 完整 Agora | Q66: 单次生成基线 | R66: 完整 Agora | S66: 单次生成基线 | T66: =IF(M66<>"纳入","",IF(VALUE(D66)=6,"",IF(VALUE(D66)=3,0.5,IF(OR(AND(VALUE(D66)<3,P66=R66),AND(VALUE(D66)>3,Q66=R66)),1,0)))) | U66: =IF(AND(M66="纳入",IFERROR(VALUE(D66),0)=6),1,0) -> 0 | V66: =IF(AND(M66="纳入",IFERROR(VALUE(D66),0)=3),1,0) -> 0 | W66: =IF(AND(M66="纳入",ISNUMBER(T66),T66=1),1,0) -> 0 | X66: =IF(AND(M66="纳入",ISNUMBER(T66),T66=0),1,0) -> 0 | Y66: =IF(AND(M66="纳入",ISNUMBER(T66)),1,0) -> 0 | Z66: =IF(M66<>"纳入","",IF(VALUE(E66)=6,"",IF(VALUE(E66)=3,0.5,IF(OR(AND(VALUE(E66)<3,P66=R66),AND(VALUE(E66)>3,Q66=R66)),1,0)))) | AA66: =IF(M66<>"纳入","",IF(VALUE(F66)=6,"",IF(VALUE(F66)=3,0.5,IF(OR(AND(VALUE(F66)<3,P66=R66),AND(VALUE(F66)>3,Q66=R66)),1,0)))) | AB66: =IF(M66<>"纳入","",IF(VALUE(G66)=6,"",IF(VALUE(G66)=3,0.5,IF(OR(AND(VALUE(G66)<3,P66=R66),AND(VALUE(G66)>3,Q66=R66)),1,0)))) | AC66: =IF(M66<>"纳入","",IF(VALUE(H66)=6,"",IF(VALUE(H66)=3,0.5,IF(OR(AND(VALUE(H66)<3,P66=R66),AND(VALUE(H66)>3,Q66=R66)),1,0)))) | AD66: =IF(M66<>"纳入","",IF(VALUE(I66)=6,"",IF(VALUE(I66)=3,0.5,IF(OR(AND(VALUE(I66)<3,P66=R66),AND(VALUE(I66)>3,Q66=R66)),1,0))))
A67: Q11 | B67: 1 | C67: A 2 / B 3 / 评分 4 | L67: =SUM(IFERROR(IF(AND(VALUE(D67)>=1,VALUE(D67)<=6,MOD(VALUE(D67),1)=0),1,0),0),IFERROR(IF(AND(VALUE(E67)>=1,VALUE(E67)<=6,MOD(VALUE(E67),1)=0),1,0),0),IFERROR(IF(AND(VALUE(F67)>=1,VALUE(F67)<=6,MOD(VALUE(F67),1)=0),1,0),0),IFERROR(IF(AND(VALUE(G67)>=1,VALUE(G67)<=6,MOD(VALUE(G67),1)=0),1,0),0),IFERROR(IF(AND(VALUE(H67)>=1,VALUE(H67)<=6,MOD(VALUE(H67),1)=0),1,0),0),IFERROR(IF(AND(VALUE(I67)>=1,VALUE(I67)<=6,MOD(VALUE(I67),1)=0),1,0),0)) -> 0 | M67: ='参与者登记'!K17 -> 待回收 | N67: 模型 | O67: lwb_hidden_v2_01 | P67: Gemini 3.7 Flash | Q67: Gemini 3.1 Pro Preview | R67: Gemini 3.1 Pro Preview | S67: Gemini 3.7 Flash | T67: =IF(M67<>"纳入","",IF(VALUE(D67)=6,"",IF(VALUE(D67)=3,0.5,IF(OR(AND(VALUE(D67)<3,P67=R67),AND(VALUE(D67)>3,Q67=R67)),1,0)))) | U67: =IF(AND(M67="纳入",IFERROR(VALUE(D67),0)=6),1,0) -> 0 | V67: =IF(AND(M67="纳入",IFERROR(VALUE(D67),0)=3),1,0) -> 0 | W67: =IF(AND(M67="纳入",ISNUMBER(T67),T67=1),1,0) -> 0 | X67: =IF(AND(M67="纳入",ISNUMBER(T67),T67=0),1,0) -> 0 | Y67: =IF(AND(M67="纳入",ISNUMBER(T67)),1,0) -> 0 | Z67: =IF(M67<>"纳入","",IF(VALUE(E67)=6,"",IF(VALUE(E67)=3,0.5,IF(OR(AND(VALUE(E67)<3,P67=R67),AND(VALUE(E67)>3,Q67=R67)),1,0)))) | AA67: =IF(M67<>"纳入","",IF(VALUE(F67)=6,"",IF(VALUE(F67)=3,0.5,IF(OR(AND(VALUE(F67)<3,P67=R67),AND(VALUE(F67)>3,Q67=R67)),1,0)))) | AB67: =IF(M67<>"纳入","",IF(VALUE(G67)=6,"",IF(VALUE(G67)=3,0.5,IF(OR(AND(VALUE(G67)<3,P67=R67),AND(VALUE(G67)>3,Q67=R67)),1,0)))) | AC67: =IF(M67<>"纳入","",IF(VALUE(H67)=6,"",IF(VALUE(H67)=3,0.5,IF(OR(AND(VALUE(H67)<3,P67=R67),AND(VALUE(H67)>3,Q67=R67)),1,0)))) | AD67: =IF(M67<>"纳入","",IF(VALUE(I67)=6,"",IF(VALUE(I67)=3,0.5,IF(OR(AND(VALUE(I67)<3,P67=R67),AND(VALUE(I67)>3,Q67=R67)),1,0))))
A68: Q11 | B68: 2 | C68: A 5 / B 6 / 评分 7 | L68: =SUM(IFERROR(IF(AND(VALUE(D68)>=1,VALUE(D68)<=6,MOD(VALUE(D68),1)=0),1,0),0),IFERROR(IF(AND(VALUE(E68)>=1,VALUE(E68)<=6,MOD(VALUE(E68),1)=0),1,0),0),IFERROR(IF(AND(VALUE(F68)>=1,VALUE(F68)<=6,MOD(VALUE(F68),1)=0),1,0),0),IFERROR(IF(AND(VALUE(G68)>=1,VALUE(G68)<=6,MOD(VALUE(G68),1)=0),1,0),0),IFERROR(IF(AND(VALUE(H68)>=1,VALUE(H68)<=6,MOD(VALUE(H68),1)=0),1,0),0),IFERROR(IF(AND(VALUE(I68)>=1,VALUE(I68)<=6,MOD(VALUE(I68),1)=0),1,0),0)) -> 0 | M68: ='参与者登记'!K17 -> 待回收 | N68: 架构 | O68: sunken_satellite_monastery | P68: 完整 Agora | Q68: 单次生成基线 | R68: 完整 Agora | S68: 单次生成基线 | T68: =IF(M68<>"纳入","",IF(VALUE(D68)=6,"",IF(VALUE(D68)=3,0.5,IF(OR(AND(VALUE(D68)<3,P68=R68),AND(VALUE(D68)>3,Q68=R68)),1,0)))) | U68: =IF(AND(M68="纳入",IFERROR(VALUE(D68),0)=6),1,0) -> 0 | V68: =IF(AND(M68="纳入",IFERROR(VALUE(D68),0)=3),1,0) -> 0 | W68: =IF(AND(M68="纳入",ISNUMBER(T68),T68=1),1,0) -> 0 | X68: =IF(AND(M68="纳入",ISNUMBER(T68),T68=0),1,0) -> 0 | Y68: =IF(AND(M68="纳入",ISNUMBER(T68)),1,0) -> 0 | Z68: =IF(M68<>"纳入","",IF(VALUE(E68)=6,"",IF(VALUE(E68)=3,0.5,IF(OR(AND(VALUE(E68)<3,P68=R68),AND(VALUE(E68)>3,Q68=R68)),1,0)))) | AA68: =IF(M68<>"纳入","",IF(VALUE(F68)=6,"",IF(VALUE(F68)=3,0.5,IF(OR(AND(VALUE(F68)<3,P68=R68),AND(VALUE(F68)>3,Q68=R68)),1,0)))) | AB68: =IF(M68<>"纳入","",IF(VALUE(G68)=6,"",IF(VALUE(G68)=3,0.5,IF(OR(AND(VALUE(G68)<3,P68=R68),AND(VALUE(G68)>3,Q68=R68)),1,0)))) | AC68: =IF(M68<>"纳入","",IF(VALUE(H68)=6,"",IF(VALUE(H68)=3,0.5,IF(OR(AND(VALUE(H68)<3,P68=R68),AND(VALUE(H68)>3,Q68=R68)),1,0)))) | AD68: =IF(M68<>"纳入","",IF(VALUE(I68)=6,"",IF(VALUE(I68)=3,0.5,IF(OR(AND(VALUE(I68)<3,P68=R68),AND(VALUE(I68)>3,Q68=R68)),1,0))))
A69: Q11 | B69: 3 | C69: A 8 / B 9 / 评分 10 | L69: =SUM(IFERROR(IF(AND(VALUE(D69)>=1,VALUE(D69)<=6,MOD(VALUE(D69),1)=0),1,0),0),IFERROR(IF(AND(VALUE(E69)>=1,VALUE(E69)<=6,MOD(VALUE(E69),1)=0),1,0),0),IFERROR(IF(AND(VALUE(F69)>=1,VALUE(F69)<=6,MOD(VALUE(F69),1)=0),1,0),0),IFERROR(IF(AND(VALUE(G69)>=1,VALUE(G69)<=6,MOD(VALUE(G69),1)=0),1,0),0),IFERROR(IF(AND(VALUE(H69)>=1,VALUE(H69)<=6,MOD(VALUE(H69),1)=0),1,0),0),IFERROR(IF(AND(VALUE(I69)>=1,VALUE(I69)<=6,MOD(VALUE(I69),1)=0),1,0),0)) -> 0 | M69: ='参与者登记'!K17 -> 待回收 | N69: 模型 | O69: lwb_hidden_v2_02 | P69: GPT-5.6 Sol | Q69: Gemini 2.5 Flash | R69: Gemini 2.5 Flash | S69: GPT-5.6 Sol | T69: =IF(M69<>"纳入","",IF(VALUE(D69)=6,"",IF(VALUE(D69)=3,0.5,IF(OR(AND(VALUE(D69)<3,P69=R69),AND(VALUE(D69)>3,Q69=R69)),1,0)))) | U69: =IF(AND(M69="纳入",IFERROR(VALUE(D69),0)=6),1,0) -> 0 | V69: =IF(AND(M69="纳入",IFERROR(VALUE(D69),0)=3),1,0) -> 0 | W69: =IF(AND(M69="纳入",ISNUMBER(T69),T69=1),1,0) -> 0 | X69: =IF(AND(M69="纳入",ISNUMBER(T69),T69=0),1,0) -> 0 | Y69: =IF(AND(M69="纳入",ISNUMBER(T69)),1,0) -> 0 | Z69: =IF(M69<>"纳入","",IF(VALUE(E69)=6,"",IF(VALUE(E69)=3,0.5,IF(OR(AND(VALUE(E69)<3,P69=R69),AND(VALUE(E69)>3,Q69=R69)),1,0)))) | AA69: =IF(M69<>"纳入","",IF(VALUE(F69)=6,"",IF(VALUE(F69)=3,0.5,IF(OR(AND(VALUE(F69)<3,P69=R69),AND(VALUE(F69)>3,Q69=R69)),1,0)))) | AB69: =IF(M69<>"纳入","",IF(VALUE(G69)=6,"",IF(VALUE(G69)=3,0.5,IF(OR(AND(VALUE(G69)<3,P69=R69),AND(VALUE(G69)>3,Q69=R69)),1,0)))) | AC69: =IF(M69<>"纳入","",IF(VALUE(H69)=6,"",IF(VALUE(H69)=3,0.5,IF(OR(AND(VALUE(H69)<3,P69=R69),AND(VALUE(H69)>3,Q69=R69)),1,0)))) | AD69: =IF(M69<>"纳入","",IF(VALUE(I69)=6,"",IF(VALUE(I69)=3,0.5,IF(OR(AND(VALUE(I69)<3,P69=R69),AND(VALUE(I69)>3,Q69=R69)),1,0))))
A70: Q11 | B70: 4 | C70: A 11 / B 12 / 评分 13 | L70: =SUM(IFERROR(IF(AND(VALUE(D70)>=1,VALUE(D70)<=6,MOD(VALUE(D70),1)=0),1,0),0),IFERROR(IF(AND(VALUE(E70)>=1,VALUE(E70)<=6,MOD(VALUE(E70),1)=0),1,0),0),IFERROR(IF(AND(VALUE(F70)>=1,VALUE(F70)<=6,MOD(VALUE(F70),1)=0),1,0),0),IFERROR(IF(AND(VALUE(G70)>=1,VALUE(G70)<=6,MOD(VALUE(G70),1)=0),1,0),0),IFERROR(IF(AND(VALUE(H70)>=1,VALUE(H70)<=6,MOD(VALUE(H70),1)=0),1,0),0),IFERROR(IF(AND(VALUE(I70)>=1,VALUE(I70)<=6,MOD(VALUE(I70),1)=0),1,0),0)) -> 0 | M70: ='参与者登记'!K17 -> 待回收 | N70: 模型 | O70: lwb_hidden_v2_01 | P70: Gemini 2.5 Flash | Q70: Gemini 3.7 Flash | R70: Gemini 2.5 Flash | S70: Gemini 3.7 Flash | T70: =IF(M70<>"纳入","",IF(VALUE(D70)=6,"",IF(VALUE(D70)=3,0.5,IF(OR(AND(VALUE(D70)<3,P70=R70),AND(VALUE(D70)>3,Q70=R70)),1,0)))) | U70: =IF(AND(M70="纳入",IFERROR(VALUE(D70),0)=6),1,0) -> 0 | V70: =IF(AND(M70="纳入",IFERROR(VALUE(D70),0)=3),1,0) -> 0 | W70: =IF(AND(M70="纳入",ISNUMBER(T70),T70=1),1,0) -> 0 | X70: =IF(AND(M70="纳入",ISNUMBER(T70),T70=0),1,0) -> 0 | Y70: =IF(AND(M70="纳入",ISNUMBER(T70)),1,0) -> 0 | Z70: =IF(M70<>"纳入","",IF(VALUE(E70)=6,"",IF(VALUE(E70)=3,0.5,IF(OR(AND(VALUE(E70)<3,P70=R70),AND(VALUE(E70)>3,Q70=R70)),1,0)))) | AA70: =IF(M70<>"纳入","",IF(VALUE(F70)=6,"",IF(VALUE(F70)=3,0.5,IF(OR(AND(VALUE(F70)<3,P70=R70),AND(VALUE(F70)>3,Q70=R70)),1,0)))) | AB70: =IF(M70<>"纳入","",IF(VALUE(G70)=6,"",IF(VALUE(G70)=3,0.5,IF(OR(AND(VALUE(G70)<3,P70=R70),AND(VALUE(G70)>3,Q70=R70)),1,0)))) | AC70: =IF(M70<>"纳入","",IF(VALUE(H70)=6,"",IF(VALUE(H70)=3,0.5,IF(OR(AND(VALUE(H70)<3,P70=R70),AND(VALUE(H70)>3,Q70=R70)),1,0)))) | AD70: =IF(M70<>"纳入","",IF(VALUE(I70)=6,"",IF(VALUE(I70)=3,0.5,IF(OR(AND(VALUE(I70)<3,P70=R70),AND(VALUE(I70)>3,Q70=R70)),1,0))))
A71: Q11 | B71: 5 | C71: A 14 / B 15 / 评分 16 | L71: =SUM(IFERROR(IF(AND(VALUE(D71)>=1,VALUE(D71)<=6,MOD(VALUE(D71),1)=0),1,0),0),IFERROR(IF(AND(VALUE(E71)>=1,VALUE(E71)<=6,MOD(VALUE(E71),1)=0),1,0),0),IFERROR(IF(AND(VALUE(F71)>=1,VALUE(F71)<=6,MOD(VALUE(F71),1)=0),1,0),0),IFERROR(IF(AND(VALUE(G71)>=1,VALUE(G71)<=6,MOD(VALUE(G71),1)=0),1,0),0),IFERROR(IF(AND(VALUE(H71)>=1,VALUE(H71)<=6,MOD(VALUE(H71),1)=0),1,0),0),IFERROR(IF(AND(VALUE(I71)>=1,VALUE(I71)<=6,MOD(VALUE(I71),1)=0),1,0),0)) -> 0 | M71: ='参与者登记'!K17 -> 待回收 | N71: 架构 | O71: intertidal_embassy_for_extinct_rivers | P71: 单次生成基线 | Q71: 完整 Agora | R71: 完整 Agora | S71: 单次生成基线 | T71: =IF(M71<>"纳入","",IF(VALUE(D71)=6,"",IF(VALUE(D71)=3,0.5,IF(OR(AND(VALUE(D71)<3,P71=R71),AND(VALUE(D71)>3,Q71=R71)),1,0)))) | U71: =IF(AND(M71="纳入",IFERROR(VALUE(D71),0)=6),1,0) -> 0 | V71: =IF(AND(M71="纳入",IFERROR(VALUE(D71),0)=3),1,0) -> 0 | W71: =IF(AND(M71="纳入",ISNUMBER(T71),T71=1),1,0) -> 0 | X71: =IF(AND(M71="纳入",ISNUMBER(T71),T71=0),1,0) -> 0 | Y71: =IF(AND(M71="纳入",ISNUMBER(T71)),1,0) -> 0 | Z71: =IF(M71<>"纳入","",IF(VALUE(E71)=6,"",IF(VALUE(E71)=3,0.5,IF(OR(AND(VALUE(E71)<3,P71=R71),AND(VALUE(E71)>3,Q71=R71)),1,0)))) | AA71: =IF(M71<>"纳入","",IF(VALUE(F71)=6,"",IF(VALUE(F71)=3,0.5,IF(OR(AND(VALUE(F71)<3,P71=R71),AND(VALUE(F71)>3,Q71=R71)),1,0)))) | AB71: =IF(M71<>"纳入","",IF(VALUE(G71)=6,"",IF(VALUE(G71)=3,0.5,IF(OR(AND(VALUE(G71)<3,P71=R71),AND(VALUE(G71)>3,Q71=R71)),1,0)))) | AC71: =IF(M71<>"纳入","",IF(VALUE(H71)=6,"",IF(VALUE(H71)=3,0.5,IF(OR(AND(VALUE(H71)<3,P71=R71),AND(VALUE(H71)>3,Q71=R71)),1,0)))) | AD71: =IF(M71<>"纳入","",IF(VALUE(I71)=6,"",IF(VALUE(I71)=3,0.5,IF(OR(AND(VALUE(I71)<3,P71=R71),AND(VALUE(I71)>3,Q71=R71)),1,0))))
A72: Q11 | B72: 6 | C72: A 17 / B 18 / 评分 19 | L72: =SUM(IFERROR(IF(AND(VALUE(D72)>=1,VALUE(D72)<=6,MOD(VALUE(D72),1)=0),1,0),0),IFERROR(IF(AND(VALUE(E72)>=1,VALUE(E72)<=6,MOD(VALUE(E72),1)=0),1,0),0),IFERROR(IF(AND(VALUE(F72)>=1,VALUE(F72)<=6,MOD(VALUE(F72),1)=0),1,0),0),IFERROR(IF(AND(VALUE(G72)>=1,VALUE(G72)<=6,MOD(VALUE(G72),1)=0),1,0),0),IFERROR(IF(AND(VALUE(H72)>=1,VALUE(H72)<=6,MOD(VALUE(H72),1)=0),1,0),0),IFERROR(IF(AND(VALUE(I72)>=1,VALUE(I72)<=6,MOD(VALUE(I72),1)=0),1,0),0)) -> 0 | M72: ='参与者登记'!K17 -> 待回收 | N72: 模型 | O72: lwb_hidden_v2_03 | P72: Gemini 3.7 Flash | Q72: Gemini 3.1 Flash Lite | R72: Gemini 3.1 Flash Lite | S72: Gemini 3.7 Flash | T72: =IF(M72<>"纳入","",IF(VALUE(D72)=6,"",IF(VALUE(D72)=3,0.5,IF(OR(AND(VALUE(D72)<3,P72=R72),AND(VALUE(D72)>3,Q72=R72)),1,0)))) | U72: =IF(AND(M72="纳入",IFERROR(VALUE(D72),0)=6),1,0) -> 0 | V72: =IF(AND(M72="纳入",IFERROR(VALUE(D72),0)=3),1,0) -> 0 | W72: =IF(AND(M72="纳入",ISNUMBER(T72),T72=1),1,0) -> 0 | X72: =IF(AND(M72="纳入",ISNUMBER(T72),T72=0),1,0) -> 0 | Y72: =IF(AND(M72="纳入",ISNUMBER(T72)),1,0) -> 0 | Z72: =IF(M72<>"纳入","",IF(VALUE(E72)=6,"",IF(VALUE(E72)=3,0.5,IF(OR(AND(VALUE(E72)<3,P72=R72),AND(VALUE(E72)>3,Q72=R72)),1,0)))) | AA72: =IF(M72<>"纳入","",IF(VALUE(F72)=6,"",IF(VALUE(F72)=3,0.5,IF(OR(AND(VALUE(F72)<3,P72=R72),AND(VALUE(F72)>3,Q72=R72)),1,0)))) | AB72: =IF(M72<>"纳入","",IF(VALUE(G72)=6,"",IF(VALUE(G72)=3,0.5,IF(OR(AND(VALUE(G72)<3,P72=R72),AND(VALUE(G72)>3,Q72=R72)),1,0)))) | AC72: =IF(M72<>"纳入","",IF(VALUE(H72)=6,"",IF(VALUE(H72)=3,0.5,IF(OR(AND(VALUE(H72)<3,P72=R72),AND(VALUE(H72)>3,Q72=R72)),1,0)))) | AD72: =IF(M72<>"纳入","",IF(VALUE(I72)=6,"",IF(VALUE(I72)=3,0.5,IF(OR(AND(VALUE(I72)<3,P72=R72),AND(VALUE(I72)>3,Q72=R72)),1,0))))

Sheet 架构汇总
A1: 完整 Agora vs 单次生成基线
A2: 主要终点：总体世界设计。逐请求显示票数；完整平均对 10 个请求等权。实际生成预算不相等，结果不能解释成同计算预算下的架构因果收益。
A6: 共同请求 | B6: 计划评价 | C6: 纳入评价 | D6: 可判票 | E6: Agora胜 | F6: 相当 | G6: 基线胜 | H6: 无法判断 | I6: Agora偏好值
A7: archive_of_borrowed_gravity | B7: ='逐题汇总'!F7 -> 0 | C7: ='逐题汇总'!G7 -> 0 | D7: ='逐题汇总'!H7 -> 0 | E7: ='逐题汇总'!I7 -> 0 | F7: ='逐题汇总'!J7 -> 0 | G7: ='逐题汇总'!K7 -> 0 | H7: ='逐题汇总'!L7 -> 0 | I7: =IF(D7=0,"",(E7+F7*0.5)/D7)
A8: aurora_court_of_migrating_cities | B8: ='逐题汇总'!F13 -> 0 | C8: ='逐题汇总'!G13 -> 0 | D8: ='逐题汇总'!H13 -> 0 | E8: ='逐题汇总'!I13 -> 0 | F8: ='逐题汇总'!J13 -> 0 | G8: ='逐题汇总'!K13 -> 0 | H8: ='逐题汇总'!L13 -> 0 | I8: =IF(D8=0,"",(E8+F8*0.5)/D8)
A9: cartographer_lung_exchange | B9: ='逐题汇总'!F19 -> 0 | C9: ='逐题汇总'!G19 -> 0 | D9: ='逐题汇总'!H19 -> 0 | E9: ='逐题汇总'!I19 -> 0 | F9: ='逐题汇总'!J19 -> 0 | G9: ='逐题汇总'!K19 -> 0 | H9: ='逐题汇总'!L19 -> 0 | I9: =IF(D9=0,"",(E9+F9*0.5)/D9)
A10: clockwork_rain_conservatory | B10: ='逐题汇总'!F25 -> 0 | C10: ='逐题汇总'!G25 -> 0 | D10: ='逐题汇总'!H25 -> 0 | E10: ='逐题汇总'!I25 -> 0 | F10: ='逐题汇总'!J25 -> 0 | G10: ='逐题汇总'!K25 -> 0 | H10: ='逐题汇总'!L25 -> 0 | I10: =IF(D10=0,"",(E10+F10*0.5)/D10)
A11: intertidal_embassy_for_extinct_rivers | B11: ='逐题汇总'!F31 -> 0 | C11: ='逐题汇总'!G31 -> 0 | D11: ='逐题汇总'!H31 -> 0 | E11: ='逐题汇总'!I31 -> 0 | F11: ='逐题汇总'!J31 -> 0 | G11: ='逐题汇总'!K31 -> 0 | H11: ='逐题汇总'!L31 -> 0 | I11: =IF(D11=0,"",(E11+F11*0.5)/D11)
A12: museum_of_future_debts | B12: ='逐题汇总'!F37 -> 0 | C12: ='逐题汇总'!G37 -> 0 | D12: ='逐题汇总'!H37 -> 0 | E12: ='逐题汇总'!I37 -> 0 | F12: ='逐题汇总'!J37 -> 0 | G12: ='逐题汇总'!K37 -> 0 | H12: ='逐题汇总'!L37 -> 0 | I12: =IF(D12=0,"",(E12+F12*0.5)/D12)
A13: mycelium_patent_bazaar | B13: ='逐题汇总'!F43 -> 0 | C13: ='逐题汇总'!G43 -> 0 | D13: ='逐题汇总'!H43 -> 0 | E13: ='逐题汇总'!I43 -> 0 | F13: ='逐题汇总'!J43 -> 0 | G13: ='逐题汇总'!K43 -> 0 | H13: ='逐题汇总'!L43 -> 0 | I13: =IF(D13=0,"",(E13+F13*0.5)/D13)
A14: night_market_of_unfinished_weather | B14: ='逐题汇总'!F49 -> 0 | C14: ='逐题汇总'!G49 -> 0 | D14: ='逐题汇总'!H49 -> 0 | E14: ='逐题汇总'!I49 -> 0 | F14: ='逐题汇总'!J49 -> 0 | G14: ='逐题汇总'!K49 -> 0 | H14: ='逐题汇总'!L49 -> 0 | I14: =IF(D14=0,"",(E14+F14*0.5)/D14)
A15: sunken_satellite_monastery | B15: ='逐题汇总'!F55 -> 0 | C15: ='逐题汇总'!G55 -> 0 | D15: ='逐题汇总'!H55 -> 0 | E15: ='逐题汇总'!I55 -> 0 | F15: ='逐题汇总'!J55 -> 0 | G15: ='逐题汇总'!K55 -> 0 | H15: ='逐题汇总'!L55 -> 0 | I15: =IF(D15=0,"",(E15+F15*0.5)/D15)
A16: tidal_embassy_of_lost_languages | B16: ='逐题汇总'!F61 -> 0 | C16: ='逐题汇总'!G61 -> 0 | D16: ='逐题汇总'!H61 -> 0 | E16: ='逐题汇总'!I61 -> 0 | F16: ='逐题汇总'!J61 -> 0 | G16: ='逐题汇总'!K61 -> 0 | H16: ='逐题汇总'!L61 -> 0 | I16: =IF(D16=0,"",(E16+F16*0.5)/D16)
A19: 完整 10 请求等权平均 | I19: =IF(COUNT(I7:I16)=10,AVERAGE(I7:I16),"")
A20: 已有可判票的请求数 / 10 | I20: =COUNT(I7:I16) -> 0
A22: 只有 10 个请求均有可判票，才显示完整宏平均。“相当”计半票；无法判断单列。当前模板没有任何真实评分。

Sheet 模型汇总
A1: 模型对决 · 21 组模型组合
A2: 按两模型共同有成品的提示等权汇总，只在计划提示均有可判票时显示宏平均。41 个精确模型/提示配对多为单人评价；不据此生成总排名。
A6: 模型1 | B6: 模型2 | C6: 计划共同提示 | D6: 有可判票提示 | E6: 计划评价 | F6: 纳入评价 | G6: 可判票 | H6: 无法判断 | I6: 模型1等权偏好值 | J6: 覆盖状态
A7: Gemini 2.5 Flash | B7: Gemini 3.1 Flash Lite | C7: 3 | D7: =COUNT('逐题汇总'!M139,'逐题汇总'!M193,'逐题汇总'!M295) -> 0 | E7: =SUM('逐题汇总'!F139,'逐题汇总'!F193,'逐题汇总'!F295) -> 0 | F7: =SUM('逐题汇总'!G139,'逐题汇总'!G193,'逐题汇总'!G295) -> 0 | G7: =SUM('逐题汇总'!H139,'逐题汇总'!H193,'逐题汇总'!H295) -> 0 | H7: =SUM('逐题汇总'!L139,'逐题汇总'!L193,'逐题汇总'!L295) -> 0 | I7: =IF(D7=C7,AVERAGE('逐题汇总'!M139,'逐题汇总'!M193,'逐题汇总'!M295),"") | J7: =IF(D7=C7,"已覆盖（探索性）","未完整覆盖") -> 未完整覆盖
A8: Gemini 2.5 Flash | B8: Gemini 3.1 Pro Preview | C8: 3 | D8: =COUNT('逐题汇总'!M85,'逐题汇总'!M223,'逐题汇总'!M277) -> 0 | E8: =SUM('逐题汇总'!F85,'逐题汇总'!F223,'逐题汇总'!F277) -> 0 | F8: =SUM('逐题汇总'!G85,'逐题汇总'!G223,'逐题汇总'!G277) -> 0 | G8: =SUM('逐题汇总'!H85,'逐题汇总'!H223,'逐题汇总'!H277) -> 0 | H8: =SUM('逐题汇总'!L85,'逐题汇总'!L223,'逐题汇总'!L277) -> 0 | I8: =IF(D8=C8,AVERAGE('逐题汇总'!M85,'逐题汇总'!M223,'逐题汇总'!M277),"") | J8: =IF(D8=C8,"已覆盖（探索性）","未完整覆盖") -> 未完整覆盖
A9: Gemini 2.5 Flash | B9: Gemini 3.5 Flash Lite | C9: 1 | D9: =COUNT('逐题汇总'!M181) -> 0 | E9: =SUM('逐题汇总'!F181) -> 0 | F9: =SUM('逐题汇总'!G181) -> 0 | G9: =SUM('逐题汇总'!H181) -> 0 | H9: =SUM('逐题汇总'!L181) -> 0 | I9: =IF(D9=C9,AVERAGE('逐题汇总'!M181),"") | J9: =IF(D9=C9,"已覆盖（探索性）","未完整覆盖") -> 未完整覆盖
A10: Gemini 2.5 Flash | B10: Gemini 3.7 Flash | C10: 3 | D10: =COUNT('逐题汇总'!M103,'逐题汇总'!M235,'逐题汇总'!M283) -> 0 | E10: =SUM('逐题汇总'!F103,'逐题汇总'!F235,'逐题汇总'!F283) -> 0 | F10: =SUM('逐题汇总'!G103,'逐题汇总'!G235,'逐题汇总'!G283) -> 0 | G10: =SUM('逐题汇总'!H103,'逐题汇总'!H235,'逐题汇总'!H283) -> 0 | H10: =SUM('逐题汇总'!L103,'逐题汇总'!L235,'逐题汇总'!L283) -> 0 | I10: =IF(D10=C10,AVERAGE('逐题汇总'!M103,'逐题汇总'!M235,'逐题汇总'!M283),"") | J10: =IF(D10=C10,"已覆盖（探索性）","未完整覆盖") -> 未完整覆盖
A11: Gemini 2.5 Flash | B11: GPT-5.6 Sol | C11: 3 | D11: =COUNT('逐题汇总'!M115,'逐题汇总'!M217,'逐题汇总'!M301) -> 0 | E11: =SUM('逐题汇总'!F115,'逐题汇总'!F217,'逐题汇总'!F301) -> 0 | F11: =SUM('逐题汇总'!G115,'逐题汇总'!G217,'逐题汇总'!G301) -> 0 | G11: =SUM('逐题汇总'!H115,'逐题汇总'!H217,'逐题汇总'!H301) -> 0 | H11: =SUM('逐题汇总'!L115,'逐题汇总'!L217,'逐题汇总'!L301) -> 0 | I11: =IF(D11=C11,AVERAGE('逐题汇总'!M115,'逐题汇总'!M217,'逐题汇总'!M301),"") | J11: =IF(D11=C11,"已覆盖（探索性）","未完整覆盖") -> 未完整覆盖
A12: Gemini 2.5 Flash | B12: GPT-5.6 Terra | C12: 1 | D12: =COUNT('逐题汇总'!M157) -> 0 | E12: =SUM('逐题汇总'!F157) -> 0 | F12: =SUM('逐题汇总'!G157) -> 0 | G12: =SUM('逐题汇总'!H157) -> 0 | H12: =SUM('逐题汇总'!L157) -> 0 | I12: =IF(D12=C12,AVERAGE('逐题汇总'!M157),"") | J12: =IF(D12=C12,"已覆盖（探索性）","未完整覆盖") -> 未完整覆盖
A13: Gemini 3.1 Flash Lite | B13: Gemini 3.1 Pro Preview | C13: 3 | D13: =COUNT('逐题汇总'!M121,'逐题汇总'!M211,'逐题汇总'!M253) -> 0 | E13: =SUM('逐题汇总'!F121,'逐题汇总'!F211,'逐题汇总'!F253) -> 0 | F13: =SUM('逐题汇总'!G121,'逐题汇总'!G211,'逐题汇总'!G253) -> 0 | G13: =SUM('逐题汇总'!H121,'逐题汇总'!H211,'逐题汇总'!H253) -> 0 | H13: =SUM('逐题汇总'!L121,'逐题汇总'!L211,'逐题汇总'!L253) -> 0 | I13: =IF(D13=C13,AVERAGE('逐题汇总'!M121,'逐题汇总'!M211,'逐题汇总'!M253),"") | J13: =IF(D13=C13,"已覆盖（探索性）","未完整覆盖") -> 未完整覆盖
A14: Gemini 3.1 Flash Lite | B14: Gemini 3.5 Flash Lite | C14: 1 | D14: =COUNT('逐题汇总'!M163) -> 0 | E14: =SUM('逐题汇总'!F163) -> 0 | F14: =SUM('逐题汇总'!G163) -> 0 | G14: =SUM('逐题汇总'!H163) -> 0 | H14: =SUM('逐题汇总'!L163) -> 0 | I14: =IF(D14=C14,AVERAGE('逐题汇总'!M163),"") | J14: =IF(D14=C14,"已覆盖（探索性）","未完整覆盖") -> 未完整覆盖
A15: Gemini 3.1 Flash Lite | B15: Gemini 3.7 Flash | C15: 3 | D15: =COUNT('逐题汇总'!M127,'逐题汇总'!M241,'逐题汇总'!M289) -> 0 | E15: =SUM('逐题汇总'!F127,'逐题汇总'!F241,'逐题汇总'!F289) -> 0 | F15: =SUM('逐题汇总'!G127,'逐题汇总'!G241,'逐题汇总'!G289) -> 0 | G15: =SUM('逐题汇总'!H127,'逐题汇总'!H241,'逐题汇总'!H289) -> 0 | H15: =SUM('逐题汇总'!L127,'逐题汇总'!L241,'逐题汇总'!L289) -> 0 | I15: =IF(D15=C15,AVERAGE('逐题汇总'!M127,'逐题汇总'!M241,'逐题汇总'!M289),"") | J15: =IF(D15=C15,"已覆盖（探索性）","未完整覆盖") -> 未完整覆盖
A16: Gemini 3.1 Flash Lite | B16: GPT-5.6 Sol | C16: 3 | D16: =COUNT('逐题汇总'!M151,'逐题汇总'!M247,'逐题汇总'!M265) -> 0 | E16: =SUM('逐题汇总'!F151,'逐题汇总'!F247,'逐题汇总'!F265) -> 0 | F16: =SUM('逐题汇总'!G151,'逐题汇总'!G247,'逐题汇总'!G265) -> 0 | G16: =SUM('逐题汇总'!H151,'逐题汇总'!H247,'逐题汇总'!H265) -> 0 | H16: =SUM('逐题汇总'!L151,'逐题汇总'!L247,'逐题汇总'!L265) -> 0 | I16: =IF(D16=C16,AVERAGE('逐题汇总'!M151,'逐题汇总'!M247,'逐题汇总'!M265),"") | J16: =IF(D16=C16,"已覆盖（探索性）","未完整覆盖") -> 未完整覆盖
A17: Gemini 3.1 Flash Lite | B17: GPT-5.6 Terra | C17: 1 | D17: =COUNT('逐题汇总'!M187) -> 0 | E17: =SUM('逐题汇总'!F187) -> 0 | F17: =SUM('逐题汇总'!G187) -> 0 | G17: =SUM('逐题汇总'!H187) -> 0 | H17: =SUM('逐题汇总'!L187) -> 0 | I17: =IF(D17=C17,AVERAGE('逐题汇总'!M187),"") | J17: =IF(D17=C17,"已覆盖（探索性）","未完整覆盖") -> 未完整覆盖
A18: Gemini 3.1 Pro Preview | B18: Gemini 3.5 Flash Lite | C18: 1 | D18: =COUNT('逐题汇总'!M109) -> 0 | E18: =SUM('逐题汇总'!F109) -> 0 | F18: =SUM('逐题汇总'!G109) -> 0 | G18: =SUM('逐题汇总'!H109) -> 0 | H18: =SUM('逐题汇总'!L109) -> 0 | I18: =IF(D18=C18,AVERAGE('逐题汇总'!M109),"") | J18: =IF(D18=C18,"已覆盖（探索性）","未完整覆盖") -> 未完整覆盖
A19: Gemini 3.1 Pro Preview | B19: Gemini 3.7 Flash | C19: 3 | D19: =COUNT('逐题汇总'!M73,'逐题汇总'!M229,'逐题汇总'!M259) -> 0 | E19: =SUM('逐题汇总'!F73,'逐题汇总'!F229,'逐题汇总'!F259) -> 0 | F19: =SUM('逐题汇总'!G73,'逐题汇总'!G229,'逐题汇总'!G259) -> 0 | G19: =SUM('逐题汇总'!H73,'逐题汇总'!H229,'逐题汇总'!H259) -> 0 | H19: =SUM('逐题汇总'!L73,'逐题汇总'!L229,'逐题汇总'!L259) -> 0 | I19: =IF(D19=C19,AVERAGE('逐题汇总'!M73,'逐题汇总'!M229,'逐题汇总'!M259),"") | J19: =IF(D19=C19,"已覆盖（探索性）","未完整覆盖") -> 未完整覆盖
A20: Gemini 3.1 Pro Preview | B20: GPT-5.6 Sol | C20: 3 | D20: =COUNT('逐题汇总'!M169,'逐题汇总'!M205,'逐题汇总'!M271) -> 0 | E20: =SUM('逐题汇总'!F169,'逐题汇总'!F205,'逐题汇总'!F271) -> 0 | F20: =SUM('逐题汇总'!G169,'逐题汇总'!G205,'逐题汇总'!G271) -> 0 | G20: =SUM('逐题汇总'!H169,'逐题汇总'!H205,'逐题汇总'!H271) -> 0 | H20: =SUM('逐题汇总'!L169,'逐题汇总'!L205,'逐题汇总'!L271) -> 0 | I20: =IF(D20=C20,AVERAGE('逐题汇总'!M169,'逐题汇总'!M205,'逐题汇总'!M271),"") | J20: =IF(D20=C20,"已覆盖（探索性）","未完整覆盖") -> 未完整覆盖
A21: Gemini 3.1 Pro Preview | B21: GPT-5.6 Terra | C21: 1 | D21: =COUNT('逐题汇总'!M145) -> 0 | E21: =SUM('逐题汇总'!F145) -> 0 | F21: =SUM('逐题汇总'!G145) -> 0 | G21: =SUM('逐题汇总'!H145) -> 0 | H21: =SUM('逐题汇总'!L145) -> 0 | I21: =IF(D21=C21,AVERAGE('逐题汇总'!M145),"") | J21: =IF(D21=C21,"已覆盖（探索性）","未完整覆盖") -> 未完整覆盖
A22: Gemini 3.5 Flash Lite | B22: Gemini 3.7 Flash | C22: 1 | D22: =COUNT('逐题汇总'!M97) -> 0 | E22: =SUM('逐题汇总'!F97) -> 0 | F22: =SUM('逐题汇总'!G97) -> 0 | G22: =SUM('逐题汇总'!H97) -> 0 | H22: =SUM('逐题汇总'!L97) -> 0 | I22: =IF(D22=C22,AVERAGE('逐题汇总'!M97),"") | J22: =IF(D22=C22,"已覆盖（探索性）","未完整覆盖") -> 未完整覆盖
A23: Gemini 3.5 Flash Lite | B23: GPT-5.6 Sol | C23: 1 | D23: =COUNT('逐题汇总'!M91) -> 0 | E23: =SUM('逐题汇总'!F91) -> 0 | F23: =SUM('逐题汇总'!G91) -> 0 | G23: =SUM('逐题汇总'!H91) -> 0 | H23: =SUM('逐题汇总'!L91) -> 0 | I23: =IF(D23=C23,AVERAGE('逐题汇总'!M91),"") | J23: =IF(D23=C23,"已覆盖（探索性）","未完整覆盖") -> 未完整覆盖
A24: Gemini 3.5 Flash Lite | B24: GPT-5.6 Terra | C24: 1 | D24: =COUNT('逐题汇总'!M133) -> 0 | E24: =SUM('逐题汇总'!F133) -> 0 | F24: =SUM('逐题汇总'!G133) -> 0 | G24: =SUM('逐题汇总'!H133) -> 0 | H24: =SUM('逐题汇总'!L133) -> 0 | I24: =IF(D24=C24,AVERAGE('逐题汇总'!M133),"") | J24: =IF(D24=C24,"已覆盖（探索性）","未完整覆盖") -> 未完整覆盖
A25: Gemini 3.7 Flash | B25: GPT-5.6 Sol | C25: 3 | D25: =COUNT('逐题汇总'!M67,'逐题汇总'!M199,'逐题汇总'!M307) -> 0 | E25: =SUM('逐题汇总'!F67,'逐题汇总'!F199,'逐题汇总'!F307) -> 0 | F25: =SUM('逐题汇总'!G67,'逐题汇总'!G199,'逐题汇总'!G307) -> 0 | G25: =SUM('逐题汇总'!H67,'逐题汇总'!H199,'逐题汇总'!H307) -> 0 | H25: =SUM('逐题汇总'!L67,'逐题汇总'!L199,'逐题汇总'!L307) -> 0 | I25: =IF(D25=C25,AVERAGE('逐题汇总'!M67,'逐题汇总'!M199,'逐题汇总'!M307),"") | J25: =IF(D25=C25,"已覆盖（探索性）","未完整覆盖") -> 未完整覆盖
A26: Gemini 3.7 Flash | B26: GPT-5.6 Terra | C26: 1 | D26: =COUNT('逐题汇总'!M79) -> 0 | E26: =SUM('逐题汇总'!F79) -> 0 | F26: =SUM('逐题汇总'!G79) -> 0 | G26: =SUM('逐题汇总'!H79) -> 0 | H26: =SUM('逐题汇总'!L79) -> 0 | I26: =IF(D26=C26,AVERAGE('逐题汇总'!M79),"") | J26: =IF(D26=C26,"已覆盖（探索性）","未完整覆盖") -> 未完整覆盖
A27: GPT-5.6 Sol | B27: GPT-5.6 Terra | C27: 1 | D27: =COUNT('逐题汇总'!M175) -> 0 | E27: =SUM('逐题汇总'!F175) -> 0 | F27: =SUM('逐题汇总'!G175) -> 0 | G27: =SUM('逐题汇总'!H175) -> 0 | H27: =SUM('逐题汇总'!L175) -> 0 | I27: =IF(D27=C27,AVERAGE('逐题汇总'!M175),"") | J27: =IF(D27=C27,"已覆盖（探索性）","未完整覆盖") -> 未完整覆盖

Sheet 逐题汇总
A1: 逐提示 × 逐维度 · 所有 306 个单元
A2: 胜 / 相当 / 负 = 1 / 0.5 / 0；无法判断不进入均值分母。每个项目独立汇总，原始“明显 / 略好”仍保存在评分录入。条件1/2仅用于固定解码，不代表新旧或优劣。
A6: 类型 | B6: 提示ID | C6: 条件1 | D6: 条件2 | E6: 维度 | F6: 计划评价数 | G6: 已纳入评价 | H6: 可判票 | I6: 条件1胜 | J6: 相当 | K6: 条件2胜 | L6: 无法判断 | M6: 条件1偏好值
A7: 架构 | B7: archive_of_borrowed_gravity | C7: 完整 Agora | D7: 单次生成基线 | E7: 总体世界设计 | F7: 4 | G7: =IF('评分录入'!M22="纳入",1,0)+IF('评分录入'!M27="纳入",1,0)+IF('评分录入'!M35="纳入",1,0)+IF('评分录入'!M37="纳入",1,0) -> 0 | H7: =IF(ISNUMBER('评分录入'!T22),1,0)+IF(ISNUMBER('评分录入'!T27),1,0)+IF(ISNUMBER('评分录入'!T35),1,0)+IF(ISNUMBER('评分录入'!T37),1,0) -> 0 | I7: =IF(AND(ISNUMBER('评分录入'!T22),'评分录入'!T22=1),1,0)+IF(AND(ISNUMBER('评分录入'!T27),'评分录入'!T27=1),1,0)+IF(AND(ISNUMBER('评分录入'!T35),'评分录入'!T35=1),1,0)+IF(AND(ISNUMBER('评分录入'!T37),'评分录入'!T37=1),1,0) -> 0 | J7: =IF(AND(ISNUMBER('评分录入'!T22),'评分录入'!T22=0.5),1,0)+IF(AND(ISNUMBER('评分录入'!T27),'评分录入'!T27=0.5),1,0)+IF(AND(ISNUMBER('评分录入'!T35),'评分录入'!T35=0.5),1,0)+IF(AND(ISNUMBER('评分录入'!T37),'评分录入'!T37=0.5),1,0) -> 0 | K7: =IF(AND(ISNUMBER('评分录入'!T22),'评分录入'!T22=0),1,0)+IF(AND(ISNUMBER('评分录入'!T27),'评分录入'!T27=0),1,0)+IF(AND(ISNUMBER('评分录入'!T35),'评分录入'!T35=0),1,0)+IF(AND(ISNUMBER('评分录入'!T37),'评分录入'!T37=0),1,0) -> 0 | L7: =G7-H7 -> 0 | M7: =IF(H7=0,"",(I7+J7*0.5)/H7)
A8: 架构 | B8: archive_of_borrowed_gravity | C8: 完整 Agora | D8: 单次生成基线 | E8: 设定实现 | F8: 4 | G8: =IF('评分录入'!M22="纳入",1,0)+IF('评分录入'!M27="纳入",1,0)+IF('评分录入'!M35="纳入",1,0)+IF('评分录入'!M37="纳入",1,0) -> 0 | H8: =IF(ISNUMBER('评分录入'!Z22),1,0)+IF(ISNUMBER('评分录入'!Z27),1,0)+IF(ISNUMBER('评分录入'!Z35),1,0)+IF(ISNUMBER('评分录入'!Z37),1,0) -> 0 | I8: =IF(AND(ISNUMBER('评分录入'!Z22),'评分录入'!Z22=1),1,0)+IF(AND(ISNUMBER('评分录入'!Z27),'评分录入'!Z27=1),1,0)+IF(AND(ISNUMBER('评分录入'!Z35),'评分录入'!Z35=1),1,0)+IF(AND(ISNUMBER('评分录入'!Z37),'评分录入'!Z37=1),1,0) -> 0 | J8: =IF(AND(ISNUMBER('评分录入'!Z22),'评分录入'!Z22=0.5),1,0)+IF(AND(ISNUMBER('评分录入'!Z27),'评分录入'!Z27=0.5),1,0)+IF(AND(ISNUMBER('评分录入'!Z35),'评分录入'!Z35=0.5),1,0)+IF(AND(ISNUMBER('评分录入'!Z37),'评分录入'!Z37=0.5),1,0) -> 0 | K8: =IF(AND(ISNUMBER('评分录入'!Z22),'评分录入'!Z22=0),1,0)+IF(AND(ISNUMBER('评分录入'!Z27),'评分录入'!Z27=0),1,0)+IF(AND(ISNUMBER('评分录入'!Z35),'评分录入'!Z35=0),1,0)+IF(AND(ISNUMBER('评分录入'!Z37),'评分录入'!Z37=0),1,0) -> 0 | L8: =G8-H8 -> 0 | M8: =IF(H8=0,"",(I8+J8*0.5)/H8)
A9: 架构 | B9: archive_of_borrowed_gravity | C9: 完整 Agora | D9: 单次生成基线 | E9: 规则与活动 | F9: 4 | G9: =IF('评分录入'!M22="纳入",1,0)+IF('评分录入'!M27="纳入",1,0)+IF('评分录入'!M35="纳入",1,0)+IF('评分录入'!M37="纳入",1,0) -> 0 | H9: =IF(ISNUMBER('评分录入'!AA22),1,0)+IF(ISNUMBER('评分录入'!AA27),1,0)+IF(ISNUMBER('评分录入'!AA35),1,0)+IF(ISNUMBER('评分录入'!AA37),1,0) -> 0 | I9: =IF(AND(ISNUMBER('评分录入'!AA22),'评分录入'!AA22=1),1,0)+IF(AND(ISNUMBER('评分录入'!AA27),'评分录入'!AA27=1),1,0)+IF(AND(ISNUMBER('评分录入'!AA35),'评分录入'!AA35=1),1,0)+IF(AND(ISNUMBER('评分录入'!AA37),'评分录入'!AA37=1),1,0) -> 0 | J9: =IF(AND(ISNUMBER('评分录入'!AA22),'评分录入'!AA22=0.5),1,0)+IF(AND(ISNUMBER('评分录入'!AA27),'评分录入'!AA27=0.5),1,0)+IF(AND(ISNUMBER('评分录入'!AA35),'评分录入'!AA35=0.5),1,0)+IF(AND(ISNUMBER('评分录入'!AA37),'评分录入'!AA37=0.5),1,0) -> 0 | K9: =IF(AND(ISNUMBER('评分录入'!AA22),'评分录入'!AA22=0),1,0)+IF(AND(ISNUMBER('评分录入'!AA27),'评分录入'!AA27=0),1,0)+IF(AND(ISNUMBER('评分录入'!AA35),'评分录入'!AA35=0),1,0)+IF(AND(ISNUMBER('评分录入'!AA37),'评分录入'!AA37=0),1,0) -> 0 | L9: =G9-H9 -> 0 | M9: =IF(H9=0,"",(I9+J9*0.5)/H9)
A10: 架构 | B10: archive_of_borrowed_gravity | C10: 完整 Agora | D10: 单次生成基线 | E10: 人物与社会联系 | F10: 4 | G10: =IF('评分录入'!M22="纳入",1,0)+IF('评分录入'!M27="纳入",1,0)+IF('评分录入'!M35="纳入",1,0)+IF('评分录入'!M37="纳入",1,0) -> 0 | H10: =IF(ISNUMBER('评分录入'!AB22),1,0)+IF(ISNUMBER('评分录入'!AB27),1,0)+IF(ISNUMBER('评分录入'!AB35),1,0)+IF(ISNUMBER('评分录入'!AB37),1,0) -> 0 | I10: =IF(AND(ISNUMBER('评分录入'!AB22),'评分录入'!AB22=1),1,0)+IF(AND(ISNUMBER('评分录入'!AB27),'评分录入'!AB27=1),1,0)+IF(AND(ISNUMBER('评分录入'!AB35),'评分录入'!AB35=1),1,0)+IF(AND(ISNUMBER('评分录入'!AB37),'评分录入'!AB37=1),1,0) -> 0 | J10: =IF(AND(ISNUMBER('评分录入'!AB22),'评分录入'!AB22=0.5),1,0)+IF(AND(ISNUMBER('评分录入'!AB27),'评分录入'!AB27=0.5),1,0)+IF(AND(ISNUMBER('评分录入'!AB35),'评分录入'!AB35=0.5),1,0)+IF(AND(ISNUMBER('评分录入'!AB37),'评分录入'!AB37=0.5),1,0) -> 0 | K10: =IF(AND(ISNUMBER('评分录入'!AB22),'评分录入'!AB22=0),1,0)+IF(AND(ISNUMBER('评分录入'!AB27),'评分录入'!AB27=0),1,0)+IF(AND(ISNUMBER('评分录入'!AB35),'评分录入'!AB35=0),1,0)+IF(AND(ISNUMBER('评分录入'!AB37),'评分录入'!AB37=0),1,0) -> 0 | L10: =G10-H10 -> 0 | M10: =IF(H10=0,"",(I10+J10*0.5)/H10)
A11: 架构 | B11: archive_of_borrowed_gravity | C11: 完整 Agora | D11: 单次生成基线 | E11: 地点与物件 | F11: 4 | G11: =IF('评分录入'!M22="纳入",1,0)+IF('评分录入'!M27="纳入",1,0)+IF('评分录入'!M35="纳入",1,0)+IF('评分录入'!M37="纳入",1,0) -> 0 | H11: =IF(ISNUMBER('评分录入'!AC22),1,0)+IF(ISNUMBER('评分录入'!AC27),1,0)+IF(ISNUMBER('评分录入'!AC35),1,0)+IF(ISNUMBER('评分录入'!AC37),1,0) -> 0 | I11: =IF(AND(ISNUMBER('评分录入'!AC22),'评分录入'!AC22=1),1,0)+IF(AND(ISNUMBER('评分录入'!AC27),'评分录入'!AC27=1),1,0)+IF(AND(ISNUMBER('评分录入'!AC35),'评分录入'!AC35=1),1,0)+IF(AND(ISNUMBER('评分录入'!AC37),'评分录入'!AC37=1),1,0) -> 0 | J11: =IF(AND(ISNUMBER('评分录入'!AC22),'评分录入'!AC22=0.5),1,0)+IF(AND(ISNUMBER('评分录入'!AC27),'评分录入'!AC27=0.5),1,0)+IF(AND(ISNUMBER('评分录入'!AC35),'评分录入'!AC35=0.5),1,0)+IF(AND(ISNUMBER('评分录入'!AC37),'评分录入'!AC37=0.5),1,0) -> 0 | K11: =IF(AND(ISNUMBER('评分录入'!AC22),'评分录入'!AC22=0),1,0)+IF(AND(ISNUMBER('评分录入'!AC27),'评分录入'!AC27=0),1,0)+IF(AND(ISNUMBER('评分录入'!AC35),'评分录入'!AC35=0),1,0)+IF(AND(ISNUMBER('评分录入'!AC37),'评分录入'!AC37=0),1,0) -> 0 | L11: =G11-H11 -> 0 | M11: =IF(H11=0,"",(I11+J11*0.5)/H11)
A12: 架构 | B12: archive_of_borrowed_gravity | C12: 完整 Agora | D12: 单次生成基线 | E12: 可设想的行动 | F12: 4 | G12: =IF('评分录入'!M22="纳入",1,0)+IF('评分录入'!M27="纳入",1,0)+IF('评分录入'!M35="纳入",1,0)+IF('评分录入'!M37="纳入",1,0) -> 0 | H12: =IF(ISNUMBER('评分录入'!AD22),1,0)+IF(ISNUMBER('评分录入'!AD27),1,0)+IF(ISNUMBER('评分录入'!AD35),1,0)+IF(ISNUMBER('评分录入'!AD37),1,0) -> 0 | I12: =IF(AND(ISNUMBER('评分录入'!AD22),'评分录入'!AD22=1),1,0)+IF(AND(ISNUMBER('评分录入'!AD27),'评分录入'!AD27=1),1,0)+IF(AND(ISNUMBER('评分录入'!AD35),'评分录入'!AD35=1),1,0)+IF(AND(ISNUMBER('评分录入'!AD37),'评分录入'!AD37=1),1,0) -> 0 | J12: =IF(AND(ISNUMBER('评分录入'!AD22),'评分录入'!AD22=0.5),1,0)+IF(AND(ISNUMBER('评分录入'!AD27),'评分录入'!AD27=0.5),1,0)+IF(AND(ISNUMBER('评分录入'!AD35),'评分录入'!AD35=0.5),1,0)+IF(AND(ISNUMBER('评分录入'!AD37),'评分录入'!AD37=0.5),1,0) -> 0 | K12: =IF(AND(ISNUMBER('评分录入'!AD22),'评分录入'!AD22=0),1,0)+IF(AND(ISNUMBER('评分录入'!AD27),'评分录入'!AD27=0),1,0)+IF(AND(ISNUMBER('评分录入'!AD35),'评分录入'!AD35=0),1,0)+IF(AND(ISNUMBER('评分录入'!AD37),'评分录入'!AD37=0),1,0) -> 0 | L12: =G12-H12 -> 0 | M12: =IF(H12=0,"",(I12+J12*0.5)/H12)
A13: 架构 | B13: aurora_court_of_migrating_cities | C13: 完整 Agora | D13: 单次生成基线 | E13: 总体世界设计 | F13: 2 | G13: =IF('评分录入'!M17="纳入",1,0)+IF('评分录入'!M58="纳入",1,0) -> 0 | H13: =IF(ISNUMBER('评分录入'!T17),1,0)+IF(ISNUMBER('评分录入'!T58),1,0) -> 0 | I13: =IF(AND(ISNUMBER('评分录入'!T17),'评分录入'!T17=1),1,0)+IF(AND(ISNUMBER('评分录入'!T58),'评分录入'!T58=1),1,0) -> 0 | J13: =IF(AND(ISNUMBER('评分录入'!T17),'评分录入'!T17=0.5),1,0)+IF(AND(ISNUMBER('评分录入'!T58),'评分录入'!T58=0.5),1,0) -> 0 | K13: =IF(AND(ISNUMBER('评分录入'!T17),'评分录入'!T17=0),1,0)+IF(AND(ISNUMBER('评分录入'!T58),'评分录入'!T58=0),1,0) -> 0 | L13: =G13-H13 -> 0 | M13: =IF(H13=0,"",(I13+J13*0.5)/H13)
A14: 架构 | B14: aurora_court_of_migrating_cities | C14: 完整 Agora | D14: 单次生成基线 | E14: 设定实现 | F14: 2 | G14: =IF('评分录入'!M17="纳入",1,0)+IF('评分录入'!M58="纳入",1,0) -> 0 | H14: =IF(ISNUMBER('评分录入'!Z17),1,0)+IF(ISNUMBER('评分录入'!Z58),1,0) -> 0 | I14: =IF(AND(ISNUMBER('评分录入'!Z17),'评分录入'!Z17=1),1,0)+IF(AND(ISNUMBER('评分录入'!Z58),'评分录入'!Z58=1),1,0) -> 0 | J14: =IF(AND(ISNUMBER('评分录入'!Z17),'评分录入'!Z17=0.5),1,0)+IF(AND(ISNUMBER('评分录入'!Z58),'评分录入'!Z58=0.5),1,0) -> 0 | K14: =IF(AND(ISNUMBER('评分录入'!Z17),'评分录入'!Z17=0),1,0)+IF(AND(ISNUMBER('评分录入'!Z58),'评分录入'!Z58=0),1,0) -> 0 | L14: =G14-H14 -> 0 | M14: =IF(H14=0,"",(I14+J14*0.5)/H14)
A15: 架构 | B15: aurora_court_of_migrating_cities | C15: 完整 Agora | D15: 单次生成基线 | E15: 规则与活动 | F15: 2 | G15: =IF('评分录入'!M17="纳入",1,0)+IF('评分录入'!M58="纳入",1,0) -> 0 | H15: =IF(ISNUMBER('评分录入'!AA17),1,0)+IF(ISNUMBER('评分录入'!AA58),1,0) -> 0 | I15: =IF(AND(ISNUMBER('评分录入'!AA17),'评分录入'!AA17=1),1,0)+IF(AND(ISNUMBER('评分录入'!AA58),'评分录入'!AA58=1),1,0) -> 0 | J15: =IF(AND(ISNUMBER('评分录入'!AA17),'评分录入'!AA17=0.5),1,0)+IF(AND(ISNUMBER('评分录入'!AA58),'评分录入'!AA58=0.5),1,0) -> 0 | K15: =IF(AND(ISNUMBER('评分录入'!AA17),'评分录入'!AA17=0),1,0)+IF(AND(ISNUMBER('评分录入'!AA58),'评分录入'!AA58=0),1,0) -> 0 | L15: =G15-H15 -> 0 | M15: =IF(H15=0,"",(I15+J15*0.5)/H15)
A16: 架构 | B16: aurora_court_of_migrating_cities | C16: 完整 Agora | D16: 单次生成基线 | E16: 人物与社会联系 | F16: 2 | G16: =IF('评分录入'!M17="纳入",1,0)+IF('评分录入'!M58="纳入",1,0) -> 0 | H16: =IF(ISNUMBER('评分录入'!AB17),1,0)+IF(ISNUMBER('评分录入'!AB58),1,0) -> 0 | I16: =IF(AND(ISNUMBER('评分录入'!AB17),'评分录入'!AB17=1),1,0)+IF(AND(ISNUMBER('评分录入'!AB58),'评分录入'!AB58=1),1,0) -> 0 | J16: =IF(AND(ISNUMBER('评分录入'!AB17),'评分录入'!AB17=0.5),1,0)+IF(AND(ISNUMBER('评分录入'!AB58),'评分录入'!AB58=0.5),1,0) -> 0 | K16: =IF(AND(ISNUMBER('评分录入'!AB17),'评分录入'!AB17=0),1,0)+IF(AND(ISNUMBER('评分录入'!AB58),'评分录入'!AB58=0),1,0) -> 0 | L16: =G16-H16 -> 0 | M16: =IF(H16=0,"",(I16+J16*0.5)/H16)
A17: 架构 | B17: aurora_court_of_migrating_cities | C17: 完整 Agora | D17: 单次生成基线 | E17: 地点与物件 | F17: 2 | G17: =IF('评分录入'!M17="纳入",1,0)+IF('评分录入'!M58="纳入",1,0) -> 0 | H17: =IF(ISNUMBER('评分录入'!AC17),1,0)+IF(ISNUMBER('评分录入'!AC58),1,0) -> 0 | I17: =IF(AND(ISNUMBER('评分录入'!AC17),'评分录入'!AC17=1),1,0)+IF(AND(ISNUMBER('评分录入'!AC58),'评分录入'!AC58=1),1,0) -> 0 | J17: =IF(AND(ISNUMBER('评分录入'!AC17),'评分录入'!AC17=0.5),1,0)+IF(AND(ISNUMBER('评分录入'!AC58),'评分录入'!AC58=0.5),1,0) -> 0 | K17: =IF(AND(ISNUMBER('评分录入'!AC17),'评分录入'!AC17=0),1,0)+IF(AND(ISNUMBER('评分录入'!AC58),'评分录入'!AC58=0),1,0) -> 0 | L17: =G17-H17 -> 0 | M17: =IF(H17=0,"",(I17+J17*0.5)/H17)
A18: 架构 | B18: aurora_court_of_migrating_cities | C18: 完整 Agora | D18: 单次生成基线 | E18: 可设想的行动 | F18: 2 | G18: =IF('评分录入'!M17="纳入",1,0)+IF('评分录入'!M58="纳入",1,0) -> 0 | H18: =IF(ISNUMBER('评分录入'!AD17),1,0)+IF(ISNUMBER('评分录入'!AD58),1,0) -> 0 | I18: =IF(AND(ISNUMBER('评分录入'!AD17),'评分录入'!AD17=1),1,0)+IF(AND(ISNUMBER('评分录入'!AD58),'评分录入'!AD58=1),1,0) -> 0 | J18: =IF(AND(ISNUMBER('评分录入'!AD17),'评分录入'!AD17=0.5),1,0)+IF(AND(ISNUMBER('评分录入'!AD58),'评分录入'!AD58=0.5),1,0) -> 0 | K18: =IF(AND(ISNUMBER('评分录入'!AD17),'评分录入'!AD17=0),1,0)+IF(AND(ISNUMBER('评分录入'!AD58),'评分录入'!AD58=0),1,0) -> 0 | L18: =G18-H18 -> 0 | M18: =IF(H18=0,"",(I18+J18*0.5)/H18)
A19: 架构 | B19: cartographer_lung_exchange | C19: 完整 Agora | D19: 单次生成基线 | E19: 总体世界设计 | F19: 2 | G19: =IF('评分录入'!M9="纳入",1,0)+IF('评分录入'!M53="纳入",1,0) -> 0 | H19: =IF(ISNUMBER('评分录入'!T9),1,0)+IF(ISNUMBER('评分录入'!T53),1,0) -> 0 | I19: =IF(AND(ISNUMBER('评分录入'!T9),'评分录入'!T9=1),1,0)+IF(AND(ISNUMBER('评分录入'!T53),'评分录入'!T53=1),1,0) -> 0 | J19: =IF(AND(ISNUMBER('评分录入'!T9),'评分录入'!T9=0.5),1,0)+IF(AND(ISNUMBER('评分录入'!T53),'评分录入'!T53=0.5),1,0) -> 0 | K19: =IF(AND(ISNUMBER('评分录入'!T9),'评分录入'!T9=0),1,0)+IF(AND(ISNUMBER('评分录入'!T53),'评分录入'!T53=0),1,0) -> 0 | L19: =G19-H19 -> 0 | M19: =IF(H19=0,"",(I19+J19*0.5)/H19)
A20: 架构 | B20: cartographer_lung_exchange | C20: 完整 Agora | D20: 单次生成基线 | E20: 设定实现 | F20: 2 | G20: =IF('评分录入'!M9="纳入",1,0)+IF('评分录入'!M53="纳入",1,0) -> 0 | H20: =IF(ISNUMBER('评分录入'!Z9),1,0)+IF(ISNUMBER('评分录入'!Z53),1,0) -> 0 | I20: =IF(AND(ISNUMBER('评分录入'!Z9),'评分录入'!Z9=1),1,0)+IF(AND(ISNUMBER('评分录入'!Z53),'评分录入'!Z53=1),1,0) -> 0 | J20: =IF(AND(ISNUMBER('评分录入'!Z9),'评分录入'!Z9=0.5),1,0)+IF(AND(ISNUMBER('评分录入'!Z53),'评分录入'!Z53=0.5),1,0) -> 0 | K20: =IF(AND(ISNUMBER('评分录入'!Z9),'评分录入'!Z9=0),1,0)+IF(AND(ISNUMBER('评分录入'!Z53),'评分录入'!Z53=0),1,0) -> 0 | L20: =G20-H20 -> 0 | M20: =IF(H20=0,"",(I20+J20*0.5)/H20)
A21: 架构 | B21: cartographer_lung_exchange | C21: 完整 Agora | D21: 单次生成基线 | E21: 规则与活动 | F21: 2 | G21: =IF('评分录入'!M9="纳入",1,0)+IF('评分录入'!M53="纳入",1,0) -> 0 | H21: =IF(ISNUMBER('评分录入'!AA9),1,0)+IF(ISNUMBER('评分录入'!AA53),1,0) -> 0 | I21: =IF(AND(ISNUMBER('评分录入'!AA9),'评分录入'!AA9=1),1,0)+IF(AND(ISNUMBER('评分录入'!AA53),'评分录入'!AA53=1),1,0) -> 0 | J21: =IF(AND(ISNUMBER('评分录入'!AA9),'评分录入'!AA9=0.5),1,0)+IF(AND(ISNUMBER('评分录入'!AA53),'评分录入'!AA53=0.5),1,0) -> 0 | K21: =IF(AND(ISNUMBER('评分录入'!AA9),'评分录入'!AA9=0),1,0)+IF(AND(ISNUMBER('评分录入'!AA53),'评分录入'!AA53=0),1,0) -> 0 | L21: =G21-H21 -> 0 | M21: =IF(H21=0,"",(I21+J21*0.5)/H21)
A22: 架构 | B22: cartographer_lung_exchange | C22: 完整 Agora | D22: 单次生成基线 | E22: 人物与社会联系 | F22: 2 | G22: =IF('评分录入'!M9="纳入",1,0)+IF('评分录入'!M53="纳入",1,0) -> 0 | H22: =IF(ISNUMBER('评分录入'!AB9),1,0)+IF(ISNUMBER('评分录入'!AB53),1,0) -> 0 | I22: =IF(AND(ISNUMBER('评分录入'!AB9),'评分录入'!AB9=1),1,0)+IF(AND(ISNUMBER('评分录入'!AB53),'评分录入'!AB53=1),1,0) -> 0 | J22: =IF(AND(ISNUMBER('评分录入'!AB9),'评分录入'!AB9=0.5),1,0)+IF(AND(ISNUMBER('评分录入'!AB53),'评分录入'!AB53=0.5),1,0) -> 0 | K22: =IF(AND(ISNUMBER('评分录入'!AB9),'评分录入'!AB9=0),1,0)+IF(AND(ISNUMBER('评分录入'!AB53),'评分录入'!AB53=0),1,0) -> 0 | L22: =G22-H22 -> 0 | M22: =IF(H22=0,"",(I22+J22*0.5)/H22)
A23: 架构 | B23: cartographer_lung_exchange | C23: 完整 Agora | D23: 单次生成基线 | E23: 地点与物件 | F23: 2 | G23: =IF('评分录入'!M9="纳入",1,0)+IF('评分录入'!M53="纳入",1,0) -> 0 | H23: =IF(ISNUMBER('评分录入'!AC9),1,0)+IF(ISNUMBER('评分录入'!AC53),1,0) -> 0 | I23: =IF(AND(ISNUMBER('评分录入'!AC9),'评分录入'!AC9=1),1,0)+IF(AND(ISNUMBER('评分录入'!AC53),'评分录入'!AC53=1),1,0) -> 0 | J23: =IF(AND(ISNUMBER('评分录入'!AC9),'评分录入'!AC9=0.5),1,0)+IF(AND(ISNUMBER('评分录入'!AC53),'评分录入'!AC53=0.5),1,0) -> 0 | K23: =IF(AND(ISNUMBER('评分录入'!AC9),'评分录入'!AC9=0),1,0)+IF(AND(ISNUMBER('评分录入'!AC53),'评分录入'!AC53=0),1,0) -> 0 | L23: =G23-H23 -> 0 | M23: =IF(H23=0,"",(I23+J23*0.5)/H23)
A24: 架构 | B24: cartographer_lung_exchange | C24: 完整 Agora | D24: 单次生成基线 | E24: 可设想的行动 | F24: 2 | G24: =IF('评分录入'!M9="纳入",1,0)+IF('评分录入'!M53="纳入",1,0) -> 0 | H24: =IF(ISNUMBER('评分录入'!AD9),1,0)+IF(ISNUMBER('评分录入'!AD53),1,0) -> 0 | I24: =IF(AND(ISNUMBER('评分录入'!AD9),'评分录入'!AD9=1),1,0)+IF(AND(ISNUMBER('评分录入'!AD53),'评分录入'!AD53=1),1,0) -> 0 | J24: =IF(AND(ISNUMBER('评分录入'!AD9),'评分录入'!AD9=0.5),1,0)+IF(AND(ISNUMBER('评分录入'!AD53),'评分录入'!AD53=0.5),1,0) -> 0 | K24: =IF(AND(ISNUMBER('评分录入'!AD9),'评分录入'!AD9=0),1,0)+IF(AND(ISNUMBER('评分录入'!AD53),'评分录入'!AD53=0),1,0) -> 0 | L24: =G24-H24 -> 0 | M24: =IF(H24=0,"",(I24+J24*0.5)/H24)
A25: 架构 | B25: clockwork_rain_conservatory | C25: 完整 Agora | D25: 单次生成基线 | E25: 总体世界设计 | F25: 2 | G25: =IF('评分录入'!M12="纳入",1,0)+IF('评分录入'!M48="纳入",1,0) -> 0 | H25: =IF(ISNUMBER('评分录入'!T12),1,0)+IF(ISNUMBER('评分录入'!T48),1,0) -> 0 | I25: =IF(AND(ISNUMBER('评分录入'!T12),'评分录入'!T12=1),1,0)+IF(AND(ISNUMBER('评分录入'!T48),'评分录入'!T48=1),1,0) -> 0 | J25: =IF(AND(ISNUMBER('评分录入'!T12),'评分录入'!T12=0.5),1,0)+IF(AND(ISNUMBER('评分录入'!T48),'评分录入'!T48=0.5),1,0) -> 0 | K25: =IF(AND(ISNUMBER('评分录入'!T12),'评分录入'!T12=0),1,0)+IF(AND(ISNUMBER('评分录入'!T48),'评分录入'!T48=0),1,0) -> 0 | L25: =G25-H25 -> 0 | M25: =IF(H25=0,"",(I25+J25*0.5)/H25)
A26: 架构 | B26: clockwork_rain_conservatory | C26: 完整 Agora | D26: 单次生成基线 | E26: 设定实现 | F26: 2 | G26: =IF('评分录入'!M12="纳入",1,0)+IF('评分录入'!M48="纳入",1,0) -> 0 | H26: =IF(ISNUMBER('评分录入'!Z12),1,0)+IF(ISNUMBER('评分录入'!Z48),1,0) -> 0 | I26: =IF(AND(ISNUMBER('评分录入'!Z12),'评分录入'!Z12=1),1,0)+IF(AND(ISNUMBER('评分录入'!Z48),'评分录入'!Z48=1),1,0) -> 0 | J26: =IF(AND(ISNUMBER('评分录入'!Z12),'评分录入'!Z12=0.5),1,0)+IF(AND(ISNUMBER('评分录入'!Z48),'评分录入'!Z48=0.5),1,0) -> 0 | K26: =IF(AND(ISNUMBER('评分录入'!Z12),'评分录入'!Z12=0),1,0)+IF(AND(ISNUMBER('评分录入'!Z48),'评分录入'!Z48=0),1,0) -> 0 | L26: =G26-H26 -> 0 | M26: =IF(H26=0,"",(I26+J26*0.5)/H26)
A27: 架构 | B27: clockwork_rain_conservatory | C27: 完整 Agora | D27: 单次生成基线 | E27: 规则与活动 | F27: 2 | G27: =IF('评分录入'!M12="纳入",1,0)+IF('评分录入'!M48="纳入",1,0) -> 0 | H27: =IF(ISNUMBER('评分录入'!AA12),1,0)+IF(ISNUMBER('评分录入'!AA48),1,0) -> 0 | I27: =IF(AND(ISNUMBER('评分录入'!AA12),'评分录入'!AA12=1),1,0)+IF(AND(ISNUMBER('评分录入'!AA48),'评分录入'!AA48=1),1,0) -> 0 | J27: =IF(AND(ISNUMBER('评分录入'!AA12),'评分录入'!AA12=0.5),1,0)+IF(AND(ISNUMBER('评分录入'!AA48),'评分录入'!AA48=0.5),1,0) -> 0 | K27: =IF(AND(ISNUMBER('评分录入'!AA12),'评分录入'!AA12=0),1,0)+IF(AND(ISNUMBER('评分录入'!AA48),'评分录入'!AA48=0),1,0) -> 0 | L27: =G27-H27 -> 0 | M27: =IF(H27=0,"",(I27+J27*0.5)/H27)
A28: 架构 | B28: clockwork_rain_conservatory | C28: 完整 Agora | D28: 单次生成基线 | E28: 人物与社会联系 | F28: 2 | G28: =IF('评分录入'!M12="纳入",1,0)+IF('评分录入'!M48="纳入",1,0) -> 0 | H28: =IF(ISNUMBER('评分录入'!AB12),1,0)+IF(ISNUMBER('评分录入'!AB48),1,0) -> 0 | I28: =IF(AND(ISNUMBER('评分录入'!AB12),'评分录入'!AB12=1),1,0)+IF(AND(ISNUMBER('评分录入'!AB48),'评分录入'!AB48=1),1,0) -> 0 | J28: =IF(AND(ISNUMBER('评分录入'!AB12),'评分录入'!AB12=0.5),1,0)+IF(AND(ISNUMBER('评分录入'!AB48),'评分录入'!AB48=0.5),1,0) -> 0 | K28: =IF(AND(ISNUMBER('评分录入'!AB12),'评分录入'!AB12=0),1,0)+IF(AND(ISNUMBER('评分录入'!AB48),'评分录入'!AB48=0),1,0) -> 0 | L28: =G28-H28 -> 0 | M28: =IF(H28=0,"",(I28+J28*0.5)/H28)
A29: 架构 | B29: clockwork_rain_conservatory | C29: 完整 Agora | D29: 单次生成基线 | E29: 地点与物件 | F29: 2 | G29: =IF('评分录入'!M12="纳入",1,0)+IF('评分录入'!M48="纳入",1,0) -> 0 | H29: =IF(ISNUMBER('评分录入'!AC12),1,0)+IF(ISNUMBER('评分录入'!AC48),1,0) -> 0 | I29: =IF(AND(ISNUMBER('评分录入'!AC12),'评分录入'!AC12=1),1,0)+IF(AND(ISNUMBER('评分录入'!AC48),'评分录入'!AC48=1),1,0) -> 0 | J29: =IF(AND(ISNUMBER('评分录入'!AC12),'评分录入'!AC12=0.5),1,0)+IF(AND(ISNUMBER('评分录入'!AC48),'评分录入'!AC48=0.5),1,0) -> 0 | K29: =IF(AND(ISNUMBER('评分录入'!AC12),'评分录入'!AC12=0),1,0)+IF(AND(ISNUMBER('评分录入'!AC48),'评分录入'!AC48=0),1,0) -> 0 | L29: =G29-H29 -> 0 | M29: =IF(H29=0,"",(I29+J29*0.5)/H29)
A30: 架构 | B30: clockwork_rain_conservatory | C30: 完整 Agora | D30: 单次生成基线 | E30: 可设想的行动 | F30: 2 | G30: =IF('评分录入'!M12="纳入",1,0)+IF('评分录入'!M48="纳入",1,0) -> 0 | H30: =IF(ISNUMBER('评分录入'!AD12),1,0)+IF(ISNUMBER('评分录入'!AD48),1,0) -> 0 | I30: =IF(AND(ISNUMBER('评分录入'!AD12),'评分录入'!AD12=1),1,0)+IF(AND(ISNUMBER('评分录入'!AD48),'评分录入'!AD48=1),1,0) -> 0 | J30: =IF(AND(ISNUMBER('评分录入'!AD12),'评分录入'!AD12=0.5),1,0)+IF(AND(ISNUMBER('评分录入'!AD48),'评分录入'!AD48=0.5),1,0) -> 0 | K30: =IF(AND(ISNUMBER('评分录入'!AD12),'评分录入'!AD12=0),1,0)+IF(AND(ISNUMBER('评分录入'!AD48),'评分录入'!AD48=0),1,0) -> 0 | L30: =G30-H30 -> 0 | M30: =IF(H30=0,"",(I30+J30*0.5)/H30)
A31: 架构 | B31: intertidal_embassy_for_extinct_rivers | C31: 完整 Agora | D31: 单次生成基线 | E31: 总体世界设计 | F31: 2 | G31: =IF('评分录入'!M40="纳入",1,0)+IF('评分录入'!M71="纳入",1,0) -> 0 | H31: =IF(ISNUMBER('评分录入'!T40),1,0)+IF(ISNUMBER('评分录入'!T71),1,0) -> 0 | I31: =IF(AND(ISNUMBER('评分录入'!T40),'评分录入'!T40=1),1,0)+IF(AND(ISNUMBER('评分录入'!T71),'评分录入'!T71=1),1,0) -> 0 | J31: =IF(AND(ISNUMBER('评分录入'!T40),'评分录入'!T40=0.5),1,0)+IF(AND(ISNUMBER('评分录入'!T71),'评分录入'!T71=0.5),1,0) -> 0 | K31: =IF(AND(ISNUMBER('评分录入'!T40),'评分录入'!T40=0),1,0)+IF(AND(ISNUMBER('评分录入'!T71),'评分录入'!T71=0),1,0) -> 0 | L31: =G31-H31 -> 0 | M31: =IF(H31=0,"",(I31+J31*0.5)/H31)
A32: 架构 | B32: intertidal_embassy_for_extinct_rivers | C32: 完整 Agora | D32: 单次生成基线 | E32: 设定实现 | F32: 2 | G32: =IF('评分录入'!M40="纳入",1,0)+IF('评分录入'!M71="纳入",1,0) -> 0 | H32: =IF(ISNUMBER('评分录入'!Z40),1,0)+IF(ISNUMBER('评分录入'!Z71),1,0) -> 0 | I32: =IF(AND(ISNUMBER('评分录入'!Z40),'评分录入'!Z40=1),1,0)+IF(AND(ISNUMBER('评分录入'!Z71),'评分录入'!Z71=1),1,0) -> 0 | J32: =IF(AND(ISNUMBER('评分录入'!Z40),'评分录入'!Z40=0.5),1,0)+IF(AND(ISNUMBER('评分录入'!Z71),'评分录入'!Z71=0.5),1,0) -> 0 | K32: =IF(AND(ISNUMBER('评分录入'!Z40),'评分录入'!Z40=0),1,0)+IF(AND(ISNUMBER('评分录入'!Z71),'评分录入'!Z71=0),1,0) -> 0 | L32: =G32-H32 -> 0 | M32: =IF(H32=0,"",(I32+J32*0.5)/H32)
A33: 架构 | B33: intertidal_embassy_for_extinct_rivers | C33: 完整 Agora | D33: 单次生成基线 | E33: 规则与活动 | F33: 2 | G33: =IF('评分录入'!M40="纳入",1,0)+IF('评分录入'!M71="纳入",1,0) -> 0 | H33: =IF(ISNUMBER('评分录入'!AA40),1,0)+IF(ISNUMBER('评分录入'!AA71),1,0) -> 0 | I33: =IF(AND(ISNUMBER('评分录入'!AA40),'评分录入'!AA40=1),1,0)+IF(AND(ISNUMBER('评分录入'!AA71),'评分录入'!AA71=1),1,0) -> 0 | J33: =IF(AND(ISNUMBER('评分录入'!AA40),'评分录入'!AA40=0.5),1,0)+IF(AND(ISNUMBER('评分录入'!AA71),'评分录入'!AA71=0.5),1,0) -> 0 | K33: =IF(AND(ISNUMBER('评分录入'!AA40),'评分录入'!AA40=0),1,0)+IF(AND(ISNUMBER('评分录入'!AA71),'评分录入'!AA71=0),1,0) -> 0 | L33: =G33-H33 -> 0 | M33: =IF(H33=0,"",(I33+J33*0.5)/H33)
A34: 架构 | B34: intertidal_embassy_for_extinct_rivers | C34: 完整 Agora | D34: 单次生成基线 | E34: 人物与社会联系 | F34: 2 | G34: =IF('评分录入'!M40="纳入",1,0)+IF('评分录入'!M71="纳入",1,0) -> 0 | H34: =IF(ISNUMBER('评分录入'!AB40),1,0)+IF(ISNUMBER('评分录入'!AB71),1,0) -> 0 | I34: =IF(AND(ISNUMBER('评分录入'!AB40),'评分录入'!AB40=1),1,0)+IF(AND(ISNUMBER('评分录入'!AB71),'评分录入'!AB71=1),1,0) -> 0 | J34: =IF(AND(ISNUMBER('评分录入'!AB40),'评分录入'!AB40=0.5),1,0)+IF(AND(ISNUMBER('评分录入'!AB71),'评分录入'!AB71=0.5),1,0) -> 0 | K34: =IF(AND(ISNUMBER('评分录入'!AB40),'评分录入'!AB40=0),1,0)+IF(AND(ISNUMBER('评分录入'!AB71),'评分录入'!AB71=0),1,0) -> 0 | L34: =G34-H34 -> 0 | M34: =IF(H34=0,"",(I34+J34*0.5)/H34)
A35: 架构 | B35: intertidal_embassy_for_extinct_rivers | C35: 完整 Agora | D35: 单次生成基线 | E35: 地点与物件 | F35: 2 | G35: =IF('评分录入'!M40="纳入",1,0)+IF('评分录入'!M71="纳入",1,0) -> 0 | H35: =IF(ISNUMBER('评分录入'!AC40),1,0)+IF(ISNUMBER('评分录入'!AC71),1,0) -> 0 | I35: =IF(AND(ISNUMBER('评分录入'!AC40),'评分录入'!AC40=1),1,0)+IF(AND(ISNUMBER('评分录入'!AC71),'评分录入'!AC71=1),1,0) -> 0 | J35: =IF(AND(ISNUMBER('评分录入'!AC40),'评分录入'!AC40=0.5),1,0)+IF(AND(ISNUMBER('评分录入'!AC71),'评分录入'!AC71=0.5),1,0) -> 0 | K35: =IF(AND(ISNUMBER('评分录入'!AC40),'评分录入'!AC40=0),1,0)+IF(AND(ISNUMBER('评分录入'!AC71),'评分录入'!AC71=0),1,0) -> 0 | L35: =G35-H35 -> 0 | M35: =IF(H35=0,"",(I35+J35*0.5)/H35)
A36: 架构 | B36: intertidal_embassy_for_extinct_rivers | C36: 完整 Agora | D36: 单次生成基线 | E36: 可设想的行动 | F36: 2 | G36: =IF('评分录入'!M40="纳入",1,0)+IF('评分录入'!M71="纳入",1,0) -> 0 | H36: =IF(ISNUMBER('评分录入'!AD40),1,0)+IF(ISNUMBER('评分录入'!AD71),1,0) -> 0 | I36: =IF(AND(ISNUMBER('评分录入'!AD40),'评分录入'!AD40=1),1,0)+IF(AND(ISNUMBER('评分录入'!AD71),'评分录入'!AD71=1),1,0) -> 0 | J36: =IF(AND(ISNUMBER('评分录入'!AD40),'评分录入'!AD40=0.5),1,0)+IF(AND(ISNUMBER('评分录入'!AD71),'评分录入'!AD71=0.5),1,0) -> 0 | K36: =IF(AND(ISNUMBER('评分录入'!AD40),'评分录入'!AD40=0),1,0)+IF(AND(ISNUMBER('评分录入'!AD71),'评分录入'!AD71=0),1,0) -> 0 | L36: =G36-H36 -> 0 | M36: =IF(H36=0,"",(I36+J36*0.5)/H36)
A37: 架构 | B37: museum_of_future_debts | C37: 完整 Agora | D37: 单次生成基线 | E37: 总体世界设计 | F37: 2 | G37: =IF('评分录入'!M32="纳入",1,0)+IF('评分录入'!M50="纳入",1,0) -> 0 | H37: =IF(ISNUMBER('评分录入'!T32),1,0)+IF(ISNUMBER('评分录入'!T50),1,0) -> 0 | I37: =IF(AND(ISNUMBER('评分录入'!T32),'评分录入'!T32=1),1,0)+IF(AND(ISNUMBER('评分录入'!T50),'评分录入'!T50=1),1,0) -> 0 | J37: =IF(AND(ISNUMBER('评分录入'!T32),'评分录入'!T32=0.5),1,0)+IF(AND(ISNUMBER('评分录入'!T50),'评分录入'!T50=0.5),1,0) -> 0 | K37: =IF(AND(ISNUMBER('评分录入'!T32),'评分录入'!T32=0),1,0)+IF(AND(ISNUMBER('评分录入'!T50),'评分录入'!T50=0),1,0) -> 0 | L37: =G37-H37 -> 0 | M37: =IF(H37=0,"",(I37+J37*0.5)/H37)
A38: 架构 | B38: museum_of_future_debts | C38: 完整 Agora | D38: 单次生成基线 | E38: 设定实现 | F38: 2 | G38: =IF('评分录入'!M32="纳入",1,0)+IF('评分录入'!M50="纳入",1,0) -> 0 | H38: =IF(ISNUMBER('评分录入'!Z32),1,0)+IF(ISNUMBER('评分录入'!Z50),1,0) -> 0 | I38: =IF(AND(ISNUMBER('评分录入'!Z32),'评分录入'!Z32=1),1,0)+IF(AND(ISNUMBER('评分录入'!Z50),'评分录入'!Z50=1),1,0) -> 0 | J38: =IF(AND(ISNUMBER('评分录入'!Z32),'评分录入'!Z32=0.5),1,0)+IF(AND(ISNUMBER('评分录入'!Z50),'评分录入'!Z50=0.5),1,0) -> 0 | K38: =IF(AND(ISNUMBER('评分录入'!Z32),'评分录入'!Z32=0),1,0)+IF(AND(ISNUMBER('评分录入'!Z50),'评分录入'!Z50=0),1,0) -> 0 | L38: =G38-H38 -> 0 | M38: =IF(H38=0,"",(I38+J38*0.5)/H38)
A39: 架构 | B39: museum_of_future_debts | C39: 完整 Agora | D39: 单次生成基线 | E39: 规则与活动 | F39: 2 | G39: =IF('评分录入'!M32="纳入",1,0)+IF('评分录入'!M50="纳入",1,0) -> 0 | H39: =IF(ISNUMBER('评分录入'!AA32),1,0)+IF(ISNUMBER('评分录入'!AA50),1,0) -> 0 | I39: =IF(AND(ISNUMBER('评分录入'!AA32),'评分录入'!AA32=1),1,0)+IF(AND(ISNUMBER('评分录入'!AA50),'评分录入'!AA50=1),1,0) -> 0 | J39: =IF(AND(ISNUMBER('评分录入'!AA32),'评分录入'!AA32=0.5),1,0)+IF(AND(ISNUMBER('评分录入'!AA50),'评分录入'!AA50=0.5),1,0) -> 0 | K39: =IF(AND(ISNUMBER('评分录入'!AA32),'评分录入'!AA32=0),1,0)+IF(AND(ISNUMBER('评分录入'!AA50),'评分录入'!AA50=0),1,0) -> 0 | L39: =G39-H39 -> 0 | M39: =IF(H39=0,"",(I39+J39*0.5)/H39)
A40: 架构 | B40: museum_of_future_debts | C40: 完整 Agora | D40: 单次生成基线 | E40: 人物与社会联系 | F40: 2 | G40: =IF('评分录入'!M32="纳入",1,0)+IF('评分录入'!M50="纳入",1,0) -> 0 | H40: =IF(ISNUMBER('评分录入'!AB32),1,0)+IF(ISNUMBER('评分录入'!AB50),1,0) -> 0 | I40: =IF(AND(ISNUMBER('评分录入'!AB32),'评分录入'!AB32=1),1,0)+IF(AND(ISNUMBER('评分录入'!AB50),'评分录入'!AB50=1),1,0) -> 0 | J40: =IF(AND(ISNUMBER('评分录入'!AB32),'评分录入'!AB32=0.5),1,0)+IF(AND(ISNUMBER('评分录入'!AB50),'评分录入'!AB50=0.5),1,0) -> 0 | K40: =IF(AND(ISNUMBER('评分录入'!AB32),'评分录入'!AB32=0),1,0)+IF(AND(ISNUMBER('评分录入'!AB50),'评分录入'!AB50=0),1,0) -> 0 | L40: =G40-H40 -> 0 | M40: =IF(H40=0,"",(I40+J40*0.5)/H40)
A41: 架构 | B41: museum_of_future_debts | C41: 完整 Agora | D41: 单次生成基线 | E41: 地点与物件 | F41: 2 | G41: =IF('评分录入'!M32="纳入",1,0)+IF('评分录入'!M50="纳入",1,0) -> 0 | H41: =IF(ISNUMBER('评分录入'!AC32),1,0)+IF(ISNUMBER('评分录入'!AC50),1,0) -> 0 | I41: =IF(AND(ISNUMBER('评分录入'!AC32),'评分录入'!AC32=1),1,0)+IF(AND(ISNUMBER('评分录入'!AC50),'评分录入'!AC50=1),1,0) -> 0 | J41: =IF(AND(ISNUMBER('评分录入'!AC32),'评分录入'!AC32=0.5),1,0)+IF(AND(ISNUMBER('评分录入'!AC50),'评分录入'!AC50=0.5),1,0) -> 0 | K41: =IF(AND(ISNUMBER('评分录入'!AC32),'评分录入'!AC32=0),1,0)+IF(AND(ISNUMBER('评分录入'!AC50),'评分录入'!AC50=0),1,0) -> 0 | L41: =G41-H41 -> 0 | M41: =IF(H41=0,"",(I41+J41*0.5)/H41)
A42: 架构 | B42: museum_of_future_debts | C42: 完整 Agora | D42: 单次生成基线 | E42: 可设想的行动 | F42: 2 | G42: =IF('评分录入'!M32="纳入",1,0)+IF('评分录入'!M50="纳入",1,0) -> 0 | H42: =IF(ISNUMBER('评分录入'!AD32),1,0)+IF(ISNUMBER('评分录入'!AD50),1,0) -> 0 | I42: =IF(AND(ISNUMBER('评分录入'!AD32),'评分录入'!AD32=1),1,0)+IF(AND(ISNUMBER('评分录入'!AD50),'评分录入'!AD50=1),1,0) -> 0 | J42: =IF(AND(ISNUMBER('评分录入'!AD32),'评分录入'!AD32=0.5),1,0)+IF(AND(ISNUMBER('评分录入'!AD50),'评分录入'!AD50=0.5),1,0) -> 0 | K42: =IF(AND(ISNUMBER('评分录入'!AD32),'评分录入'!AD32=0),1,0)+IF(AND(ISNUMBER('评分录入'!AD50),'评分录入'!AD50=0),1,0) -> 0 | L42: =G42-H42 -> 0 | M42: =IF(H42=0,"",(I42+J42*0.5)/H42)
A43: 架构 | B43: mycelium_patent_bazaar | C43: 完整 Agora | D43: 单次生成基线 | E43: 总体世界设计 | F43: 2 | G43: =IF('评分录入'!M14="纳入",1,0)+IF('评分录入'!M63="纳入",1,0) -> 0 | H43: =IF(ISNUMBER('评分录入'!T14),1,0)+IF(ISNUMBER('评分录入'!T63),1,0) -> 0 | I43: =IF(AND(ISNUMBER('评分录入'!T14),'评分录入'!T14=1),1,0)+IF(AND(ISNUMBER('评分录入'!T63),'评分录入'!T63=1),1,0) -> 0 | J43: =IF(AND(ISNUMBER('评分录入'!T14),'评分录入'!T14=0.5),1,0)+IF(AND(ISNUMBER('评分录入'!T63),'评分录入'!T63=0.5),1,0) -> 0 | K43: =IF(AND(ISNUMBER('评分录入'!T14),'评分录入'!T14=0),1,0)+IF(AND(ISNUMBER('评分录入'!T63),'评分录入'!T63=0),1,0) -> 0 | L43: =G43-H43 -> 0 | M43: =IF(H43=0,"",(I43+J43*0.5)/H43)
A44: 架构 | B44: mycelium_patent_bazaar | C44: 完整 Agora | D44: 单次生成基线 | E44: 设定实现 | F44: 2 | G44: =IF('评分录入'!M14="纳入",1,0)+IF('评分录入'!M63="纳入",1,0) -> 0 | H44: =IF(ISNUMBER('评分录入'!Z14),1,0)+IF(ISNUMBER('评分录入'!Z63),1,0) -> 0 | I44: =IF(AND(ISNUMBER('评分录入'!Z14),'评分录入'!Z14=1),1,0)+IF(AND(ISNUMBER('评分录入'!Z63),'评分录入'!Z63=1),1,0) -> 0 | J44: =IF(AND(ISNUMBER('评分录入'!Z14),'评分录入'!Z14=0.5),1,0)+IF(AND(ISNUMBER('评分录入'!Z63),'评分录入'!Z63=0.5),1,0) -> 0 | K44: =IF(AND(ISNUMBER('评分录入'!Z14),'评分录入'!Z14=0),1,0)+IF(AND(ISNUMBER('评分录入'!Z63),'评分录入'!Z63=0),1,0) -> 0 | L44: =G44-H44 -> 0 | M44: =IF(H44=0,"",(I44+J44*0.5)/H44)
A45: 架构 | B45: mycelium_patent_bazaar | C45: 完整 Agora | D45: 单次生成基线 | E45: 规则与活动 | F45: 2 | G45: =IF('评分录入'!M14="纳入",1,0)+IF('评分录入'!M63="纳入",1,0) -> 0 | H45: =IF(ISNUMBER('评分录入'!AA14),1,0)+IF(ISNUMBER('评分录入'!AA63),1,0) -> 0 | I45: =IF(AND(ISNUMBER('评分录入'!AA14),'评分录入'!AA14=1),1,0)+IF(AND(ISNUMBER('评分录入'!AA63),'评分录入'!AA63=1),1,0) -> 0 | J45: =IF(AND(ISNUMBER('评分录入'!AA14),'评分录入'!AA14=0.5),1,0)+IF(AND(ISNUMBER('评分录入'!AA63),'评分录入'!AA63=0.5),1,0) -> 0 | K45: =IF(AND(ISNUMBER('评分录入'!AA14),'评分录入'!AA14=0),1,0)+IF(AND(ISNUMBER('评分录入'!AA63),'评分录入'!AA63=0),1,0) -> 0 | L45: =G45-H45 -> 0 | M45: =IF(H45=0,"",(I45+J45*0.5)/H45)
A46: 架构 | B46: mycelium_patent_bazaar | C46: 完整 Agora | D46: 单次生成基线 | E46: 人物与社会联系 | F46: 2 | G46: =IF('评分录入'!M14="纳入",1,0)+IF('评分录入'!M63="纳入",1,0) -> 0 | H46: =IF(ISNUMBER('评分录入'!AB14),1,0)+IF(ISNUMBER('评分录入'!AB63),1,0) -> 0 | I46: =IF(AND(ISNUMBER('评分录入'!AB14),'评分录入'!AB14=1),1,0)+IF(AND(ISNUMBER('评分录入'!AB63),'评分录入'!AB63=1),1,0) -> 0 | J46: =IF(AND(ISNUMBER('评分录入'!AB14),'评分录入'!AB14=0.5),1,0)+IF(AND(ISNUMBER('评分录入'!AB63),'评分录入'!AB63=0.5),1,0) -> 0 | K46: =IF(AND(ISNUMBER('评分录入'!AB14),'评分录入'!AB14=0),1,0)+IF(AND(ISNUMBER('评分录入'!AB63),'评分录入'!AB63=0),1,0) -> 0 | L46: =G46-H46 -> 0 | M46: =IF(H46=0,"",(I46+J46*0.5)/H46)
A47: 架构 | B47: mycelium_patent_bazaar | C47: 完整 Agora | D47: 单次生成基线 | E47: 地点与物件 | F47: 2 | G47: =IF('评分录入'!M14="纳入",1,0)+IF('评分录入'!M63="纳入",1,0) -> 0 | H47: =IF(ISNUMBER('评分录入'!AC14),1,0)+IF(ISNUMBER('评分录入'!AC63),1,0) -> 0 | I47: =IF(AND(ISNUMBER('评分录入'!AC14),'评分录入'!AC14=1),1,0)+IF(AND(ISNUMBER('评分录入'!AC63),'评分录入'!AC63=1),1,0) -> 0 | J47: =IF(AND(ISNUMBER('评分录入'!AC14),'评分录入'!AC14=0.5),1,0)+IF(AND(ISNUMBER('评分录入'!AC63),'评分录入'!AC63=0.5),1,0) -> 0 | K47: =IF(AND(ISNUMBER('评分录入'!AC14),'评分录入'!AC14=0),1,0)+IF(AND(ISNUMBER('评分录入'!AC63),'评分录入'!AC63=0),1,0) -> 0 | L47: =G47-H47 -> 0 | M47: =IF(H47=0,"",(I47+J47*0.5)/H47)
A48: 架构 | B48: mycelium_patent_bazaar | C48: 完整 Agora | D48: 单次生成基线 | E48: 可设想的行动 | F48: 2 | G48: =IF('评分录入'!M14="纳入",1,0)+IF('评分录入'!M63="纳入",1,0) -> 0 | H48: =IF(ISNUMBER('评分录入'!AD14),1,0)+IF(ISNUMBER('评分录入'!AD63),1,0) -> 0 | I48: =IF(AND(ISNUMBER('评分录入'!AD14),'评分录入'!AD14=1),1,0)+IF(AND(ISNUMBER('评分录入'!AD63),'评分录入'!AD63=1),1,0) -> 0 | J48: =IF(AND(ISNUMBER('评分录入'!AD14),'评分录入'!AD14=0.5),1,0)+IF(AND(ISNUMBER('评分录入'!AD63),'评分录入'!AD63=0.5),1,0) -> 0 | K48: =IF(AND(ISNUMBER('评分录入'!AD14),'评分录入'!AD14=0),1,0)+IF(AND(ISNUMBER('评分录入'!AD63),'评分录入'!AD63=0),1,0) -> 0 | L48: =G48-H48 -> 0 | M48: =IF(H48=0,"",(I48+J48*0.5)/H48)
A49: 架构 | B49: night_market_of_unfinished_weather | C49: 完整 Agora | D49: 单次生成基线 | E49: 总体世界设计 | F49: 2 | G49: =IF('评分录入'!M19="纳入",1,0)+IF('评分录入'!M45="纳入",1,0) -> 0 | H49: =IF(ISNUMBER('评分录入'!T19),1,0)+IF(ISNUMBER('评分录入'!T45),1,0) -> 0 | I49: =IF(AND(ISNUMBER('评分录入'!T19),'评分录入'!T19=1),1,0)+IF(AND(ISNUMBER('评分录入'!T45),'评分录入'!T45=1),1,0) -> 0 | J49: =IF(AND(ISNUMBER('评分录入'!T19),'评分录入'!T19=0.5),1,0)+IF(AND(ISNUMBER('评分录入'!T45),'评分录入'!T45=0.5),1,0) -> 0 | K49: =IF(AND(ISNUMBER('评分录入'!T19),'评分录入'!T19=0),1,0)+IF(AND(ISNUMBER('评分录入'!T45),'评分录入'!T45=0),1,0) -> 0 | L49: =G49-H49 -> 0 | M49: =IF(H49=0,"",(I49+J49*0.5)/H49)
A50: 架构 | B50: night_market_of_unfinished_weather | C50: 完整 Agora | D50: 单次生成基线 | E50: 设定实现 | F50: 2 | G50: =IF('评分录入'!M19="纳入",1,0)+IF('评分录入'!M45="纳入",1,0) -> 0 | H50: =IF(ISNUMBER('评分录入'!Z19),1,0)+IF(ISNUMBER('评分录入'!Z45),1,0) -> 0 | I50: =IF(AND(ISNUMBER('评分录入'!Z19),'评分录入'!Z19=1),1,0)+IF(AND(ISNUMBER('评分录入'!Z45),'评分录入'!Z45=1),1,0) -> 0 | J50: =IF(AND(ISNUMBER('评分录入'!Z19),'评分录入'!Z19=0.5),1,0)+IF(AND(ISNUMBER('评分录入'!Z45),'评分录入'!Z45=0.5),1,0) -> 0 | K50: =IF(AND(ISNUMBER('评分录入'!Z19),'评分录入'!Z19=0),1,0)+IF(AND(ISNUMBER('评分录入'!Z45),'评分录入'!Z45=0),1,0) -> 0 | L50: =G50-H50 -> 0 | M50: =IF(H50=0,"",(I50+J50*0.5)/H50)
A51: 架构 | B51: night_market_of_unfinished_weather | C51: 完整 Agora | D51: 单次生成基线 | E51: 规则与活动 | F51: 2 | G51: =IF('评分录入'!M19="纳入",1,0)+IF('评分录入'!M45="纳入",1,0) -> 0 | H51: =IF(ISNUMBER('评分录入'!AA19),1,0)+IF(ISNUMBER('评分录入'!AA45),1,0) -> 0 | I51: =IF(AND(ISNUMBER('评分录入'!AA19),'评分录入'!AA19=1),1,0)+IF(AND(ISNUMBER('评分录入'!AA45),'评分录入'!AA45=1),1,0) -> 0 | J51: =IF(AND(ISNUMBER('评分录入'!AA19),'评分录入'!AA19=0.5),1,0)+IF(AND(ISNUMBER('评分录入'!AA45),'评分录入'!AA45=0.5),1,0) -> 0 | K51: =IF(AND(ISNUMBER('评分录入'!AA19),'评分录入'!AA19=0),1,0)+IF(AND(ISNUMBER('评分录入'!AA45),'评分录入'!AA45=0),1,0) -> 0 | L51: =G51-H51 -> 0 | M51: =IF(H51=0,"",(I51+J51*0.5)/H51)
A52: 架构 | B52: night_market_of_unfinished_weather | C52: 完整 Agora | D52: 单次生成基线 | E52: 人物与社会联系 | F52: 2 | G52: =IF('评分录入'!M19="纳入",1,0)+IF('评分录入'!M45="纳入",1,0) -> 0 | H52: =IF(ISNUMBER('评分录入'!AB19),1,0)+IF(ISNUMBER('评分录入'!AB45),1,0) -> 0 | I52: =IF(AND(ISNUMBER('评分录入'!AB19),'评分录入'!AB19=1),1,0)+IF(AND(ISNUMBER('评分录入'!AB45),'评分录入'!AB45=1),1,0) -> 0 | J52: =IF(AND(ISNUMBER('评分录入'!AB19),'评分录入'!AB19=0.5),1,0)+IF(AND(ISNUMBER('评分录入'!AB45),'评分录入'!AB45=0.5),1,0) -> 0 | K52: =IF(AND(ISNUMBER('评分录入'!AB19),'评分录入'!AB19=0),1,0)+IF(AND(ISNUMBER('评分录入'!AB45),'评分录入'!AB45=0),1,0) -> 0 | L52: =G52-H52 -> 0 | M52: =IF(H52=0,"",(I52+J52*0.5)/H52)
A53: 架构 | B53: night_market_of_unfinished_weather | C53: 完整 Agora | D53: 单次生成基线 | E53: 地点与物件 | F53: 2 | G53: =IF('评分录入'!M19="纳入",1,0)+IF('评分录入'!M45="纳入",1,0) -> 0 | H53: =IF(ISNUMBER('评分录入'!AC19),1,0)+IF(ISNUMBER('评分录入'!AC45),1,0) -> 0 | I53: =IF(AND(ISNUMBER('评分录入'!AC19),'评分录入'!AC19=1),1,0)+IF(AND(ISNUMBER('评分录入'!AC45),'评分录入'!AC45=1),1,0) -> 0 | J53: =IF(AND(ISNUMBER('评分录入'!AC19),'评分录入'!AC19=0.5),1,0)+IF(AND(ISNUMBER('评分录入'!AC45),'评分录入'!AC45=0.5),1,0) -> 0 | K53: =IF(AND(ISNUMBER('评分录入'!AC19),'评分录入'!AC19=0),1,0)+IF(AND(ISNUMBER('评分录入'!AC45),'评分录入'!AC45=0),1,0) -> 0 | L53: =G53-H53 -> 0 | M53: =IF(H53=0,"",(I53+J53*0.5)/H53)
A54: 架构 | B54: night_market_of_unfinished_weather | C54: 完整 Agora | D54: 单次生成基线 | E54: 可设想的行动 | F54: 2 | G54: =IF('评分录入'!M19="纳入",1,0)+IF('评分录入'!M45="纳入",1,0) -> 0 | H54: =IF(ISNUMBER('评分录入'!AD19),1,0)+IF(ISNUMBER('评分录入'!AD45),1,0) -> 0 | I54: =IF(AND(ISNUMBER('评分录入'!AD19),'评分录入'!AD19=1),1,0)+IF(AND(ISNUMBER('评分录入'!AD45),'评分录入'!AD45=1),1,0) -> 0 | J54: =IF(AND(ISNUMBER('评分录入'!AD19),'评分录入'!AD19=0.5),1,0)+IF(AND(ISNUMBER('评分录入'!AD45),'评分录入'!AD45=0.5),1,0) -> 0 | K54: =IF(AND(ISNUMBER('评分录入'!AD19),'评分录入'!AD19=0),1,0)+IF(AND(ISNUMBER('评分录入'!AD45),'评分录入'!AD45=0),1,0) -> 0 | L54: =G54-H54 -> 0 | M54: =IF(H54=0,"",(I54+J54*0.5)/H54)
A55: 架构 | B55: sunken_satellite_monastery | C55: 完整 Agora | D55: 单次生成基线 | E55: 总体世界设计 | F55: 2 | G55: =IF('评分录入'!M55="纳入",1,0)+IF('评分录入'!M68="纳入",1,0) -> 0 | H55: =IF(ISNUMBER('评分录入'!T55),1,0)+IF(ISNUMBER('评分录入'!T68),1,0) -> 0 | I55: =IF(AND(ISNUMBER('评分录入'!T55),'评分录入'!T55=1),1,0)+IF(AND(ISNUMBER('评分录入'!T68),'评分录入'!T68=1),1,0) -> 0 | J55: =IF(AND(ISNUMBER('评分录入'!T55),'评分录入'!T55=0.5),1,0)+IF(AND(ISNUMBER('评分录入'!T68),'评分录入'!T68=0.5),1,0) -> 0 | K55: =IF(AND(ISNUMBER('评分录入'!T55),'评分录入'!T55=0),1,0)+IF(AND(ISNUMBER('评分录入'!T68),'评分录入'!T68=0),1,0) -> 0 | L55: =G55-H55 -> 0 | M55: =IF(H55=0,"",(I55+J55*0.5)/H55)
A56: 架构 | B56: sunken_satellite_monastery | C56: 完整 Agora | D56: 单次生成基线 | E56: 设定实现 | F56: 2 | G56: =IF('评分录入'!M55="纳入",1,0)+IF('评分录入'!M68="纳入",1,0) -> 0 | H56: =IF(ISNUMBER('评分录入'!Z55),1,0)+IF(ISNUMBER('评分录入'!Z68),1,0) -> 0 | I56: =IF(AND(ISNUMBER('评分录入'!Z55),'评分录入'!Z55=1),1,0)+IF(AND(ISNUMBER('评分录入'!Z68),'评分录入'!Z68=1),1,0) -> 0 | J56: =IF(AND(ISNUMBER('评分录入'!Z55),'评分录入'!Z55=0.5),1,0)+IF(AND(ISNUMBER('评分录入'!Z68),'评分录入'!Z68=0.5),1,0) -> 0 | K56: =IF(AND(ISNUMBER('评分录入'!Z55),'评分录入'!Z55=0),1,0)+IF(AND(ISNUMBER('评分录入'!Z68),'评分录入'!Z68=0),1,0) -> 0 | L56: =G56-H56 -> 0 | M56: =IF(H56=0,"",(I56+J56*0.5)/H56)
A57: 架构 | B57: sunken_satellite_monastery | C57: 完整 Agora | D57: 单次生成基线 | E57: 规则与活动 | F57: 2 | G57: =IF('评分录入'!M55="纳入",1,0)+IF('评分录入'!M68="纳入",1,0) -> 0 | H57: =IF(ISNUMBER('评分录入'!AA55),1,0)+IF(ISNUMBER('评分录入'!AA68),1,0) -> 0 | I57: =IF(AND(ISNUMBER('评分录入'!AA55),'评分录入'!AA55=1),1,0)+IF(AND(ISNUMBER('评分录入'!AA68),'评分录入'!AA68=1),1,0) -> 0 | J57: =IF(AND(ISNUMBER('评分录入'!AA55),'评分录入'!AA55=0.5),1,0)+IF(AND(ISNUMBER('评分录入'!AA68),'评分录入'!AA68=0.5),1,0) -> 0 | K57: =IF(AND(ISNUMBER('评分录入'!AA55),'评分录入'!AA55=0),1,0)+IF(AND(ISNUMBER('评分录入'!AA68),'评分录入'!AA68=0),1,0) -> 0 | L57: =G57-H57 -> 0 | M57: =IF(H57=0,"",(I57+J57*0.5)/H57)
A58: 架构 | B58: sunken_satellite_monastery | C58: 完整 Agora | D58: 单次生成基线 | E58: 人物与社会联系 | F58: 2 | G58: =IF('评分录入'!M55="纳入",1,0)+IF('评分录入'!M68="纳入",1,0) -> 0 | H58: =IF(ISNUMBER('评分录入'!AB55),1,0)+IF(ISNUMBER('评分录入'!AB68),1,0) -> 0 | I58: =IF(AND(ISNUMBER('评分录入'!AB55),'评分录入'!AB55=1),1,0)+IF(AND(ISNUMBER('评分录入'!AB68),'评分录入'!AB68=1),1,0) -> 0 | J58: =IF(AND(ISNUMBER('评分录入'!AB55),'评分录入'!AB55=0.5),1,0)+IF(AND(ISNUMBER('评分录入'!AB68),'评分录入'!AB68=0.5),1,0) -> 0 | K58: =IF(AND(ISNUMBER('评分录入'!AB55),'评分录入'!AB55=0),1,0)+IF(AND(ISNUMBER('评分录入'!AB68),'评分录入'!AB68=0),1,0) -> 0 | L58: =G58-H58 -> 0 | M58: =IF(H58=0,"",(I58+J58*0.5)/H58)
A59: 架构 | B59: sunken_satellite_monastery | C59: 完整 Agora | D59: 单次生成基线 | E59: 地点与物件 | F59: 2 | G59: =IF('评分录入'!M55="纳入",1,0)+IF('评分录入'!M68="纳入",1,0) -> 0 | H59: =IF(ISNUMBER('评分录入'!AC55),1,0)+IF(ISNUMBER('评分录入'!AC68),1,0) -> 0 | I59: =IF(AND(ISNUMBER('评分录入'!AC55),'评分录入'!AC55=1),1,0)+IF(AND(ISNUMBER('评分录入'!AC68),'评分录入'!AC68=1),1,0) -> 0 | J59: =IF(AND(ISNUMBER('评分录入'!AC55),'评分录入'!AC55=0.5),1,0)+IF(AND(ISNUMBER('评分录入'!AC68),'评分录入'!AC68=0.5),1,0) -> 0 | K59: =IF(AND(ISNUMBER('评分录入'!AC55),'评分录入'!AC55=0),1,0)+IF(AND(ISNUMBER('评分录入'!AC68),'评分录入'!AC68=0),1,0) -> 0 | L59: =G59-H59 -> 0 | M59: =IF(H59=0,"",(I59+J59*0.5)/H59)
A60: 架构 | B60: sunken_satellite_monastery | C60: 完整 Agora | D60: 单次生成基线 | E60: 可设想的行动 | F60: 2 | G60: =IF('评分录入'!M55="纳入",1,0)+IF('评分录入'!M68="纳入",1,0) -> 0 | H60: =IF(ISNUMBER('评分录入'!AD55),1,0)+IF(ISNUMBER('评分录入'!AD68),1,0) -> 0 | I60: =IF(AND(ISNUMBER('评分录入'!AD55),'评分录入'!AD55=1),1,0)+IF(AND(ISNUMBER('评分录入'!AD68),'评分录入'!AD68=1),1,0) -> 0 | J60: =IF(AND(ISNUMBER('评分录入'!AD55),'评分录入'!AD55=0.5),1,0)+IF(AND(ISNUMBER('评分录入'!AD68),'评分录入'!AD68=0.5),1,0) -> 0 | K60: =IF(AND(ISNUMBER('评分录入'!AD55),'评分录入'!AD55=0),1,0)+IF(AND(ISNUMBER('评分录入'!AD68),'评分录入'!AD68=0),1,0) -> 0 | L60: =G60-H60 -> 0 | M60: =IF(H60=0,"",(I60+J60*0.5)/H60)
A61: 架构 | B61: tidal_embassy_of_lost_languages | C61: 完整 Agora | D61: 单次生成基线 | E61: 总体世界设计 | F61: 2 | G61: =IF('评分录入'!M30="纳入",1,0)+IF('评分录入'!M66="纳入",1,0) -> 0 | H61: =IF(ISNUMBER('评分录入'!T30),1,0)+IF(ISNUMBER('评分录入'!T66),1,0) -> 0 | I61: =IF(AND(ISNUMBER('评分录入'!T30),'评分录入'!T30=1),1,0)+IF(AND(ISNUMBER('评分录入'!T66),'评分录入'!T66=1),1,0) -> 0 | J61: =IF(AND(ISNUMBER('评分录入'!T30),'评分录入'!T30=0.5),1,0)+IF(AND(ISNUMBER('评分录入'!T66),'评分录入'!T66=0.5),1,0) -> 0 | K61: =IF(AND(ISNUMBER('评分录入'!T30),'评分录入'!T30=0),1,0)+IF(AND(ISNUMBER('评分录入'!T66),'评分录入'!T66=0),1,0) -> 0 | L61: =G61-H61 -> 0 | M61: =IF(H61=0,"",(I61+J61*0.5)/H61)
A62: 架构 | B62: tidal_embassy_of_lost_languages | C62: 完整 Agora | D62: 单次生成基线 | E62: 设定实现 | F62: 2 | G62: =IF('评分录入'!M30="纳入",1,0)+IF('评分录入'!M66="纳入",1,0) -> 0 | H62: =IF(ISNUMBER('评分录入'!Z30),1,0)+IF(ISNUMBER('评分录入'!Z66),1,0) -> 0 | I62: =IF(AND(ISNUMBER('评分录入'!Z30),'评分录入'!Z30=1),1,0)+IF(AND(ISNUMBER('评分录入'!Z66),'评分录入'!Z66=1),1,0) -> 0 | J62: =IF(AND(ISNUMBER('评分录入'!Z30),'评分录入'!Z30=0.5),1,0)+IF(AND(ISNUMBER('评分录入'!Z66),'评分录入'!Z66=0.5),1,0) -> 0 | K62: =IF(AND(ISNUMBER('评分录入'!Z30),'评分录入'!Z30=0),1,0)+IF(AND(ISNUMBER('评分录入'!Z66),'评分录入'!Z66=0),1,0) -> 0 | L62: =G62-H62 -> 0 | M62: =IF(H62=0,"",(I62+J62*0.5)/H62)
A63: 架构 | B63: tidal_embassy_of_lost_languages | C63: 完整 Agora | D63: 单次生成基线 | E63: 规则与活动 | F63: 2 | G63: =IF('评分录入'!M30="纳入",1,0)+IF('评分录入'!M66="纳入",1,0) -> 0 | H63: =IF(ISNUMBER('评分录入'!AA30),1,0)+IF(ISNUMBER('评分录入'!AA66),1,0) -> 0 | I63: =IF(AND(ISNUMBER('评分录入'!AA30),'评分录入'!AA30=1),1,0)+IF(AND(ISNUMBER('评分录入'!AA66),'评分录入'!AA66=1),1,0) -> 0 | J63: =IF(AND(ISNUMBER('评分录入'!AA30),'评分录入'!AA30=0.5),1,0)+IF(AND(ISNUMBER('评分录入'!AA66),'评分录入'!AA66=0.5),1,0) -> 0 | K63: =IF(AND(ISNUMBER('评分录入'!AA30),'评分录入'!AA30=0),1,0)+IF(AND(ISNUMBER('评分录入'!AA66),'评分录入'!AA66=0),1,0) -> 0 | L63: =G63-H63 -> 0 | M63: =IF(H63=0,"",(I63+J63*0.5)/H63)
A64: 架构 | B64: tidal_embassy_of_lost_languages | C64: 完整 Agora | D64: 单次生成基线 | E64: 人物与社会联系 | F64: 2 | G64: =IF('评分录入'!M30="纳入",1,0)+IF('评分录入'!M66="纳入",1,0) -> 0 | H64: =IF(ISNUMBER('评分录入'!AB30),1,0)+IF(ISNUMBER('评分录入'!AB66),1,0) -> 0 | I64: =IF(AND(ISNUMBER('评分录入'!AB30),'评分录入'!AB30=1),1,0)+IF(AND(ISNUMBER('评分录入'!AB66),'评分录入'!AB66=1),1,0) -> 0 | J64: =IF(AND(ISNUMBER('评分录入'!AB30),'评分录入'!AB30=0.5),1,0)+IF(AND(ISNUMBER('评分录入'!AB66),'评分录入'!AB66=0.5),1,0) -> 0 | K64: =IF(AND(ISNUMBER('评分录入'!AB30),'评分录入'!AB30=0),1,0)+IF(AND(ISNUMBER('评分录入'!AB66),'评分录入'!AB66=0),1,0) -> 0 | L64: =G64-H64 -> 0 | M64: =IF(H64=0,"",(I64+J64*0.5)/H64)
A65: 架构 | B65: tidal_embassy_of_lost_languages | C65: 完整 Agora | D65: 单次生成基线 | E65: 地点与物件 | F65: 2 | G65: =IF('评分录入'!M30="纳入",1,0)+IF('评分录入'!M66="纳入",1,0) -> 0 | H65: =IF(ISNUMBER('评分录入'!AC30),1,0)+IF(ISNUMBER('评分录入'!AC66),1,0) -> 0 | I65: =IF(AND(ISNUMBER('评分录入'!AC30),'评分录入'!AC30=1),1,0)+IF(AND(ISNUMBER('评分录入'!AC66),'评分录入'!AC66=1),1,0) -> 0 | J65: =IF(AND(ISNUMBER('评分录入'!AC30),'评分录入'!AC30=0.5),1,0)+IF(AND(ISNUMBER('评分录入'!AC66),'评分录入'!AC66=0.5),1,0) -> 0 | K65: =IF(AND(ISNUMBER('评分录入'!AC30),'评分录入'!AC30=0),1,0)+IF(AND(ISNUMBER('评分录入'!AC66),'评分录入'!AC66=0),1,0) -> 0 | L65: =G65-H65 -> 0 | M65: =IF(H65=0,"",(I65+J65*0.5)/H65)
A66: 架构 | B66: tidal_embassy_of_lost_languages | C66: 完整 Agora | D66: 单次生成基线 | E66: 可设想的行动 | F66: 2 | G66: =IF('评分录入'!M30="纳入",1,0)+IF('评分录入'!M66="纳入",1,0) -> 0 | H66: =IF(ISNUMBER('评分录入'!AD30),1,0)+IF(ISNUMBER('评分录入'!AD66),1,0) -> 0 | I66: =IF(AND(ISNUMBER('评分录入'!AD30),'评分录入'!AD30=1),1,0)+IF(AND(ISNUMBER('评分录入'!AD66),'评分录入'!AD66=1),1,0) -> 0 | J66: =IF(AND(ISNUMBER('评分录入'!AD30),'评分录入'!AD30=0.5),1,0)+IF(AND(ISNUMBER('评分录入'!AD66),'评分录入'!AD66=0.5),1,0) -> 0 | K66: =IF(AND(ISNUMBER('评分录入'!AD30),'评分录入'!AD30=0),1,0)+IF(AND(ISNUMBER('评分录入'!AD66),'评分录入'!AD66=0),1,0) -> 0 | L66: =G66-H66 -> 0 | M66: =IF(H66=0,"",(I66+J66*0.5)/H66)
A67: 模型 | B67: lwb_hidden_v2_01 | C67: Gemini 3.7 Flash | D67: GPT-5.6 Sol | E67: 总体世界设计 | F67: 1 | G67: =IF('评分录入'!M16="纳入",1,0) -> 0 | H67: =IF(ISNUMBER('评分录入'!T16),1,0) -> 0 | I67: =IF(AND(ISNUMBER('评分录入'!T16),'评分录入'!T16=1),1,0) -> 0 | J67: =IF(AND(ISNUMBER('评分录入'!T16),'评分录入'!T16=0.5),1,0) -> 0 | K67: =IF(AND(ISNUMBER('评分录入'!T16),'评分录入'!T16=0),1,0) -> 0 | L67: =G67-H67 -> 0 | M67: =IF(H67=0,"",(I67+J67*0.5)/H67)
A68: 模型 | B68: lwb_hidden_v2_01 | C68: Gemini 3.7 Flash | D68: GPT-5.6 Sol | E68: 设定实现 | F68: 1 | G68: =IF('评分录入'!M16="纳入",1,0) -> 0 | H68: =IF(ISNUMBER('评分录入'!Z16),1,0) -> 0 | I68: =IF(AND(ISNUMBER('评分录入'!Z16),'评分录入'!Z16=1),1,0) -> 0 | J68: =IF(AND(ISNUMBER('评分录入'!Z16),'评分录入'!Z16=0.5),1,0) -> 0 | K68: =IF(AND(ISNUMBER('评分录入'!Z16),'评分录入'!Z16=0),1,0) -> 0 | L68: =G68-H68 -> 0 | M68: =IF(H68=0,"",(I68+J68*0.5)/H68)
A69: 模型 | B69: lwb_hidden_v2_01 | C69: Gemini 3.7 Flash | D69: GPT-5.6 Sol | E69: 规则与活动 | F69: 1 | G69: =IF('评分录入'!M16="纳入",1,0) -> 0 | H69: =IF(ISNUMBER('评分录入'!AA16),1,0) -> 0 | I69: =IF(AND(ISNUMBER('评分录入'!AA16),'评分录入'!AA16=1),1,0) -> 0 | J69: =IF(AND(ISNUMBER('评分录入'!AA16),'评分录入'!AA16=0.5),1,0) -> 0 | K69: =IF(AND(ISNUMBER('评分录入'!AA16),'评分录入'!AA16=0),1,0) -> 0 | L69: =G69-H69 -> 0 | M69: =IF(H69=0,"",(I69+J69*0.5)/H69)
A70: 模型 | B70: lwb_hidden_v2_01 | C70: Gemini 3.7 Flash | D70: GPT-5.6 Sol | E70: 人物与社会联系 | F70: 1 | G70: =IF('评分录入'!M16="纳入",1,0) -> 0 | H70: =IF(ISNUMBER('评分录入'!AB16),1,0) -> 0 | I70: =IF(AND(ISNUMBER('评分录入'!AB16),'评分录入'!AB16=1),1,0) -> 0 | J70: =IF(AND(ISNUMBER('评分录入'!AB16),'评分录入'!AB16=0.5),1,0) -> 0 | K70: =IF(AND(ISNUMBER('评分录入'!AB16),'评分录入'!AB16=0),1,0) -> 0 | L70: =G70-H70 -> 0 | M70: =IF(H70=0,"",(I70+J70*0.5)/H70)
A71: 模型 | B71: lwb_hidden_v2_01 | C71: Gemini 3.7 Flash | D71: GPT-5.6 Sol | E71: 地点与物件 | F71: 1 | G71: =IF('评分录入'!M16="纳入",1,0) -> 0 | H71: =IF(ISNUMBER('评分录入'!AC16),1,0) -> 0 | I71: =IF(AND(ISNUMBER('评分录入'!AC16),'评分录入'!AC16=1),1,0) -> 0 | J71: =IF(AND(ISNUMBER('评分录入'!AC16),'评分录入'!AC16=0.5),1,0) -> 0 | K71: =IF(AND(ISNUMBER('评分录入'!AC16),'评分录入'!AC16=0),1,0) -> 0 | L71: =G71-H71 -> 0 | M71: =IF(H71=0,"",(I71+J71*0.5)/H71)
A72: 模型 | B72: lwb_hidden_v2_01 | C72: Gemini 3.7 Flash | D72: GPT-5.6 Sol | E72: 可设想的行动 | F72: 1 | G72: =IF('评分录入'!M16="纳入",1,0) -> 0 | H72: =IF(ISNUMBER('评分录入'!AD16),1,0) -> 0 | I72: =IF(AND(ISNUMBER('评分录入'!AD16),'评分录入'!AD16=1),1,0) -> 0 | J72: =IF(AND(ISNUMBER('评分录入'!AD16),'评分录入'!AD16=0.5),1,0) -> 0 | K72: =IF(AND(ISNUMBER('评分录入'!AD16),'评分录入'!AD16=0),1,0) -> 0 | L72: =G72-H72 -> 0 | M72: =IF(H72=0,"",(I72+J72*0.5)/H72)
A73: 模型 | B73: lwb_hidden_v2_01 | C73: Gemini 3.1 Pro Preview | D73: Gemini 3.7 Flash | E73: 总体世界设计 | F73: 1 | G73: =IF('评分录入'!M67="纳入",1,0) -> 0 | H73: =IF(ISNUMBER('评分录入'!T67),1,0) -> 0 | I73: =IF(AND(ISNUMBER('评分录入'!T67),'评分录入'!T67=1),1,0) -> 0 | J73: =IF(AND(ISNUMBER('评分录入'!T67),'评分录入'!T67=0.5),1,0) -> 0 | K73: =IF(AND(ISNUMBER('评分录入'!T67),'评分录入'!T67=0),1,0) -> 0 | L73: =G73-H73 -> 0 | M73: =IF(H73=0,"",(I73+J73*0.5)/H73)
A74: 模型 | B74: lwb_hidden_v2_01 | C74: Gemini 3.1 Pro Preview | D74: Gemini 3.7 Flash | E74: 设定实现 | F74: 1 | G74: =IF('评分录入'!M67="纳入",1,0) -> 0 | H74: =IF(ISNUMBER('评分录入'!Z67),1,0) -> 0 | I74: =IF(AND(ISNUMBER('评分录入'!Z67),'评分录入'!Z67=1),1,0) -> 0 | J74: =IF(AND(ISNUMBER('评分录入'!Z67),'评分录入'!Z67=0.5),1,0) -> 0 | K74: =IF(AND(ISNUMBER('评分录入'!Z67),'评分录入'!Z67=0),1,0) -> 0 | L74: =G74-H74 -> 0 | M74: =IF(H74=0,"",(I74+J74*0.5)/H74)
A75: 模型 | B75: lwb_hidden_v2_01 | C75: Gemini 3.1 Pro Preview | D75: Gemini 3.7 Flash | E75: 规则与活动 | F75: 1 | G75: =IF('评分录入'!M67="纳入",1,0) -> 0 | H75: =IF(ISNUMBER('评分录入'!AA67),1,0) -> 0 | I75: =IF(AND(ISNUMBER('评分录入'!AA67),'评分录入'!AA67=1),1,0) -> 0 | J75: =IF(AND(ISNUMBER('评分录入'!AA67),'评分录入'!AA67=0.5),1,0) -> 0 | K75: =IF(AND(ISNUMBER('评分录入'!AA67),'评分录入'!AA67=0),1,0) -> 0 | L75: =G75-H75 -> 0 | M75: =IF(H75=0,"",(I75+J75*0.5)/H75)
A76: 模型 | B76: lwb_hidden_v2_01 | C76: Gemini 3.1 Pro Preview | D76: Gemini 3.7 Flash | E76: 人物与社会联系 | F76: 1 | G76: =IF('评分录入'!M67="纳入",1,0) -> 0 | H76: =IF(ISNUMBER('评分录入'!AB67),1,0) -> 0 | I76: =IF(AND(ISNUMBER('评分录入'!AB67),'评分录入'!AB67=1),1,0) -> 0 | J76: =IF(AND(ISNUMBER('评分录入'!AB67),'评分录入'!AB67=0.5),1,0) -> 0 | K76: =IF(AND(ISNUMBER('评分录入'!AB67),'评分录入'!AB67=0),1,0) -> 0 | L76: =G76-H76 -> 0 | M76: =IF(H76=0,"",(I76+J76*0.5)/H76)
A77: 模型 | B77: lwb_hidden_v2_01 | C77: Gemini 3.1 Pro Preview | D77: Gemini 3.7 Flash | E77: 地点与物件 | F77: 1 | G77: =IF('评分录入'!M67="纳入",1,0) -> 0 | H77: =IF(ISNUMBER('评分录入'!AC67),1,0) -> 0 | I77: =IF(AND(ISNUMBER('评分录入'!AC67),'评分录入'!AC67=1),1,0) -> 0 | J77: =IF(AND(ISNUMBER('评分录入'!AC67),'评分录入'!AC67=0.5),1,0) -> 0 | K77: =IF(AND(ISNUMBER('评分录入'!AC67),'评分录入'!AC67=0),1,0) -> 0 | L77: =G77-H77 -> 0 | M77: =IF(H77=0,"",(I77+J77*0.5)/H77)
A78: 模型 | B78: lwb_hidden_v2_01 | C78: Gemini 3.1 Pro Preview | D78: Gemini 3.7 Flash | E78: 可设想的行动 | F78: 1 | G78: =IF('评分录入'!M67="纳入",1,0) -> 0 | H78: =IF(ISNUMBER('评分录入'!AD67),1,0) -> 0 | I78: =IF(AND(ISNUMBER('评分录入'!AD67),'评分录入'!AD67=1),1,0) -> 0 | J78: =IF(AND(ISNUMBER('评分录入'!AD67),'评分录入'!AD67=0.5),1,0) -> 0 | K78: =IF(AND(ISNUMBER('评分录入'!AD67),'评分录入'!AD67=0),1,0) -> 0 | L78: =G78-H78 -> 0 | M78: =IF(H78=0,"",(I78+J78*0.5)/H78)
A79: 模型 | B79: lwb_hidden_v2_01 | C79: Gemini 3.7 Flash | D79: GPT-5.6 Terra | E79: 总体世界设计 | F79: 1 | G79: =IF('评分录入'!M61="纳入",1,0) -> 0 | H79: =IF(ISNUMBER('评分录入'!T61),1,0) -> 0 | I79: =IF(AND(ISNUMBER('评分录入'!T61),'评分录入'!T61=1),1,0) -> 0 | J79: =IF(AND(ISNUMBER('评分录入'!T61),'评分录入'!T61=0.5),1,0) -> 0 | K79: =IF(AND(ISNUMBER('评分录入'!T61),'评分录入'!T61=0),1,0) -> 0 | L79: =G79-H79 -> 0 | M79: =IF(H79=0,"",(I79+J79*0.5)/H79)
A80: 模型 | B80: lwb_hidden_v2_01 | C80: Gemini 3.7 Flash | D80: GPT-5.6 Terra | E80: 设定实现 | F80: 1 | G80: =IF('评分录入'!M61="纳入",1,0) -> 0 | H80: =IF(ISNUMBER('评分录入'!Z61),1,0) -> 0 | I80: =IF(AND(ISNUMBER('评分录入'!Z61),'评分录入'!Z61=1),1,0) -> 0 | J80: =IF(AND(ISNUMBER('评分录入'!Z61),'评分录入'!Z61=0.5),1,0) -> 0 | K80: =IF(AND(ISNUMBER('评分录入'!Z61),'评分录入'!Z61=0),1,0) -> 0 | L80: =G80-H80 -> 0 | M80: =IF(H80=0,"",(I80+J80*0.5)/H80)
A81: 模型 | B81: lwb_hidden_v2_01 | C81: Gemini 3.7 Flash | D81: GPT-5.6 Terra | E81: 规则与活动 | F81: 1 | G81: =IF('评分录入'!M61="纳入",1,0) -> 0 | H81: =IF(ISNUMBER('评分录入'!AA61),1,0) -> 0 | I81: =IF(AND(ISNUMBER('评分录入'!AA61),'评分录入'!AA61=1),1,0) -> 0 | J81: =IF(AND(ISNUMBER('评分录入'!AA61),'评分录入'!AA61=0.5),1,0) -> 0 | K81: =IF(AND(ISNUMBER('评分录入'!AA61),'评分录入'!AA61=0),1,0) -> 0 | L81: =G81-H81 -> 0 | M81: =IF(H81=0,"",(I81+J81*0.5)/H81)
A82: 模型 | B82: lwb_hidden_v2_01 | C82: Gemini 3.7 Flash | D82: GPT-5.6 Terra | E82: 人物与社会联系 | F82: 1 | G82: =IF('评分录入'!M61="纳入",1,0) -> 0 | H82: =IF(ISNUMBER('评分录入'!AB61),1,0) -> 0 | I82: =IF(AND(ISNUMBER('评分录入'!AB61),'评分录入'!AB61=1),1,0) -> 0 | J82: =IF(AND(ISNUMBER('评分录入'!AB61),'评分录入'!AB61=0.5),1,0) -> 0 | K82: =IF(AND(ISNUMBER('评分录入'!AB61),'评分录入'!AB61=0),1,0) -> 0 | L82: =G82-H82 -> 0 | M82: =IF(H82=0,"",(I82+J82*0.5)/H82)
A83: 模型 | B83: lwb_hidden_v2_01 | C83: Gemini 3.7 Flash | D83: GPT-5.6 Terra | E83: 地点与物件 | F83: 1 | G83: =IF('评分录入'!M61="纳入",1,0) -> 0 | H83: =IF(ISNUMBER('评分录入'!AC61),1,0) -> 0 | I83: =IF(AND(ISNUMBER('评分录入'!AC61),'评分录入'!AC61=1),1,0) -> 0 | J83: =IF(AND(ISNUMBER('评分录入'!AC61),'评分录入'!AC61=0.5),1,0) -> 0 | K83: =IF(AND(ISNUMBER('评分录入'!AC61),'评分录入'!AC61=0),1,0) -> 0 | L83: =G83-H83 -> 0 | M83: =IF(H83=0,"",(I83+J83*0.5)/H83)
A84: 模型 | B84: lwb_hidden_v2_01 | C84: Gemini 3.7 Flash | D84: GPT-5.6 Terra | E84: 可设想的行动 | F84: 1 | G84: =IF('评分录入'!M61="纳入",1,0) -> 0 | H84: =IF(ISNUMBER('评分录入'!AD61),1,0) -> 0 | I84: =IF(AND(ISNUMBER('评分录入'!AD61),'评分录入'!AD61=1),1,0) -> 0 | J84: =IF(AND(ISNUMBER('评分录入'!AD61),'评分录入'!AD61=0.5),1,0) -> 0 | K84: =IF(AND(ISNUMBER('评分录入'!AD61),'评分录入'!AD61=0),1,0) -> 0 | L84: =G84-H84 -> 0 | M84: =IF(H84=0,"",(I84+J84*0.5)/H84)
A85: 模型 | B85: lwb_hidden_v2_01 | C85: Gemini 2.5 Flash | D85: Gemini 3.1 Pro Preview | E85: 总体世界设计 | F85: 1 | G85: =IF('评分录入'!M51="纳入",1,0) -> 0 | H85: =IF(ISNUMBER('评分录入'!T51),1,0) -> 0 | I85: =IF(AND(ISNUMBER('评分录入'!T51),'评分录入'!T51=1),1,0) -> 0 | J85: =IF(AND(ISNUMBER('评分录入'!T51),'评分录入'!T51=0.5),1,0) -> 0 | K85: =IF(AND(ISNUMBER('评分录入'!T51),'评分录入'!T51=0),1,0) -> 0 | L85: =G85-H85 -> 0 | M85: =IF(H85=0,"",(I85+J85*0.5)/H85)
A86: 模型 | B86: lwb_hidden_v2_01 | C86: Gemini 2.5 Flash | D86: Gemini 3.1 Pro Preview | E86: 设定实现 | F86: 1 | G86: =IF('评分录入'!M51="纳入",1,0) -> 0 | H86: =IF(ISNUMBER('评分录入'!Z51),1,0) -> 0 | I86: =IF(AND(ISNUMBER('评分录入'!Z51),'评分录入'!Z51=1),1,0) -> 0 | J86: =IF(AND(ISNUMBER('评分录入'!Z51),'评分录入'!Z51=0.5),1,0) -> 0 | K86: =IF(AND(ISNUMBER('评分录入'!Z51),'评分录入'!Z51=0),1,0) -> 0 | L86: =G86-H86 -> 0 | M86: =IF(H86=0,"",(I86+J86*0.5)/H86)
A87: 模型 | B87: lwb_hidden_v2_01 | C87: Gemini 2.5 Flash | D87: Gemini 3.1 Pro Preview | E87: 规则与活动 | F87: 1 | G87: =IF('评分录入'!M51="纳入",1,0) -> 0 | H87: =IF(ISNUMBER('评分录入'!AA51),1,0) -> 0 | I87: =IF(AND(ISNUMBER('评分录入'!AA51),'评分录入'!AA51=1),1,0) -> 0 | J87: =IF(AND(ISNUMBER('评分录入'!AA51),'评分录入'!AA51=0.5),1,0) -> 0 | K87: =IF(AND(ISNUMBER('评分录入'!AA51),'评分录入'!AA51=0),1,0) -> 0 | L87: =G87-H87 -> 0 | M87: =IF(H87=0,"",(I87+J87*0.5)/H87)
A88: 模型 | B88: lwb_hidden_v2_01 | C88: Gemini 2.5 Flash | D88: Gemini 3.1 Pro Preview | E88: 人物与社会联系 | F88: 1 | G88: =IF('评分录入'!M51="纳入",1,0) -> 0 | H88: =IF(ISNUMBER('评分录入'!AB51),1,0) -> 0 | I88: =IF(AND(ISNUMBER('评分录入'!AB51),'评分录入'!AB51=1),1,0) -> 0 | J88: =IF(AND(ISNUMBER('评分录入'!AB51),'评分录入'!AB51=0.5),1,0) -> 0 | K88: =IF(AND(ISNUMBER('评分录入'!AB51),'评分录入'!AB51=0),1,0) -> 0 | L88: =G88-H88 -> 0 | M88: =IF(H88=0,"",(I88+J88*0.5)/H88)
A89: 模型 | B89: lwb_hidden_v2_01 | C89: Gemini 2.5 Flash | D89: Gemini 3.1 Pro Preview | E89: 地点与物件 | F89: 1 | G89: =IF('评分录入'!M51="纳入",1,0) -> 0 | H89: =IF(ISNUMBER('评分录入'!AC51),1,0) -> 0 | I89: =IF(AND(ISNUMBER('评分录入'!AC51),'评分录入'!AC51=1),1,0) -> 0 | J89: =IF(AND(ISNUMBER('评分录入'!AC51),'评分录入'!AC51=0.5),1,0) -> 0 | K89: =IF(AND(ISNUMBER('评分录入'!AC51),'评分录入'!AC51=0),1,0) -> 0 | L89: =G89-H89 -> 0 | M89: =IF(H89=0,"",(I89+J89*0.5)/H89)
A90: 模型 | B90: lwb_hidden_v2_01 | C90: Gemini 2.5 Flash | D90: Gemini 3.1 Pro Preview | E90: 可设想的行动 | F90: 1 | G90: =IF('评分录入'!M51="纳入",1,0) -> 0 | H90: =IF(ISNUMBER('评分录入'!AD51),1,0) -> 0 | I90: =IF(AND(ISNUMBER('评分录入'!AD51),'评分录入'!AD51=1),1,0) -> 0 | J90: =IF(AND(ISNUMBER('评分录入'!AD51),'评分录入'!AD51=0.5),1,0) -> 0 | K90: =IF(AND(ISNUMBER('评分录入'!AD51),'评分录入'!AD51=0),1,0) -> 0 | L90: =G90-H90 -> 0 | M90: =IF(H90=0,"",(I90+J90*0.5)/H90)
A91: 模型 | B91: lwb_hidden_v2_01 | C91: Gemini 3.5 Flash Lite | D91: GPT-5.6 Sol | E91: 总体世界设计 | F91: 1 | G91: =IF('评分录入'!M31="纳入",1,0) -> 0 | H91: =IF(ISNUMBER('评分录入'!T31),1,0) -> 0 | I91: =IF(AND(ISNUMBER('评分录入'!T31),'评分录入'!T31=1),1,0) -> 0 | J91: =IF(AND(ISNUMBER('评分录入'!T31),'评分录入'!T31=0.5),1,0) -> 0 | K91: =IF(AND(ISNUMBER('评分录入'!T31),'评分录入'!T31=0),1,0) -> 0 | L91: =G91-H91 -> 0 | M91: =IF(H91=0,"",(I91+J91*0.5)/H91)
A92: 模型 | B92: lwb_hidden_v2_01 | C92: Gemini 3.5 Flash Lite | D92: GPT-5.6 Sol | E92: 设定实现 | F92: 1 | G92: =IF('评分录入'!M31="纳入",1,0) -> 0 | H92: =IF(ISNUMBER('评分录入'!Z31),1,0) -> 0 | I92: =IF(AND(ISNUMBER('评分录入'!Z31),'评分录入'!Z31=1),1,0) -> 0 | J92: =IF(AND(ISNUMBER('评分录入'!Z31),'评分录入'!Z31=0.5),1,0) -> 0 | K92: =IF(AND(ISNUMBER('评分录入'!Z31),'评分录入'!Z31=0),1,0) -> 0 | L92: =G92-H92 -> 0 | M92: =IF(H92=0,"",(I92+J92*0.5)/H92)
A93: 模型 | B93: lwb_hidden_v2_01 | C93: Gemini 3.5 Flash Lite | D93: GPT-5.6 Sol | E93: 规则与活动 | F93: 1 | G93: =IF('评分录入'!M31="纳入",1,0) -> 0 | H93: =IF(ISNUMBER('评分录入'!AA31),1,0) -> 0 | I93: =IF(AND(ISNUMBER('评分录入'!AA31),'评分录入'!AA31=1),1,0) -> 0 | J93: =IF(AND(ISNUMBER('评分录入'!AA31),'评分录入'!AA31=0.5),1,0) -> 0 | K93: =IF(AND(ISNUMBER('评分录入'!AA31),'评分录入'!AA31=0),1,0) -> 0 | L93: =G93-H93 -> 0 | M93: =IF(H93=0,"",(I93+J93*0.5)/H93)
A94: 模型 | B94: lwb_hidden_v2_01 | C94: Gemini 3.5 Flash Lite | D94: GPT-5.6 Sol | E94: 人物与社会联系 | F94: 1 | G94: =IF('评分录入'!M31="纳入",1,0) -> 0 | H94: =IF(ISNUMBER('评分录入'!AB31),1,0) -> 0 | I94: =IF(AND(ISNUMBER('评分录入'!AB31),'评分录入'!AB31=1),1,0) -> 0 | J94: =IF(AND(ISNUMBER('评分录入'!AB31),'评分录入'!AB31=0.5),1,0) -> 0 | K94: =IF(AND(ISNUMBER('评分录入'!AB31),'评分录入'!AB31=0),1,0) -> 0 | L94: =G94-H94 -> 0 | M94: =IF(H94=0,"",(I94+J94*0.5)/H94)
A95: 模型 | B95: lwb_hidden_v2_01 | C95: Gemini 3.5 Flash Lite | D95: GPT-5.6 Sol | E95: 地点与物件 | F95: 1 | G95: =IF('评分录入'!M31="纳入",1,0) -> 0 | H95: =IF(ISNUMBER('评分录入'!AC31),1,0) -> 0 | I95: =IF(AND(ISNUMBER('评分录入'!AC31),'评分录入'!AC31=1),1,0) -> 0 | J95: =IF(AND(ISNUMBER('评分录入'!AC31),'评分录入'!AC31=0.5),1,0) -> 0 | K95: =IF(AND(ISNUMBER('评分录入'!AC31),'评分录入'!AC31=0),1,0) -> 0 | L95: =G95-H95 -> 0 | M95: =IF(H95=0,"",(I95+J95*0.5)/H95)
A96: 模型 | B96: lwb_hidden_v2_01 | C96: Gemini 3.5 Flash Lite | D96: GPT-5.6 Sol | E96: 可设想的行动 | F96: 1 | G96: =IF('评分录入'!M31="纳入",1,0) -> 0 | H96: =IF(ISNUMBER('评分录入'!AD31),1,0) -> 0 | I96: =IF(AND(ISNUMBER('评分录入'!AD31),'评分录入'!AD31=1),1,0) -> 0 | J96: =IF(AND(ISNUMBER('评分录入'!AD31),'评分录入'!AD31=0.5),1,0) -> 0 | K96: =IF(AND(ISNUMBER('评分录入'!AD31),'评分录入'!AD31=0),1,0) -> 0 | L96: =G96-H96 -> 0 | M96: =IF(H96=0,"",(I96+J96*0.5)/H96)
A97: 模型 | B97: lwb_hidden_v2_01 | C97: Gemini 3.5 Flash Lite | D97: Gemini 3.7 Flash | E97: 总体世界设计 | F97: 1 | G97: =IF('评分录入'!M59="纳入",1,0) -> 0 | H97: =IF(ISNUMBER('评分录入'!T59),1,0) -> 0 | I97: =IF(AND(ISNUMBER('评分录入'!T59),'评分录入'!T59=1),1,0) -> 0 | J97: =IF(AND(ISNUMBER('评分录入'!T59),'评分录入'!T59=0.5),1,0) -> 0 | K97: =IF(AND(ISNUMBER('评分录入'!T59),'评分录入'!T59=0),1,0) -> 0 | L97: =G97-H97 -> 0 | M97: =IF(H97=0,"",(I97+J97*0.5)/H97)
A98: 模型 | B98: lwb_hidden_v2_01 | C98: Gemini 3.5 Flash Lite | D98: Gemini 3.7 Flash | E98: 设定实现 | F98: 1 | G98: =IF('评分录入'!M59="纳入",1,0) -> 0 | H98: =IF(ISNUMBER('评分录入'!Z59),1,0) -> 0 | I98: =IF(AND(ISNUMBER('评分录入'!Z59),'评分录入'!Z59=1),1,0) -> 0 | J98: =IF(AND(ISNUMBER('评分录入'!Z59),'评分录入'!Z59=0.5),1,0) -> 0 | K98: =IF(AND(ISNUMBER('评分录入'!Z59),'评分录入'!Z59=0),1,0) -> 0 | L98: =G98-H98 -> 0 | M98: =IF(H98=0,"",(I98+J98*0.5)/H98)
A99: 模型 | B99: lwb_hidden_v2_01 | C99: Gemini 3.5 Flash Lite | D99: Gemini 3.7 Flash | E99: 规则与活动 | F99: 1 | G99: =IF('评分录入'!M59="纳入",1,0) -> 0 | H99: =IF(ISNUMBER('评分录入'!AA59),1,0) -> 0 | I99: =IF(AND(ISNUMBER('评分录入'!AA59),'评分录入'!AA59=1),1,0) -> 0 | J99: =IF(AND(ISNUMBER('评分录入'!AA59),'评分录入'!AA59=0.5),1,0) -> 0 | K99: =IF(AND(ISNUMBER('评分录入'!AA59),'评分录入'!AA59=0),1,0) -> 0 | L99: =G99-H99 -> 0 | M99: =IF(H99=0,"",(I99+J99*0.5)/H99)
A100: 模型 | B100: lwb_hidden_v2_01 | C100: Gemini 3.5 Flash Lite | D100: Gemini 3.7 Flash | E100: 人物与社会联系 | F100: 1 | G100: =IF('评分录入'!M59="纳入",1,0) -> 0 | H100: =IF(ISNUMBER('评分录入'!AB59),1,0) -> 0 | I100: =IF(AND(ISNUMBER('评分录入'!AB59),'评分录入'!AB59=1),1,0) -> 0 | J100: =IF(AND(ISNUMBER('评分录入'!AB59),'评分录入'!AB59=0.5),1,0) -> 0 | K100: =IF(AND(ISNUMBER('评分录入'!AB59),'评分录入'!AB59=0),1,0) -> 0 | L100: =G100-H100 -> 0 | M100: =IF(H100=0,"",(I100+J100*0.5)/H100)
A101: 模型 | B101: lwb_hidden_v2_01 | C101: Gemini 3.5 Flash Lite | D101: Gemini 3.7 Flash | E101: 地点与物件 | F101: 1 | G101: =IF('评分录入'!M59="纳入",1,0) -> 0 | H101: =IF(ISNUMBER('评分录入'!AC59),1,0) -> 0 | I101: =IF(AND(ISNUMBER('评分录入'!AC59),'评分录入'!AC59=1),1,0) -> 0 | J101: =IF(AND(ISNUMBER('评分录入'!AC59),'评分录入'!AC59=0.5),1,0) -> 0 | K101: =IF(AND(ISNUMBER('评分录入'!AC59),'评分录入'!AC59=0),1,0) -> 0 | L101: =G101-H101 -> 0 | M101: =IF(H101=0,"",(I101+J101*0.5)/H101)
A102: 模型 | B102: lwb_hidden_v2_01 | C102: Gemini 3.5 Flash Lite | D102: Gemini 3.7 Flash | E102: 可设想的行动 | F102: 1 | G102: =IF('评分录入'!M59="纳入",1,0) -> 0 | H102: =IF(ISNUMBER('评分录入'!AD59),1,0) -> 0 | I102: =IF(AND(ISNUMBER('评分录入'!AD59),'评分录入'!AD59=1),1,0) -> 0 | J102: =IF(AND(ISNUMBER('评分录入'!AD59),'评分录入'!AD59=0.5),1,0) -> 0 | K102: =IF(AND(ISNUMBER('评分录入'!AD59),'评分录入'!AD59=0),1,0) -> 0 | L102: =G102-H102 -> 0 | M102: =IF(H102=0,"",(I102+J102*0.5)/H102)
A103: 模型 | B103: lwb_hidden_v2_01 | C103: Gemini 2.5 Flash | D103: Gemini 3.7 Flash | E103: 总体世界设计 | F103: 1 | G103: =IF('评分录入'!M70="纳入",1,0) -> 0 | H103: =IF(ISNUMBER('评分录入'!T70),1,0) -> 0 | I103: =IF(AND(ISNUMBER('评分录入'!T70),'评分录入'!T70=1),1,0) -> 0 | J103: =IF(AND(ISNUMBER('评分录入'!T70),'评分录入'!T70=0.5),1,0) -> 0 | K103: =IF(AND(ISNUMBER('评分录入'!T70),'评分录入'!T70=0),1,0) -> 0 | L103: =G103-H103 -> 0 | M103: =IF(H103=0,"",(I103+J103*0.5)/H103)
...

Sheet 分配与解盲
A1: 研究者专用 · 冻结分配映射
A2: 此工作簿本身包含来源身份；不要发给参与者。隐藏列和工作表保护只防误改，不是访问控制。问卷上不显示模型或方法名。
A6: 编号 | B6: 场次 | C6: 类型 | D6: 提示ID | E6: A来源 | F6: B来源 | G6: 原始配对ID
A7: Q01 | B7: 1 | C7: 模型 | D7: lwb_hidden_v2_03 | E7: Gemini 2.5 Flash | F7: Gemini 3.7 Flash | G7: pnahdvfuuck
A8: Q01 | B8: 2 | C8: 模型 | D8: lwb_hidden_v2_01 | E8: Gemini 3.1 Pro Preview | F8: Gemini 3.1 Flash Lite | G8: pktk4d47f6b
A9: Q01 | B9: 3 | C9: 架构 | D9: cartographer_lung_exchange | E9: 完整 Agora | F9: 单次生成基线 | G9: pshtgk9bhb8
A10: Q01 | B10: 4 | C10: 模型 | D10: lwb_hidden_v2_02 | E10: Gemini 3.1 Flash Lite | F10: GPT-5.6 Sol | G10: pyw4thkq8rt
A11: Q01 | B11: 5 | C11: 模型 | D11: lwb_hidden_v2_01 | E11: GPT-5.6 Terra | F11: Gemini 3.1 Flash Lite | G11: pyega4erk2n
A12: Q01 | B12: 6 | C12: 架构 | D12: clockwork_rain_conservatory | E12: 单次生成基线 | F12: 完整 Agora | G12: p99djg9fns3
A13: Q02 | B13: 1 | C13: 模型 | D13: lwb_hidden_v2_02 | E13: Gemini 3.1 Pro Preview | F13: Gemini 2.5 Flash | G13: pgdgycds8sv
A14: Q02 | B14: 2 | C14: 架构 | D14: mycelium_patent_bazaar | E14: 完整 Agora | F14: 单次生成基线 | G14: pm36f3jqvfc
A15: Q02 | B15: 3 | C15: 模型 | D15: lwb_hidden_v2_01 | E15: Gemini 3.5 Flash Lite | F15: Gemini 2.5 Flash | G15: pwtz9q7kmsh
A16: Q02 | B16: 4 | C16: 模型 | D16: lwb_hidden_v2_01 | E16: GPT-5.6 Sol | F16: Gemini 3.7 Flash | G16: p3muu378r39
A17: Q02 | B17: 5 | C17: 架构 | D17: aurora_court_of_migrating_cities | E17: 单次生成基线 | F17: 完整 Agora | G17: p268pkt6x9s
A18: Q02 | B18: 6 | C18: 模型 | D18: lwb_hidden_v2_03 | E18: Gemini 3.7 Flash | F18: GPT-5.6 Sol | G18: py9zbgpd6fc
... A72: Q11 | B72: 6 | C72: 模型 | D72: lwb_hidden_v2_03 | E72: Gemini 3.7 Flash | F72: Gemini 3.1 Flash Lite | G72: psq5sbn3a92
