Workbook

Sheet Start here
B2: Visual survey | Completed results
B6: 1. Send one packet | C6: Give V01-V11 to 11 different adults. Send each person only their own fillable PDF or Word file. Do not distribute this workbook: it contains identities.
B7: 2. Register returns | C7: Fill the blue cells on Participants from the actual cover-page answers. No names or contact details are needed.
B8: 3. Enter 18 choices | C8: On Responses, enter A, B, Same, or Not sure for each of the three questions in each round. Round and PDF page are already fixed.
B9: What Q1-Q3 mean | C9: Images: Q1 explore preference, Q2 map readability, Q3 character-world fit. Structure: Q1 explore preference, Q2 world clarity, Q3 place-scene fit. Results stay separate.
B10: Automatic inclusion | C10: Returned + adult + English + consent must be Yes, prior exposure must be No, and all 18 choices must be valid. The status shows missing or excluded packets.
B11: Automatic decoding | C11: The workbook knows what A/B means on each page. Preference for Source 1 = 1; Same = 0.5; Source 2 = 0. Not sure is missing preference, counted separately.
B12: What is covered | C12: Images: 7 models on one shared scene, 21 pairs, 44 ratings; each pair has 2 or 4 raters. Structure: 10 matched requests, 22 ratings, each pair has 2 or 4 raters.
B13: What the pictures show | C13: Archived maps and the first two requested character samples. Structure diagrams show authored places, assigned residents and props; they are not walking maps. No baseline artwork has been invented.
B14: Interpretation | C14: Eleven people provide exploratory judgments on these fixed artifacts. Do not call this a stable model ranking. Structure comparisons use the recorded unequal generation budgets.
B15: Reading the summaries | C15: Image results show each exact model pair and each question. Structure results also show an equal-request mean only when all 10 requests have judgeable votes. No p-values or Elo are produced.
B16: Keep versions separate | C16: This is the English visual V01-V11 version. Do not mix it with the rejected text-only Q01-Q11 survey or the earlier HTML S/P codes.
B17: Saving | C17: Only blue cells are editable; protection prevents mistakes, not disclosure. Save your completed workbook outside the public release folder. This copy contains actual returned choices; the original blank template is retained separately.
B19: 11 returns; 10 included. V04 cover blank: pending confirmation, not imputed.

Sheet Participants
A1: Participants | V01-V11
A2: Copy the cover-page choices into blue cells. A missing response is not a No. Every code is used by one person only.
A6: Code | B6: Returned | C6: Adult | D6: English | E6: Consent | F6: Prior exposure | G6: Valid choices / 18 | H6: Analysis status
A7: V01 | B7: Yes | C7: Yes | D7: Yes | E7: Yes | F7: No | G7: =SUM(Responses!H7:H12) -> 18 | H7: =IF(B7<>"Yes","Not returned",IF(OR(C7="No",D7="No",E7="No"),"Exclude: eligibility/consent",IF(OR(C7<>"Yes",D7<>"Yes",E7<>"Yes",F7=""),"Check cover answers",IF(F7<>"No","Exclude: prior exposure",IF(G7<>18,"Incomplete choices","Include"))))) -> Include
A8: V02 | B8: Yes | C8: Yes | D8: Yes | E8: Yes | F8: No | G8: =SUM(Responses!H13:H18) -> 18 | H8: =IF(B8<>"Yes","Not returned",IF(OR(C8="No",D8="No",E8="No"),"Exclude: eligibility/consent",IF(OR(C8<>"Yes",D8<>"Yes",E8<>"Yes",F8=""),"Check cover answers",IF(F8<>"No","Exclude: prior exposure",IF(G8<>18,"Incomplete choices","Include"))))) -> Include
A9: V03 | B9: Yes | C9: Yes | D9: Yes | E9: Yes | F9: No | G9: =SUM(Responses!H19:H24) -> 18 | H9: =IF(B9<>"Yes","Not returned",IF(OR(C9="No",D9="No",E9="No"),"Exclude: eligibility/consent",IF(OR(C9<>"Yes",D9<>"Yes",E9<>"Yes",F9=""),"Check cover answers",IF(F9<>"No","Exclude: prior exposure",IF(G9<>18,"Incomplete choices","Include"))))) -> Include
A10: V04 | B10: Yes | G10: =SUM(Responses!H25:H30) -> 18 | H10: =IF(B10<>"Yes","Not returned",IF(OR(C10="No",D10="No",E10="No"),"Exclude: eligibility/consent",IF(OR(C10<>"Yes",D10<>"Yes",E10<>"Yes",F10=""),"Check cover answers",IF(F10<>"No","Exclude: prior exposure",IF(G10<>18,"Incomplete choices","Include"))))) -> Check cover answers
A11: V05 | B11: Yes | C11: Yes | D11: Yes | E11: Yes | F11: No | G11: =SUM(Responses!H31:H36) -> 18 | H11: =IF(B11<>"Yes","Not returned",IF(OR(C11="No",D11="No",E11="No"),"Exclude: eligibility/consent",IF(OR(C11<>"Yes",D11<>"Yes",E11<>"Yes",F11=""),"Check cover answers",IF(F11<>"No","Exclude: prior exposure",IF(G11<>18,"Incomplete choices","Include"))))) -> Include
A12: V06 | B12: Yes | C12: Yes | D12: Yes | E12: Yes | F12: No | G12: =SUM(Responses!H37:H42) -> 18 | H12: =IF(B12<>"Yes","Not returned",IF(OR(C12="No",D12="No",E12="No"),"Exclude: eligibility/consent",IF(OR(C12<>"Yes",D12<>"Yes",E12<>"Yes",F12=""),"Check cover answers",IF(F12<>"No","Exclude: prior exposure",IF(G12<>18,"Incomplete choices","Include"))))) -> Include
A13: V07 | B13: Yes | C13: Yes | D13: Yes | E13: Yes | F13: No | G13: =SUM(Responses!H43:H48) -> 18 | H13: =IF(B13<>"Yes","Not returned",IF(OR(C13="No",D13="No",E13="No"),"Exclude: eligibility/consent",IF(OR(C13<>"Yes",D13<>"Yes",E13<>"Yes",F13=""),"Check cover answers",IF(F13<>"No","Exclude: prior exposure",IF(G13<>18,"Incomplete choices","Include"))))) -> Include
A14: V08 | B14: Yes | C14: Yes | D14: Yes | E14: Yes | F14: No | G14: =SUM(Responses!H49:H54) -> 18 | H14: =IF(B14<>"Yes","Not returned",IF(OR(C14="No",D14="No",E14="No"),"Exclude: eligibility/consent",IF(OR(C14<>"Yes",D14<>"Yes",E14<>"Yes",F14=""),"Check cover answers",IF(F14<>"No","Exclude: prior exposure",IF(G14<>18,"Incomplete choices","Include"))))) -> Include
A15: V09 | B15: Yes | C15: Yes | D15: Yes | E15: Yes | F15: No | G15: =SUM(Responses!H55:H60) -> 18 | H15: =IF(B15<>"Yes","Not returned",IF(OR(C15="No",D15="No",E15="No"),"Exclude: eligibility/consent",IF(OR(C15<>"Yes",D15<>"Yes",E15<>"Yes",F15=""),"Check cover answers",IF(F15<>"No","Exclude: prior exposure",IF(G15<>18,"Incomplete choices","Include"))))) -> Include
A16: V10 | B16: Yes | C16: Yes | D16: Yes | E16: Yes | F16: No | G16: =SUM(Responses!H61:H66) -> 18 | H16: =IF(B16<>"Yes","Not returned",IF(OR(C16="No",D16="No",E16="No"),"Exclude: eligibility/consent",IF(OR(C16<>"Yes",D16<>"Yes",E16<>"Yes",F16=""),"Check cover answers",IF(F16<>"No","Exclude: prior exposure",IF(G16<>18,"Incomplete choices","Include"))))) -> Include
A17: V11 | B17: Yes | C17: Yes | D17: Yes | E17: Yes | F17: No | G17: =SUM(Responses!H67:H72) -> 18 | H17: =IF(B17<>"Yes","Not returned",IF(OR(C17="No",D17="No",E17="No"),"Exclude: eligibility/consent",IF(OR(C17<>"Yes",D17<>"Yes",E17<>"Yes",F17=""),"Check cover answers",IF(F17<>"No","Exclude: prior exposure",IF(G17<>18,"Incomplete choices","Include"))))) -> Include

Sheet Responses
A1: Responses | Copy choices, no numerical codes
A2: Q1: explore preference. Images Q2/Q3: map readability / character-world fit. Structure Q2/Q3: world clarity / place-scene fit. Use A, B, Same, or Not sure. Empty cells are unentered.
A6: Code | B6: Round | C6: PDF page | D6: Page type | E6: Q1: Explore | F6: Q2: Clarity | G6: Q3: Fit | H6: Valid / 3 | I6: Analysis status | J6: Kind | K6: Pair | L6: A identity | M6: B identity | N6: Source 1 | O6: Source 2 | P6: Q1 score | Q6: Q2 score | R6: Q3 score
A7: V01 | B7: 1 | C7: 2 | D7: Images | E7: A | F7: A | G7: Not sure | H7: =SUM(COUNTIF(E7:G7,"A"),COUNTIF(E7:G7,"B"),COUNTIF(E7:G7,"Same"),COUNTIF(E7:G7,"Not sure")) -> 3 | I7: =Participants!H7 -> Include | J7: images | K7: pqpfxmjtr95 | L7: Gemini 2.5 Flash | M7: Gemini 3.1 Flash Lite | N7: Gemini 2.5 Flash | O7: Gemini 3.1 Flash Lite | P7: =IF(I7<>"Include","",IF(E7="Not sure","",IF(E7="Same",0.5,IF(OR(AND(E7="A",L7=N7),AND(E7="B",M7=N7)),1,0)))) -> 1 | Q7: =IF(I7<>"Include","",IF(F7="Not sure","",IF(F7="Same",0.5,IF(OR(AND(F7="A",L7=N7),AND(F7="B",M7=N7)),1,0)))) -> 1 | R7: =IF(I7<>"Include","",IF(G7="Not sure","",IF(G7="Same",0.5,IF(OR(AND(G7="A",L7=N7),AND(G7="B",M7=N7)),1,0))))
A8: V01 | B8: 2 | C8: 3 | D8: Images | E8: B | F8: B | G8: A | H8: =SUM(COUNTIF(E8:G8,"A"),COUNTIF(E8:G8,"B"),COUNTIF(E8:G8,"Same"),COUNTIF(E8:G8,"Not sure")) -> 3 | I8: =Participants!H7 -> Include | J8: images | K8: pve74cbss7m | L8: GPT-5.6 Sol | M8: GPT-5.6 Terra | N8: GPT-5.6 Sol | O8: GPT-5.6 Terra | P8: =IF(I8<>"Include","",IF(E8="Not sure","",IF(E8="Same",0.5,IF(OR(AND(E8="A",L8=N8),AND(E8="B",M8=N8)),1,0)))) -> 0 | Q8: =IF(I8<>"Include","",IF(F8="Not sure","",IF(F8="Same",0.5,IF(OR(AND(F8="A",L8=N8),AND(F8="B",M8=N8)),1,0)))) -> 0 | R8: =IF(I8<>"Include","",IF(G8="Not sure","",IF(G8="Same",0.5,IF(OR(AND(G8="A",L8=N8),AND(G8="B",M8=N8)),1,0)))) -> 1
A9: V01 | B9: 3 | C9: 4 | D9: Structure | E9: B | F9: A | G9: Not sure | H9: =SUM(COUNTIF(E9:G9,"A"),COUNTIF(E9:G9,"B"),COUNTIF(E9:G9,"Same"),COUNTIF(E9:G9,"Not sure")) -> 3 | I9: =Participants!H7 -> Include | J9: structure | K9: pba8emhpy3a | L9: Single-pass baseline | M9: Full Agora | N9: Full Agora | O9: Single-pass baseline | P9: =IF(I9<>"Include","",IF(E9="Not sure","",IF(E9="Same",0.5,IF(OR(AND(E9="A",L9=N9),AND(E9="B",M9=N9)),1,0)))) -> 1 | Q9: =IF(I9<>"Include","",IF(F9="Not sure","",IF(F9="Same",0.5,IF(OR(AND(F9="A",L9=N9),AND(F9="B",M9=N9)),1,0)))) -> 0 | R9: =IF(I9<>"Include","",IF(G9="Not sure","",IF(G9="Same",0.5,IF(OR(AND(G9="A",L9=N9),AND(G9="B",M9=N9)),1,0))))
A10: V01 | B10: 4 | C10: 5 | D10: Images | E10: B | F10: A | G10: B | H10: =SUM(COUNTIF(E10:G10,"A"),COUNTIF(E10:G10,"B"),COUNTIF(E10:G10,"Same"),COUNTIF(E10:G10,"Not sure")) -> 3 | I10: =Participants!H7 -> Include | J10: images | K10: pkmwb7u7g3n | L10: Gemini 2.5 Flash | M10: GPT-5.6 Sol | N10: Gemini 2.5 Flash | O10: GPT-5.6 Sol | P10: =IF(I10<>"Include","",IF(E10="Not sure","",IF(E10="Same",0.5,IF(OR(AND(E10="A",L10=N10),AND(E10="B",M10=N10)),1,0)))) -> 0 | Q10: =IF(I10<>"Include","",IF(F10="Not sure","",IF(F10="Same",0.5,IF(OR(AND(F10="A",L10=N10),AND(F10="B",M10=N10)),1,0)))) -> 1 | R10: =IF(I10<>"Include","",IF(G10="Not sure","",IF(G10="Same",0.5,IF(OR(AND(G10="A",L10=N10),AND(G10="B",M10=N10)),1,0)))) -> 0
A11: V01 | B11: 5 | C11: 6 | D11: Images | E11: A | F11: A | G11: Not sure | H11: =SUM(COUNTIF(E11:G11,"A"),COUNTIF(E11:G11,"B"),COUNTIF(E11:G11,"Same"),COUNTIF(E11:G11,"Not sure")) -> 3 | I11: =Participants!H7 -> Include | J11: images | K11: pqz6par2vck | L11: GPT-5.6 Terra | M11: Gemini 3.1 Pro Preview | N11: Gemini 3.1 Pro Preview | O11: GPT-5.6 Terra | P11: =IF(I11<>"Include","",IF(E11="Not sure","",IF(E11="Same",0.5,IF(OR(AND(E11="A",L11=N11),AND(E11="B",M11=N11)),1,0)))) -> 0 | Q11: =IF(I11<>"Include","",IF(F11="Not sure","",IF(F11="Same",0.5,IF(OR(AND(F11="A",L11=N11),AND(F11="B",M11=N11)),1,0)))) -> 0 | R11: =IF(I11<>"Include","",IF(G11="Not sure","",IF(G11="Same",0.5,IF(OR(AND(G11="A",L11=N11),AND(G11="B",M11=N11)),1,0))))
A12: V01 | B12: 6 | C12: 7 | D12: Structure | E12: A | F12: A | G12: A | H12: =SUM(COUNTIF(E12:G12,"A"),COUNTIF(E12:G12,"B"),COUNTIF(E12:G12,"Same"),COUNTIF(E12:G12,"Not sure")) -> 3 | I12: =Participants!H7 -> Include | J12: structure | K12: pgtsk9rzfxz | L12: Full Agora | M12: Single-pass baseline | N12: Full Agora | O12: Single-pass baseline | P12: =IF(I12<>"Include","",IF(E12="Not sure","",IF(E12="Same",0.5,IF(OR(AND(E12="A",L12=N12),AND(E12="B",M12=N12)),1,0)))) -> 1 | Q12: =IF(I12<>"Include","",IF(F12="Not sure","",IF(F12="Same",0.5,IF(OR(AND(F12="A",L12=N12),AND(F12="B",M12=N12)),1,0)))) -> 1 | R12: =IF(I12<>"Include","",IF(G12="Not sure","",IF(G12="Same",0.5,IF(OR(AND(G12="A",L12=N12),AND(G12="B",M12=N12)),1,0)))) -> 1
A13: V02 | B13: 1 | C13: 2 | D13: Images | E13: B | F13: A | G13: B | H13: =SUM(COUNTIF(E13:G13,"A"),COUNTIF(E13:G13,"B"),COUNTIF(E13:G13,"Same"),COUNTIF(E13:G13,"Not sure")) -> 3 | I13: =Participants!H8 -> Include | J13: images | K13: pb77h495mwy | L13: GPT-5.6 Sol | M13: Gemini 3.5 Flash Lite | N13: Gemini 3.5 Flash Lite | O13: GPT-5.6 Sol | P13: =IF(I13<>"Include","",IF(E13="Not sure","",IF(E13="Same",0.5,IF(OR(AND(E13="A",L13=N13),AND(E13="B",M13=N13)),1,0)))) -> 1 | Q13: =IF(I13<>"Include","",IF(F13="Not sure","",IF(F13="Same",0.5,IF(OR(AND(F13="A",L13=N13),AND(F13="B",M13=N13)),1,0)))) -> 0 | R13: =IF(I13<>"Include","",IF(G13="Not sure","",IF(G13="Same",0.5,IF(OR(AND(G13="A",L13=N13),AND(G13="B",M13=N13)),1,0)))) -> 1
A14: V02 | B14: 2 | C14: 3 | D14: Structure | E14: B | F14: A | G14: A | H14: =SUM(COUNTIF(E14:G14,"A"),COUNTIF(E14:G14,"B"),COUNTIF(E14:G14,"Same"),COUNTIF(E14:G14,"Not sure")) -> 3 | I14: =Participants!H8 -> Include | J14: structure | K14: pm36f3jqvfc | L14: Single-pass baseline | M14: Full Agora | N14: Full Agora | O14: Single-pass baseline | P14: =IF(I14<>"Include","",IF(E14="Not sure","",IF(E14="Same",0.5,IF(OR(AND(E14="A",L14=N14),AND(E14="B",M14=N14)),1,0)))) -> 1 | Q14: =IF(I14<>"Include","",IF(F14="Not sure","",IF(F14="Same",0.5,IF(OR(AND(F14="A",L14=N14),AND(F14="B",M14=N14)),1,0)))) -> 0 | R14: =IF(I14<>"Include","",IF(G14="Not sure","",IF(G14="Same",0.5,IF(OR(AND(G14="A",L14=N14),AND(G14="B",M14=N14)),1,0)))) -> 0
A15: V02 | B15: 3 | C15: 4 | D15: Images | E15: B | F15: A | G15: B | H15: =SUM(COUNTIF(E15:G15,"A"),COUNTIF(E15:G15,"B"),COUNTIF(E15:G15,"Same"),COUNTIF(E15:G15,"Not sure")) -> 3 | I15: =Participants!H8 -> Include | J15: images | K15: pkmwb7u7g3n | L15: GPT-5.6 Sol | M15: Gemini 2.5 Flash | N15: Gemini 2.5 Flash | O15: GPT-5.6 Sol | P15: =IF(I15<>"Include","",IF(E15="Not sure","",IF(E15="Same",0.5,IF(OR(AND(E15="A",L15=N15),AND(E15="B",M15=N15)),1,0)))) -> 1 | Q15: =IF(I15<>"Include","",IF(F15="Not sure","",IF(F15="Same",0.5,IF(OR(AND(F15="A",L15=N15),AND(F15="B",M15=N15)),1,0)))) -> 0 | R15: =IF(I15<>"Include","",IF(G15="Not sure","",IF(G15="Same",0.5,IF(OR(AND(G15="A",L15=N15),AND(G15="B",M15=N15)),1,0)))) -> 1
A16: V02 | B16: 4 | C16: 5 | D16: Images | E16: B | F16: B | G16: B | H16: =SUM(COUNTIF(E16:G16,"A"),COUNTIF(E16:G16,"B"),COUNTIF(E16:G16,"Same"),COUNTIF(E16:G16,"Not sure")) -> 3 | I16: =Participants!H8 -> Include | J16: images | K16: pve74cbss7m | L16: GPT-5.6 Terra | M16: GPT-5.6 Sol | N16: GPT-5.6 Sol | O16: GPT-5.6 Terra | P16: =IF(I16<>"Include","",IF(E16="Not sure","",IF(E16="Same",0.5,IF(OR(AND(E16="A",L16=N16),AND(E16="B",M16=N16)),1,0)))) -> 1 | Q16: =IF(I16<>"Include","",IF(F16="Not sure","",IF(F16="Same",0.5,IF(OR(AND(F16="A",L16=N16),AND(F16="B",M16=N16)),1,0)))) -> 1 | R16: =IF(I16<>"Include","",IF(G16="Not sure","",IF(G16="Same",0.5,IF(OR(AND(G16="A",L16=N16),AND(G16="B",M16=N16)),1,0)))) -> 1
A17: V02 | B17: 5 | C17: 6 | D17: Structure | E17: B | F17: B | G17: B | H17: =SUM(COUNTIF(E17:G17,"A"),COUNTIF(E17:G17,"B"),COUNTIF(E17:G17,"Same"),COUNTIF(E17:G17,"Not sure")) -> 3 | I17: =Participants!H8 -> Include | J17: structure | K17: pshtgk9bhb8 | L17: Full Agora | M17: Single-pass baseline | N17: Full Agora | O17: Single-pass baseline | P17: =IF(I17<>"Include","",IF(E17="Not sure","",IF(E17="Same",0.5,IF(OR(AND(E17="A",L17=N17),AND(E17="B",M17=N17)),1,0)))) -> 0 | Q17: =IF(I17<>"Include","",IF(F17="Not sure","",IF(F17="Same",0.5,IF(OR(AND(F17="A",L17=N17),AND(F17="B",M17=N17)),1,0)))) -> 0 | R17: =IF(I17<>"Include","",IF(G17="Not sure","",IF(G17="Same",0.5,IF(OR(AND(G17="A",L17=N17),AND(G17="B",M17=N17)),1,0)))) -> 0
A18: V02 | B18: 6 | C18: 7 | D18: Images | E18: B | F18: B | G18: B | H18: =SUM(COUNTIF(E18:G18,"A"),COUNTIF(E18:G18,"B"),COUNTIF(E18:G18,"Same"),COUNTIF(E18:G18,"Not sure")) -> 3 | I18: =Participants!H8 -> Include | J18: images | K18: pe5t7ur8bj8 | L18: Gemini 3.5 Flash Lite | M18: Gemini 3.7 Flash | N18: Gemini 3.5 Flash Lite | O18: Gemini 3.7 Flash | P18: =IF(I18<>"Include","",IF(E18="Not sure","",IF(E18="Same",0.5,IF(OR(AND(E18="A",L18=N18),AND(E18="B",M18=N18)),1,0)))) -> 0 | Q18: =IF(I18<>"Include","",IF(F18="Not sure","",IF(F18="Same",0.5,IF(OR(AND(F18="A",L18=N18),AND(F18="B",M18=N18)),1,0)))) -> 0 | R18: =IF(I18<>"Include","",IF(G18="Not sure","",IF(G18="Same",0.5,IF(OR(AND(G18="A",L18=N18),AND(G18="B",M18=N18)),1,0)))) -> 0
A19: V03 | B19: 1 | C19: 2 | D19: Structure | E19: A | F19: B | G19: A | H19: =SUM(COUNTIF(E19:G19,"A"),COUNTIF(E19:G19,"B"),COUNTIF(E19:G19,"Same"),COUNTIF(E19:G19,"Not sure")) -> 3 | I19: =Participants!H9 -> Include | J19: structure | K19: pjr89bu8zuw | L19: Full Agora | M19: Single-pass baseline | N19: Full Agora | O19: Single-pass baseline | P19: =IF(I19<>"Include","",IF(E19="Not sure","",IF(E19="Same",0.5,IF(OR(AND(E19="A",L19=N19),AND(E19="B",M19=N19)),1,0)))) -> 1 | Q19: =IF(I19<>"Include","",IF(F19="Not sure","",IF(F19="Same",0.5,IF(OR(AND(F19="A",L19=N19),AND(F19="B",M19=N19)),1,0)))) -> 0 | R19: =IF(I19<>"Include","",IF(G19="Not sure","",IF(G19="Same",0.5,IF(OR(AND(G19="A",L19=N19),AND(G19="B",M19=N19)),1,0)))) -> 1
A20: V03 | B20: 2 | C20: 3 | D20: Images | E20: A | F20: B | G20: A | H20: =SUM(COUNTIF(E20:G20,"A"),COUNTIF(E20:G20,"B"),COUNTIF(E20:G20,"Same"),COUNTIF(E20:G20,"Not sure")) -> 3 | I20: =Participants!H9 -> Include | J20: images | K20: pb77h495mwy | L20: Gemini 3.5 Flash Lite | M20: GPT-5.6 Sol | N20: Gemini 3.5 Flash Lite | O20: GPT-5.6 Sol | P20: =IF(I20<>"Include","",IF(E20="Not sure","",IF(E20="Same",0.5,IF(OR(AND(E20="A",L20=N20),AND(E20="B",M20=N20)),1,0)))) -> 1 | Q20: =IF(I20<>"Include","",IF(F20="Not sure","",IF(F20="Same",0.5,IF(OR(AND(F20="A",L20=N20),AND(F20="B",M20=N20)),1,0)))) -> 0 | R20: =IF(I20<>"Include","",IF(G20="Not sure","",IF(G20="Same",0.5,IF(OR(AND(G20="A",L20=N20),AND(G20="B",M20=N20)),1,0)))) -> 1
A21: V03 | B21: 3 | C21: 4 | D21: Images | E21: A | F21: B | G21: A | H21: =SUM(COUNTIF(E21:G21,"A"),COUNTIF(E21:G21,"B"),COUNTIF(E21:G21,"Same"),COUNTIF(E21:G21,"Not sure")) -> 3 | I21: =Participants!H9 -> Include | J21: images | K21: p4n4wt973gs | L21: Gemini 2.5 Flash | M21: Gemini 3.1 Pro Preview | N21: Gemini 2.5 Flash | O21: Gemini 3.1 Pro Preview | P21: =IF(I21<>"Include","",IF(E21="Not sure","",IF(E21="Same",0.5,IF(OR(AND(E21="A",L21=N21),AND(E21="B",M21=N21)),1,0)))) -> 1 | Q21: =IF(I21<>"Include","",IF(F21="Not sure","",IF(F21="Same",0.5,IF(OR(AND(F21="A",L21=N21),AND(F21="B",M21=N21)),1,0)))) -> 0 | R21: =IF(I21<>"Include","",IF(G21="Not sure","",IF(G21="Same",0.5,IF(OR(AND(G21="A",L21=N21),AND(G21="B",M21=N21)),1,0)))) -> 1
A22: V03 | B22: 4 | C22: 5 | D22: Structure | E22: A | F22: B | G22: A | H22: =SUM(COUNTIF(E22:G22,"A"),COUNTIF(E22:G22,"B"),COUNTIF(E22:G22,"Same"),COUNTIF(E22:G22,"Not sure")) -> 3 | I22: =Participants!H9 -> Include | J22: structure | K22: p99djg9fns3 | L22: Single-pass baseline | M22: Full Agora | N22: Full Agora | O22: Single-pass baseline | P22: =IF(I22<>"Include","",IF(E22="Not sure","",IF(E22="Same",0.5,IF(OR(AND(E22="A",L22=N22),AND(E22="B",M22=N22)),1,0)))) -> 0 | Q22: =IF(I22<>"Include","",IF(F22="Not sure","",IF(F22="Same",0.5,IF(OR(AND(F22="A",L22=N22),AND(F22="B",M22=N22)),1,0)))) -> 1 | R22: =IF(I22<>"Include","",IF(G22="Not sure","",IF(G22="Same",0.5,IF(OR(AND(G22="A",L22=N22),AND(G22="B",M22=N22)),1,0)))) -> 0
A23: V03 | B23: 5 | C23: 6 | D23: Images | E23: A | F23: B | G23: A | H23: =SUM(COUNTIF(E23:G23,"A"),COUNTIF(E23:G23,"B"),COUNTIF(E23:G23,"Same"),COUNTIF(E23:G23,"Not sure")) -> 3 | I23: =Participants!H9 -> Include | J23: images | K23: pr9q8buqrwe | L23: Gemini 3.1 Flash Lite | M23: GPT-5.6 Sol | N23: Gemini 3.1 Flash Lite | O23: GPT-5.6 Sol | P23: =IF(I23<>"Include","",IF(E23="Not sure","",IF(E23="Same",0.5,IF(OR(AND(E23="A",L23=N23),AND(E23="B",M23=N23)),1,0)))) -> 1 | Q23: =IF(I23<>"Include","",IF(F23="Not sure","",IF(F23="Same",0.5,IF(OR(AND(F23="A",L23=N23),AND(F23="B",M23=N23)),1,0)))) -> 0 | R23: =IF(I23<>"Include","",IF(G23="Not sure","",IF(G23="Same",0.5,IF(OR(AND(G23="A",L23=N23),AND(G23="B",M23=N23)),1,0)))) -> 1
A24: V03 | B24: 6 | C24: 7 | D24: Images | E24: B | F24: A | G24: B | H24: =SUM(COUNTIF(E24:G24,"A"),COUNTIF(E24:G24,"B"),COUNTIF(E24:G24,"Same"),COUNTIF(E24:G24,"Not sure")) -> 3 | I24: =Participants!H9 -> Include | J24: images | K24: pe5t7ur8bj8 | L24: Gemini 3.7 Flash | M24: Gemini 3.5 Flash Lite | N24: Gemini 3.5 Flash Lite | O24: Gemini 3.7 Flash | P24: =IF(I24<>"Include","",IF(E24="Not sure","",IF(E24="Same",0.5,IF(OR(AND(E24="A",L24=N24),AND(E24="B",M24=N24)),1,0)))) -> 1 | Q24: =IF(I24<>"Include","",IF(F24="Not sure","",IF(F24="Same",0.5,IF(OR(AND(F24="A",L24=N24),AND(F24="B",M24=N24)),1,0)))) -> 0 | R24: =IF(I24<>"Include","",IF(G24="Not sure","",IF(G24="Same",0.5,IF(OR(AND(G24="A",L24=N24),AND(G24="B",M24=N24)),1,0)))) -> 1
A25: V04 | B25: 1 | C25: 2 | D25: Images | E25: A | F25: A | G25: A | H25: =SUM(COUNTIF(E25:G25,"A"),COUNTIF(E25:G25,"B"),COUNTIF(E25:G25,"Same"),COUNTIF(E25:G25,"Not sure")) -> 3 | I25: =Participants!H10 -> Check cover answers | J25: images | K25: pyega4erk2n | L25: GPT-5.6 Terra | M25: Gemini 3.1 Flash Lite | N25: Gemini 3.1 Flash Lite | O25: GPT-5.6 Terra | P25: =IF(I25<>"Include","",IF(E25="Not sure","",IF(E25="Same",0.5,IF(OR(AND(E25="A",L25=N25),AND(E25="B",M25=N25)),1,0)))) | Q25: =IF(I25<>"Include","",IF(F25="Not sure","",IF(F25="Same",0.5,IF(OR(AND(F25="A",L25=N25),AND(F25="B",M25=N25)),1,0)))) | R25: =IF(I25<>"Include","",IF(G25="Not sure","",IF(G25="Same",0.5,IF(OR(AND(G25="A",L25=N25),AND(G25="B",M25=N25)),1,0))))
A26: V04 | B26: 2 | C26: 3 | D26: Images | E26: B | F26: A | G26: B | H26: =SUM(COUNTIF(E26:G26,"A"),COUNTIF(E26:G26,"B"),COUNTIF(E26:G26,"Same"),COUNTIF(E26:G26,"Not sure")) -> 3 | I26: =Participants!H10 -> Check cover answers | J26: images | K26: pr9q8buqrwe | L26: GPT-5.6 Sol | M26: Gemini 3.1 Flash Lite | N26: Gemini 3.1 Flash Lite | O26: GPT-5.6 Sol | P26: =IF(I26<>"Include","",IF(E26="Not sure","",IF(E26="Same",0.5,IF(OR(AND(E26="A",L26=N26),AND(E26="B",M26=N26)),1,0)))) | Q26: =IF(I26<>"Include","",IF(F26="Not sure","",IF(F26="Same",0.5,IF(OR(AND(F26="A",L26=N26),AND(F26="B",M26=N26)),1,0)))) | R26: =IF(I26<>"Include","",IF(G26="Not sure","",IF(G26="Same",0.5,IF(OR(AND(G26="A",L26=N26),AND(G26="B",M26=N26)),1,0))))
A27: V04 | B27: 3 | C27: 4 | D27: Structure | E27: Same | F27: Same | G27: B | H27: =SUM(COUNTIF(E27:G27,"A"),COUNTIF(E27:G27,"B"),COUNTIF(E27:G27,"Same"),COUNTIF(E27:G27,"Not sure")) -> 3 | I27: =Participants!H10 -> Check cover answers | J27: structure | K27: pshtgk9bhb8 | L27: Single-pass baseline | M27: Full Agora | N27: Full Agora | O27: Single-pass baseline | P27: =IF(I27<>"Include","",IF(E27="Not sure","",IF(E27="Same",0.5,IF(OR(AND(E27="A",L27=N27),AND(E27="B",M27=N27)),1,0)))) | Q27: =IF(I27<>"Include","",IF(F27="Not sure","",IF(F27="Same",0.5,IF(OR(AND(F27="A",L27=N27),AND(F27="B",M27=N27)),1,0)))) | R27: =IF(I27<>"Include","",IF(G27="Not sure","",IF(G27="Same",0.5,IF(OR(AND(G27="A",L27=N27),AND(G27="B",M27=N27)),1,0))))
A28: V04 | B28: 4 | C28: 5 | D28: Images | E28: B | F28: B | G28: B | H28: =SUM(COUNTIF(E28:G28,"A"),COUNTIF(E28:G28,"B"),COUNTIF(E28:G28,"Same"),COUNTIF(E28:G28,"Not sure")) -> 3 | I28: =Participants!H10 -> Check cover answers | J28: images | K28: p4n4wt973gs | L28: Gemini 3.1 Pro Preview | M28: Gemini 2.5 Flash | N28: Gemini 2.5 Flash | O28: Gemini 3.1 Pro Preview | P28: =IF(I28<>"Include","",IF(E28="Not sure","",IF(E28="Same",0.5,IF(OR(AND(E28="A",L28=N28),AND(E28="B",M28=N28)),1,0)))) | Q28: =IF(I28<>"Include","",IF(F28="Not sure","",IF(F28="Same",0.5,IF(OR(AND(F28="A",L28=N28),AND(F28="B",M28=N28)),1,0)))) | R28: =IF(I28<>"Include","",IF(G28="Not sure","",IF(G28="Same",0.5,IF(OR(AND(G28="A",L28=N28),AND(G28="B",M28=N28)),1,0))))
A29: V04 | B29: 5 | C29: 6 | D29: Images | E29: B | F29: B | G29: B | H29: =SUM(COUNTIF(E29:G29,"A"),COUNTIF(E29:G29,"B"),COUNTIF(E29:G29,"Same"),COUNTIF(E29:G29,"Not sure")) -> 3 | I29: =Participants!H10 -> Check cover answers | J29: images | K29: pfw7kwtz3xz | L29: Gemini 3.7 Flash | M29: Gemini 2.5 Flash | N29: Gemini 2.5 Flash | O29: Gemini 3.7 Flash | P29: =IF(I29<>"Include","",IF(E29="Not sure","",IF(E29="Same",0.5,IF(OR(AND(E29="A",L29=N29),AND(E29="B",M29=N29)),1,0)))) | Q29: =IF(I29<>"Include","",IF(F29="Not sure","",IF(F29="Same",0.5,IF(OR(AND(F29="A",L29=N29),AND(F29="B",M29=N29)),1,0)))) | R29: =IF(I29<>"Include","",IF(G29="Not sure","",IF(G29="Same",0.5,IF(OR(AND(G29="A",L29=N29),AND(G29="B",M29=N29)),1,0))))
A30: V04 | B30: 6 | C30: 7 | D30: Structure | E30: B | F30: A | G30: B | H30: =SUM(COUNTIF(E30:G30,"A"),COUNTIF(E30:G30,"B"),COUNTIF(E30:G30,"Same"),COUNTIF(E30:G30,"Not sure")) -> 3 | I30: =Participants!H10 -> Check cover answers | J30: structure | K30: pm36f3jqvfc | L30: Full Agora | M30: Single-pass baseline | N30: Full Agora | O30: Single-pass baseline | P30: =IF(I30<>"Include","",IF(E30="Not sure","",IF(E30="Same",0.5,IF(OR(AND(E30="A",L30=N30),AND(E30="B",M30=N30)),1,0)))) | Q30: =IF(I30<>"Include","",IF(F30="Not sure","",IF(F30="Same",0.5,IF(OR(AND(F30="A",L30=N30),AND(F30="B",M30=N30)),1,0)))) | R30: =IF(I30<>"Include","",IF(G30="Not sure","",IF(G30="Same",0.5,IF(OR(AND(G30="A",L30=N30),AND(G30="B",M30=N30)),1,0))))
A31: V05 | B31: 1 | C31: 2 | D31: Images | E31: B | F31: Same | G31: A | H31: =SUM(COUNTIF(E31:G31,"A"),COUNTIF(E31:G31,"B"),COUNTIF(E31:G31,"Same"),COUNTIF(E31:G31,"Not sure")) -> 3 | I31: =Participants!H11 -> Include | J31: images | K31: pktk4d47f6b | L31: Gemini 3.1 Flash Lite | M31: Gemini 3.1 Pro Preview | N31: Gemini 3.1 Flash Lite | O31: Gemini 3.1 Pro Preview | P31: =IF(I31<>"Include","",IF(E31="Not sure","",IF(E31="Same",0.5,IF(OR(AND(E31="A",L31=N31),AND(E31="B",M31=N31)),1,0)))) -> 0 | Q31: =IF(I31<>"Include","",IF(F31="Not sure","",IF(F31="Same",0.5,IF(OR(AND(F31="A",L31=N31),AND(F31="B",M31=N31)),1,0)))) -> 0.5 | R31: =IF(I31<>"Include","",IF(G31="Not sure","",IF(G31="Same",0.5,IF(OR(AND(G31="A",L31=N31),AND(G31="B",M31=N31)),1,0)))) -> 1
A32: V05 | B32: 2 | C32: 3 | D32: Structure | E32: B | F32: A | G32: B | H32: =SUM(COUNTIF(E32:G32,"A"),COUNTIF(E32:G32,"B"),COUNTIF(E32:G32,"Same"),COUNTIF(E32:G32,"Not sure")) -> 3 | I32: =Participants!H11 -> Include | J32: structure | K32: p99djg9fns3 | L32: Full Agora | M32: Single-pass baseline | N32: Full Agora | O32: Single-pass baseline | P32: =IF(I32<>"Include","",IF(E32="Not sure","",IF(E32="Same",0.5,IF(OR(AND(E32="A",L32=N32),AND(E32="B",M32=N32)),1,0)))) -> 0 | Q32: =IF(I32<>"Include","",IF(F32="Not sure","",IF(F32="Same",0.5,IF(OR(AND(F32="A",L32=N32),AND(F32="B",M32=N32)),1,0)))) -> 1 | R32: =IF(I32<>"Include","",IF(G32="Not sure","",IF(G32="Same",0.5,IF(OR(AND(G32="A",L32=N32),AND(G32="B",M32=N32)),1,0)))) -> 0
A33: V05 | B33: 3 | C33: 4 | D33: Images | E33: B | F33: B | G33: B | H33: =SUM(COUNTIF(E33:G33,"A"),COUNTIF(E33:G33,"B"),COUNTIF(E33:G33,"Same"),COUNTIF(E33:G33,"Not sure")) -> 3 | I33: =Participants!H11 -> Include | J33: images | K33: pyega4erk2n | L33: Gemini 3.1 Flash Lite | M33: GPT-5.6 Terra | N33: Gemini 3.1 Flash Lite | O33: GPT-5.6 Terra | P33: =IF(I33<>"Include","",IF(E33="Not sure","",IF(E33="Same",0.5,IF(OR(AND(E33="A",L33=N33),AND(E33="B",M33=N33)),1,0)))) -> 0 | Q33: =IF(I33<>"Include","",IF(F33="Not sure","",IF(F33="Same",0.5,IF(OR(AND(F33="A",L33=N33),AND(F33="B",M33=N33)),1,0)))) -> 0 | R33: =IF(I33<>"Include","",IF(G33="Not sure","",IF(G33="Same",0.5,IF(OR(AND(G33="A",L33=N33),AND(G33="B",M33=N33)),1,0)))) -> 0
A34: V05 | B34: 4 | C34: 5 | D34: Images | E34: A | F34: A | G34: A | H34: =SUM(COUNTIF(E34:G34,"A"),COUNTIF(E34:G34,"B"),COUNTIF(E34:G34,"Same"),COUNTIF(E34:G34,"Not sure")) -> 3 | I34: =Participants!H11 -> Include | J34: images | K34: pfw7kwtz3xz | L34: Gemini 2.5 Flash | M34: Gemini 3.7 Flash | N34: Gemini 2.5 Flash | O34: Gemini 3.7 Flash | P34: =IF(I34<>"Include","",IF(E34="Not sure","",IF(E34="Same",0.5,IF(OR(AND(E34="A",L34=N34),AND(E34="B",M34=N34)),1,0)))) -> 1 | Q34: =IF(I34<>"Include","",IF(F34="Not sure","",IF(F34="Same",0.5,IF(OR(AND(F34="A",L34=N34),AND(F34="B",M34=N34)),1,0)))) -> 1 | R34: =IF(I34<>"Include","",IF(G34="Not sure","",IF(G34="Same",0.5,IF(OR(AND(G34="A",L34=N34),AND(G34="B",M34=N34)),1,0)))) -> 1
A35: V05 | B35: 5 | C35: 6 | D35: Structure | E35: B | F35: Same | G35: B | H35: =SUM(COUNTIF(E35:G35,"A"),COUNTIF(E35:G35,"B"),COUNTIF(E35:G35,"Same"),COUNTIF(E35:G35,"Not sure")) -> 3 | I35: =Participants!H11 -> Include | J35: structure | K35: ppr7yrjpvsq | L35: Single-pass baseline | M35: Full Agora | N35: Full Agora | O35: Single-pass baseline | P35: =IF(I35<>"Include","",IF(E35="Not sure","",IF(E35="Same",0.5,IF(OR(AND(E35="A",L35=N35),AND(E35="B",M35=N35)),1,0)))) -> 1 | Q35: =IF(I35<>"Include","",IF(F35="Not sure","",IF(F35="Same",0.5,IF(OR(AND(F35="A",L35=N35),AND(F35="B",M35=N35)),1,0)))) -> 0.5 | R35: =IF(I35<>"Include","",IF(G35="Not sure","",IF(G35="Same",0.5,IF(OR(AND(G35="A",L35=N35),AND(G35="B",M35=N35)),1,0)))) -> 1
A36: V05 | B36: 6 | C36: 7 | D36: Images | E36: B | F36: B | G36: Same | H36: =SUM(COUNTIF(E36:G36,"A"),COUNTIF(E36:G36,"B"),COUNTIF(E36:G36,"Same"),COUNTIF(E36:G36,"Not sure")) -> 3 | I36: =Participants!H11 -> Include | J36: images | K36: pgu22spkfcc | L36: Gemini 3.5 Flash Lite | M36: Gemini 3.1 Pro Preview | N36: Gemini 3.1 Pro Preview | O36: Gemini 3.5 Flash Lite | P36: =IF(I36<>"Include","",IF(E36="Not sure","",IF(E36="Same",0.5,IF(OR(AND(E36="A",L36=N36),AND(E36="B",M36=N36)),1,0)))) -> 1 | Q36: =IF(I36<>"Include","",IF(F36="Not sure","",IF(F36="Same",0.5,IF(OR(AND(F36="A",L36=N36),AND(F36="B",M36=N36)),1,0)))) -> 1 | R36: =IF(I36<>"Include","",IF(G36="Not sure","",IF(G36="Same",0.5,IF(OR(AND(G36="A",L36=N36),AND(G36="B",M36=N36)),1,0)))) -> 0.5
A37: V06 | B37: 1 | C37: 2 | D37: Structure | E37: B | F37: A | G37: B | H37: =SUM(COUNTIF(E37:G37,"A"),COUNTIF(E37:G37,"B"),COUNTIF(E37:G37,"Same"),COUNTIF(E37:G37,"Not sure")) -> 3 | I37: =Participants!H12 -> Include | J37: structure | K37: p99djg9fns3 | L37: Full Agora | M37: Single-pass baseline | N37: Full Agora | O37: Single-pass baseline | P37: =IF(I37<>"Include","",IF(E37="Not sure","",IF(E37="Same",0.5,IF(OR(AND(E37="A",L37=N37),AND(E37="B",M37=N37)),1,0)))) -> 0 | Q37: =IF(I37<>"Include","",IF(F37="Not sure","",IF(F37="Same",0.5,IF(OR(AND(F37="A",L37=N37),AND(F37="B",M37=N37)),1,0)))) -> 1 | R37: =IF(I37<>"Include","",IF(G37="Not sure","",IF(G37="Same",0.5,IF(OR(AND(G37="A",L37=N37),AND(G37="B",M37=N37)),1,0)))) -> 0
A38: V06 | B38: 2 | C38: 3 | D38: Images | E38: B | F38: A | G38: A | H38: =SUM(COUNTIF(E38:G38,"A"),COUNTIF(E38:G38,"B"),COUNTIF(E38:G38,"Same"),COUNTIF(E38:G38,"Not sure")) -> 3 | I38: =Participants!H12 -> Include | J38: images | K38: pgu22spkfcc | L38: Gemini 3.1 Pro Preview | M38: Gemini 3.5 Flash Lite | N38: Gemini 3.1 Pro Preview | O38: Gemini 3.5 Flash Lite | P38: =IF(I38<>"Include","",IF(E38="Not sure","",IF(E38="Same",0.5,IF(OR(AND(E38="A",L38=N38),AND(E38="B",M38=N38)),1,0)))) -> 0 | Q38: =IF(I38<>"Include","",IF(F38="Not sure","",IF(F38="Same",0.5,IF(OR(AND(F38="A",L38=N38),AND(F38="B",M38=N38)),1,0)))) -> 1 | R38: =IF(I38<>"Include","",IF(G38="Not sure","",IF(G38="Same",0.5,IF(OR(AND(G38="A",L38=N38),AND(G38="B",M38=N38)),1,0)))) -> 1
A39: V06 | B39: 3 | C39: 4 | D39: Images | E39: A | F39: B | G39: B | H39: =SUM(COUNTIF(E39:G39,"A"),COUNTIF(E39:G39,"B"),COUNTIF(E39:G39,"Same"),COUNTIF(E39:G39,"Not sure")) -> 3 | I39: =Participants!H12 -> Include | J39: images | K39: pkvc5vp8bjb | L39: Gemini 3.1 Flash Lite | M39: Gemini 3.7 Flash | N39: Gemini 3.1 Flash Lite | O39: Gemini 3.7 Flash | P39: =IF(I39<>"Include","",IF(E39="Not sure","",IF(E39="Same",0.5,IF(OR(AND(E39="A",L39=N39),AND(E39="B",M39=N39)),1,0)))) -> 1 | Q39: =IF(I39<>"Include","",IF(F39="Not sure","",IF(F39="Same",0.5,IF(OR(AND(F39="A",L39=N39),AND(F39="B",M39=N39)),1,0)))) -> 0 | R39: =IF(I39<>"Include","",IF(G39="Not sure","",IF(G39="Same",0.5,IF(OR(AND(G39="A",L39=N39),AND(G39="B",M39=N39)),1,0)))) -> 0
A40: V06 | B40: 4 | C40: 5 | D40: Structure | E40: A | F40: B | G40: B | H40: =SUM(COUNTIF(E40:G40,"A"),COUNTIF(E40:G40,"B"),COUNTIF(E40:G40,"Same"),COUNTIF(E40:G40,"Not sure")) -> 3 | I40: =Participants!H12 -> Include | J40: structure | K40: p268pkt6x9s | L40: Single-pass baseline | M40: Full Agora | N40: Full Agora | O40: Single-pass baseline | P40: =IF(I40<>"Include","",IF(E40="Not sure","",IF(E40="Same",0.5,IF(OR(AND(E40="A",L40=N40),AND(E40="B",M40=N40)),1,0)))) -> 0 | Q40: =IF(I40<>"Include","",IF(F40="Not sure","",IF(F40="Same",0.5,IF(OR(AND(F40="A",L40=N40),AND(F40="B",M40=N40)),1,0)))) -> 1 | R40: =IF(I40<>"Include","",IF(G40="Not sure","",IF(G40="Same",0.5,IF(OR(AND(G40="A",L40=N40),AND(G40="B",M40=N40)),1,0)))) -> 1
A41: V06 | B41: 5 | C41: 6 | D41: Images | E41: B | F41: A | G41: A | H41: =SUM(COUNTIF(E41:G41,"A"),COUNTIF(E41:G41,"B"),COUNTIF(E41:G41,"Same"),COUNTIF(E41:G41,"Not sure")) -> 3 | I41: =Participants!H12 -> Include | J41: images | K41: pktk4d47f6b | L41: Gemini 3.1 Pro Preview | M41: Gemini 3.1 Flash Lite | N41: Gemini 3.1 Flash Lite | O41: Gemini 3.1 Pro Preview | P41: =IF(I41<>"Include","",IF(E41="Not sure","",IF(E41="Same",0.5,IF(OR(AND(E41="A",L41=N41),AND(E41="B",M41=N41)),1,0)))) -> 1 | Q41: =IF(I41<>"Include","",IF(F41="Not sure","",IF(F41="Same",0.5,IF(OR(AND(F41="A",L41=N41),AND(F41="B",M41=N41)),1,0)))) -> 0 | R41: =IF(I41<>"Include","",IF(G41="Not sure","",IF(G41="Same",0.5,IF(OR(AND(G41="A",L41=N41),AND(G41="B",M41=N41)),1,0)))) -> 0
A42: V06 | B42: 6 | C42: 7 | D42: Images | E42: A | F42: B | G42: A | H42: =SUM(COUNTIF(E42:G42,"A"),COUNTIF(E42:G42,"B"),COUNTIF(E42:G42,"Same"),COUNTIF(E42:G42,"Not sure")) -> 3 | I42: =Participants!H12 -> Include | J42: images | K42: pnez9yz55kd | L42: Gemini 3.5 Flash Lite | M42: GPT-5.6 Terra | N42: Gemini 3.5 Flash Lite | O42: GPT-5.6 Terra | P42: =IF(I42<>"Include","",IF(E42="Not sure","",IF(E42="Same",0.5,IF(OR(AND(E42="A",L42=N42),AND(E42="B",M42=N42)),1,0)))) -> 1 | Q42: =IF(I42<>"Include","",IF(F42="Not sure","",IF(F42="Same",0.5,IF(OR(AND(F42="A",L42=N42),AND(F42="B",M42=N42)),1,0)))) -> 0 | R42: =IF(I42<>"Include","",IF(G42="Not sure","",IF(G42="Same",0.5,IF(OR(AND(G42="A",L42=N42),AND(G42="B",M42=N42)),1,0)))) -> 1
A43: V07 | B43: 1 | C43: 2 | D43: Images | E43: B | F43: A | G43: B | H43: =SUM(COUNTIF(E43:G43,"A"),COUNTIF(E43:G43,"B"),COUNTIF(E43:G43,"Same"),COUNTIF(E43:G43,"Not sure")) -> 3 | I43: =Participants!H13 -> Include | J43: images | K43: pkvc5vp8bjb | L43: Gemini 3.7 Flash | M43: Gemini 3.1 Flash Lite | N43: Gemini 3.1 Flash Lite | O43: Gemini 3.7 Flash | P43: =IF(I43<>"Include","",IF(E43="Not sure","",IF(E43="Same",0.5,IF(OR(AND(E43="A",L43=N43),AND(E43="B",M43=N43)),1,0)))) -> 1 | Q43: =IF(I43<>"Include","",IF(F43="Not sure","",IF(F43="Same",0.5,IF(OR(AND(F43="A",L43=N43),AND(F43="B",M43=N43)),1,0)))) -> 0 | R43: =IF(I43<>"Include","",IF(G43="Not sure","",IF(G43="Same",0.5,IF(OR(AND(G43="A",L43=N43),AND(G43="B",M43=N43)),1,0)))) -> 1
A44: V07 | B44: 2 | C44: 3 | D44: Images | E44: B | F44: B | G44: B | H44: =SUM(COUNTIF(E44:G44,"A"),COUNTIF(E44:G44,"B"),COUNTIF(E44:G44,"Same"),COUNTIF(E44:G44,"Not sure")) -> 3 | I44: =Participants!H13 -> Include | J44: images | K44: ps854uqtmnd | L44: GPT-5.6 Terra | M44: Gemini 2.5 Flash | N44: Gemini 2.5 Flash | O44: GPT-5.6 Terra | P44: =IF(I44<>"Include","",IF(E44="Not sure","",IF(E44="Same",0.5,IF(OR(AND(E44="A",L44=N44),AND(E44="B",M44=N44)),1,0)))) -> 1 | Q44: =IF(I44<>"Include","",IF(F44="Not sure","",IF(F44="Same",0.5,IF(OR(AND(F44="A",L44=N44),AND(F44="B",M44=N44)),1,0)))) -> 1 | R44: =IF(I44<>"Include","",IF(G44="Not sure","",IF(G44="Same",0.5,IF(OR(AND(G44="A",L44=N44),AND(G44="B",M44=N44)),1,0)))) -> 1
A45: V07 | B45: 3 | C45: 4 | D45: Structure | E45: B | F45: B | G45: B | H45: =SUM(COUNTIF(E45:G45,"A"),COUNTIF(E45:G45,"B"),COUNTIF(E45:G45,"Same"),COUNTIF(E45:G45,"Not sure")) -> 3 | I45: =Participants!H13 -> Include | J45: structure | K45: ppr7yrjpvsq | L45: Full Agora | M45: Single-pass baseline | N45: Full Agora | O45: Single-pass baseline | P45: =IF(I45<>"Include","",IF(E45="Not sure","",IF(E45="Same",0.5,IF(OR(AND(E45="A",L45=N45),AND(E45="B",M45=N45)),1,0)))) -> 0 | Q45: =IF(I45<>"Include","",IF(F45="Not sure","",IF(F45="Same",0.5,IF(OR(AND(F45="A",L45=N45),AND(F45="B",M45=N45)),1,0)))) -> 0 | R45: =IF(I45<>"Include","",IF(G45="Not sure","",IF(G45="Same",0.5,IF(OR(AND(G45="A",L45=N45),AND(G45="B",M45=N45)),1,0)))) -> 0
A46: V07 | B46: 4 | C46: 5 | D46: Images | E46: A | F46: A | G46: B | H46: =SUM(COUNTIF(E46:G46,"A"),COUNTIF(E46:G46,"B"),COUNTIF(E46:G46,"Same"),COUNTIF(E46:G46,"Not sure")) -> 3 | I46: =Participants!H13 -> Include | J46: images | K46: p3s4vrde99z | L46: Gemini 3.7 Flash | M46: Gemini 3.1 Pro Preview | N46: Gemini 3.1 Pro Preview | O46: Gemini 3.7 Flash | P46: =IF(I46<>"Include","",IF(E46="Not sure","",IF(E46="Same",0.5,IF(OR(AND(E46="A",L46=N46),AND(E46="B",M46=N46)),1,0)))) -> 0 | Q46: =IF(I46<>"Include","",IF(F46="Not sure","",IF(F46="Same",0.5,IF(OR(AND(F46="A",L46=N46),AND(F46="B",M46=N46)),1,0)))) -> 0 | R46: =IF(I46<>"Include","",IF(G46="Not sure","",IF(G46="Same",0.5,IF(OR(AND(G46="A",L46=N46),AND(G46="B",M46=N46)),1,0)))) -> 1
A47: V07 | B47: 5 | C47: 6 | D47: Images | E47: B | F47: A | G47: B | H47: =SUM(COUNTIF(E47:G47,"A"),COUNTIF(E47:G47,"B"),COUNTIF(E47:G47,"Same"),COUNTIF(E47:G47,"Not sure")) -> 3 | I47: =Participants!H13 -> Include | J47: images | K47: pnez9yz55kd | L47: GPT-5.6 Terra | M47: Gemini 3.5 Flash Lite | N47: Gemini 3.5 Flash Lite | O47: GPT-5.6 Terra | P47: =IF(I47<>"Include","",IF(E47="Not sure","",IF(E47="Same",0.5,IF(OR(AND(E47="A",L47=N47),AND(E47="B",M47=N47)),1,0)))) -> 1 | Q47: =IF(I47<>"Include","",IF(F47="Not sure","",IF(F47="Same",0.5,IF(OR(AND(F47="A",L47=N47),AND(F47="B",M47=N47)),1,0)))) -> 0 | R47: =IF(I47<>"Include","",IF(G47="Not sure","",IF(G47="Same",0.5,IF(OR(AND(G47="A",L47=N47),AND(G47="B",M47=N47)),1,0)))) -> 1
A48: V07 | B48: 6 | C48: 7 | D48: Structure | E48: A | F48: B | G48: B | H48: =SUM(COUNTIF(E48:G48,"A"),COUNTIF(E48:G48,"B"),COUNTIF(E48:G48,"Same"),COUNTIF(E48:G48,"Not sure")) -> 3 | I48: =Participants!H13 -> Include | J48: structure | K48: p99djg9fns3 | L48: Single-pass baseline | M48: Full Agora | N48: Full Agora | O48: Single-pass baseline | P48: =IF(I48<>"Include","",IF(E48="Not sure","",IF(E48="Same",0.5,IF(OR(AND(E48="A",L48=N48),AND(E48="B",M48=N48)),1,0)))) -> 0 | Q48: =IF(I48<>"Include","",IF(F48="Not sure","",IF(F48="Same",0.5,IF(OR(AND(F48="A",L48=N48),AND(F48="B",M48=N48)),1,0)))) -> 1 | R48: =IF(I48<>"Include","",IF(G48="Not sure","",IF(G48="Same",0.5,IF(OR(AND(G48="A",L48=N48),AND(G48="B",M48=N48)),1,0)))) -> 1
A49: V08 | B49: 1 | C49: 2 | D49: Images | E49: B | F49: B | G49: B | H49: =SUM(COUNTIF(E49:G49,"A"),COUNTIF(E49:G49,"B"),COUNTIF(E49:G49,"Same"),COUNTIF(E49:G49,"Not sure")) -> 3 | I49: =Participants!H14 -> Include | J49: images | K49: pt3e7zeu9qk | L49: Gemini 3.1 Pro Preview | M49: GPT-5.6 Sol | N49: Gemini 3.1 Pro Preview | O49: GPT-5.6 Sol | P49: =IF(I49<>"Include","",IF(E49="Not sure","",IF(E49="Same",0.5,IF(OR(AND(E49="A",L49=N49),AND(E49="B",M49=N49)),1,0)))) -> 0 | Q49: =IF(I49<>"Include","",IF(F49="Not sure","",IF(F49="Same",0.5,IF(OR(AND(F49="A",L49=N49),AND(F49="B",M49=N49)),1,0)))) -> 0 | R49: =IF(I49<>"Include","",IF(G49="Not sure","",IF(G49="Same",0.5,IF(OR(AND(G49="A",L49=N49),AND(G49="B",M49=N49)),1,0)))) -> 0
A50: V08 | B50: 2 | C50: 3 | D50: Structure | E50: A | F50: A | G50: A | H50: =SUM(COUNTIF(E50:G50,"A"),COUNTIF(E50:G50,"B"),COUNTIF(E50:G50,"Same"),COUNTIF(E50:G50,"Not sure")) -> 3 | I50: =Participants!H14 -> Include | J50: structure | K50: pjr89bu8zuw | L50: Single-pass baseline | M50: Full Agora | N50: Full Agora | O50: Single-pass baseline | P50: =IF(I50<>"Include","",IF(E50="Not sure","",IF(E50="Same",0.5,IF(OR(AND(E50="A",L50=N50),AND(E50="B",M50=N50)),1,0)))) -> 0 | Q50: =IF(I50<>"Include","",IF(F50="Not sure","",IF(F50="Same",0.5,IF(OR(AND(F50="A",L50=N50),AND(F50="B",M50=N50)),1,0)))) -> 0 | R50: =IF(I50<>"Include","",IF(G50="Not sure","",IF(G50="Same",0.5,IF(OR(AND(G50="A",L50=N50),AND(G50="B",M50=N50)),1,0)))) -> 0
A51: V08 | B51: 3 | C51: 4 | D51: Images | E51: B | F51: B | G51: B | H51: =SUM(COUNTIF(E51:G51,"A"),COUNTIF(E51:G51,"B"),COUNTIF(E51:G51,"Same"),COUNTIF(E51:G51,"Not sure")) -> 3 | I51: =Participants!H14 -> Include | J51: images | K51: pwtz9q7kmsh | L51: Gemini 3.5 Flash Lite | M51: Gemini 2.5 Flash | N51: Gemini 2.5 Flash | O51: Gemini 3.5 Flash Lite | P51: =IF(I51<>"Include","",IF(E51="Not sure","",IF(E51="Same",0.5,IF(OR(AND(E51="A",L51=N51),AND(E51="B",M51=N51)),1,0)))) -> 1 | Q51: =IF(I51<>"Include","",IF(F51="Not sure","",IF(F51="Same",0.5,IF(OR(AND(F51="A",L51=N51),AND(F51="B",M51=N51)),1,0)))) -> 1 | R51: =IF(I51<>"Include","",IF(G51="Not sure","",IF(G51="Same",0.5,IF(OR(AND(G51="A",L51=N51),AND(G51="B",M51=N51)),1,0)))) -> 1
A52: V08 | B52: 4 | C52: 5 | D52: Images | E52: B | F52: B | G52: B | H52: =SUM(COUNTIF(E52:G52,"A"),COUNTIF(E52:G52,"B"),COUNTIF(E52:G52,"Same"),COUNTIF(E52:G52,"Not sure")) -> 3 | I52: =Participants!H14 -> Include | J52: images | K52: p3s4vrde99z | L52: Gemini 3.1 Pro Preview | M52: Gemini 3.7 Flash | N52: Gemini 3.1 Pro Preview | O52: Gemini 3.7 Flash | P52: =IF(I52<>"Include","",IF(E52="Not sure","",IF(E52="Same",0.5,IF(OR(AND(E52="A",L52=N52),AND(E52="B",M52=N52)),1,0)))) -> 0 | Q52: =IF(I52<>"Include","",IF(F52="Not sure","",IF(F52="Same",0.5,IF(OR(AND(F52="A",L52=N52),AND(F52="B",M52=N52)),1,0)))) -> 0 | R52: =IF(I52<>"Include","",IF(G52="Not sure","",IF(G52="Same",0.5,IF(OR(AND(G52="A",L52=N52),AND(G52="B",M52=N52)),1,0)))) -> 0
A53: V08 | B53: 5 | C53: 6 | D53: Structure | E53: A | F53: A | G53: A | H53: =SUM(COUNTIF(E53:G53,"A"),COUNTIF(E53:G53,"B"),COUNTIF(E53:G53,"Same"),COUNTIF(E53:G53,"Not sure")) -> 3 | I53: =Participants!H14 -> Include | J53: structure | K53: pba8emhpy3a | L53: Full Agora | M53: Single-pass baseline | N53: Full Agora | O53: Single-pass baseline | P53: =IF(I53<>"Include","",IF(E53="Not sure","",IF(E53="Same",0.5,IF(OR(AND(E53="A",L53=N53),AND(E53="B",M53=N53)),1,0)))) -> 1 | Q53: =IF(I53<>"Include","",IF(F53="Not sure","",IF(F53="Same",0.5,IF(OR(AND(F53="A",L53=N53),AND(F53="B",M53=N53)),1,0)))) -> 1 | R53: =IF(I53<>"Include","",IF(G53="Not sure","",IF(G53="Same",0.5,IF(OR(AND(G53="A",L53=N53),AND(G53="B",M53=N53)),1,0)))) -> 1
A54: V08 | B54: 6 | C54: 7 | D54: Images | E54: B | F54: B | G54: B | H54: =SUM(COUNTIF(E54:G54,"A"),COUNTIF(E54:G54,"B"),COUNTIF(E54:G54,"Same"),COUNTIF(E54:G54,"Not sure")) -> 3 | I54: =Participants!H14 -> Include | J54: images | K54: ps854uqtmnd | L54: Gemini 2.5 Flash | M54: GPT-5.6 Terra | N54: Gemini 2.5 Flash | O54: GPT-5.6 Terra | P54: =IF(I54<>"Include","",IF(E54="Not sure","",IF(E54="Same",0.5,IF(OR(AND(E54="A",L54=N54),AND(E54="B",M54=N54)),1,0)))) -> 0 | Q54: =IF(I54<>"Include","",IF(F54="Not sure","",IF(F54="Same",0.5,IF(OR(AND(F54="A",L54=N54),AND(F54="B",M54=N54)),1,0)))) -> 0 | R54: =IF(I54<>"Include","",IF(G54="Not sure","",IF(G54="Same",0.5,IF(OR(AND(G54="A",L54=N54),AND(G54="B",M54=N54)),1,0)))) -> 0
A55: V09 | B55: 1 | C55: 2 | D55: Structure | E55: A | F55: A | G55: A | H55: =SUM(COUNTIF(E55:G55,"A"),COUNTIF(E55:G55,"B"),COUNTIF(E55:G55,"Same"),COUNTIF(E55:G55,"Not sure")) -> 3 | I55: =Participants!H15 -> Include | J55: structure | K55: pxy6w6bke2w | L55: Single-pass baseline | M55: Full Agora | N55: Full Agora | O55: Single-pass baseline | P55: =IF(I55<>"Include","",IF(E55="Not sure","",IF(E55="Same",0.5,IF(OR(AND(E55="A",L55=N55),AND(E55="B",M55=N55)),1,0)))) -> 0 | Q55: =IF(I55<>"Include","",IF(F55="Not sure","",IF(F55="Same",0.5,IF(OR(AND(F55="A",L55=N55),AND(F55="B",M55=N55)),1,0)))) -> 0 | R55: =IF(I55<>"Include","",IF(G55="Not sure","",IF(G55="Same",0.5,IF(OR(AND(G55="A",L55=N55),AND(G55="B",M55=N55)),1,0)))) -> 0
A56: V09 | B56: 2 | C56: 3 | D56: Images | E56: A | F56: A | G56: A | H56: =SUM(COUNTIF(E56:G56,"A"),COUNTIF(E56:G56,"B"),COUNTIF(E56:G56,"Same"),COUNTIF(E56:G56,"Not sure")) -> 3 | I56: =Participants!H15 -> Include | J56: images | K56: pt3e7zeu9qk | L56: GPT-5.6 Sol | M56: Gemini 3.1 Pro Preview | N56: Gemini 3.1 Pro Preview | O56: GPT-5.6 Sol | P56: =IF(I56<>"Include","",IF(E56="Not sure","",IF(E56="Same",0.5,IF(OR(AND(E56="A",L56=N56),AND(E56="B",M56=N56)),1,0)))) -> 0 | Q56: =IF(I56<>"Include","",IF(F56="Not sure","",IF(F56="Same",0.5,IF(OR(AND(F56="A",L56=N56),AND(F56="B",M56=N56)),1,0)))) -> 0 | R56: =IF(I56<>"Include","",IF(G56="Not sure","",IF(G56="Same",0.5,IF(OR(AND(G56="A",L56=N56),AND(G56="B",M56=N56)),1,0)))) -> 0
A57: V09 | B57: 3 | C57: 4 | D57: Images | E57: B | F57: B | G57: B | H57: =SUM(COUNTIF(E57:G57,"A"),COUNTIF(E57:G57,"B"),COUNTIF(E57:G57,"Same"),COUNTIF(E57:G57,"Not sure")) -> 3 | I57: =Participants!H15 -> Include | J57: images | K57: p45p4mj42fh | L57: Gemini 3.7 Flash | M57: GPT-5.6 Terra | N57: Gemini 3.7 Flash | O57: GPT-5.6 Terra | P57: =IF(I57<>"Include","",IF(E57="Not sure","",IF(E57="Same",0.5,IF(OR(AND(E57="A",L57=N57),AND(E57="B",M57=N57)),1,0)))) -> 0 | Q57: =IF(I57<>"Include","",IF(F57="Not sure","",IF(F57="Same",0.5,IF(OR(AND(F57="A",L57=N57),AND(F57="B",M57=N57)),1,0)))) -> 0 | R57: =IF(I57<>"Include","",IF(G57="Not sure","",IF(G57="Same",0.5,IF(OR(AND(G57="A",L57=N57),AND(G57="B",M57=N57)),1,0)))) -> 0
A58: V09 | B58: 4 | C58: 5 | D58: Structure | E58: A | F58: A | G58: A | H58: =SUM(COUNTIF(E58:G58,"A"),COUNTIF(E58:G58,"B"),COUNTIF(E58:G58,"Same"),COUNTIF(E58:G58,"Not sure")) -> 3 | I58: =Participants!H15 -> Include | J58: structure | K58: p268pkt6x9s | L58: Full Agora | M58: Single-pass baseline | N58: Full Agora | O58: Single-pass baseline | P58: =IF(I58<>"Include","",IF(E58="Not sure","",IF(E58="Same",0.5,IF(OR(AND(E58="A",L58=N58),AND(E58="B",M58=N58)),1,0)))) -> 1 | Q58: =IF(I58<>"Include","",IF(F58="Not sure","",IF(F58="Same",0.5,IF(OR(AND(F58="A",L58=N58),AND(F58="B",M58=N58)),1,0)))) -> 1 | R58: =IF(I58<>"Include","",IF(G58="Not sure","",IF(G58="Same",0.5,IF(OR(AND(G58="A",L58=N58),AND(G58="B",M58=N58)),1,0)))) -> 1
A59: V09 | B59: 5 | C59: 6 | D59: Images | E59: A | F59: A | G59: A | H59: =SUM(COUNTIF(E59:G59,"A"),COUNTIF(E59:G59,"B"),COUNTIF(E59:G59,"Same"),COUNTIF(E59:G59,"Not sure")) -> 3 | I59: =Participants!H15 -> Include | J59: images | K59: pnez9yz55kd | L59: GPT-5.6 Terra | M59: Gemini 3.5 Flash Lite | N59: Gemini 3.5 Flash Lite | O59: GPT-5.6 Terra | P59: =IF(I59<>"Include","",IF(E59="Not sure","",IF(E59="Same",0.5,IF(OR(AND(E59="A",L59=N59),AND(E59="B",M59=N59)),1,0)))) -> 0 | Q59: =IF(I59<>"Include","",IF(F59="Not sure","",IF(F59="Same",0.5,IF(OR(AND(F59="A",L59=N59),AND(F59="B",M59=N59)),1,0)))) -> 0 | R59: =IF(I59<>"Include","",IF(G59="Not sure","",IF(G59="Same",0.5,IF(OR(AND(G59="A",L59=N59),AND(G59="B",M59=N59)),1,0)))) -> 0
A60: V09 | B60: 6 | C60: 7 | D60: Images | E60: A | F60: A | G60: A | H60: =SUM(COUNTIF(E60:G60,"A"),COUNTIF(E60:G60,"B"),COUNTIF(E60:G60,"Same"),COUNTIF(E60:G60,"Not sure")) -> 3 | I60: =Participants!H15 -> Include | J60: images | K60: pwtz9q7kmsh | L60: Gemini 2.5 Flash | M60: Gemini 3.5 Flash Lite | N60: Gemini 2.5 Flash | O60: Gemini 3.5 Flash Lite | P60: =IF(I60<>"Include","",IF(E60="Not sure","",IF(E60="Same",0.5,IF(OR(AND(E60="A",L60=N60),AND(E60="B",M60=N60)),1,0)))) -> 1 | Q60: =IF(I60<>"Include","",IF(F60="Not sure","",IF(F60="Same",0.5,IF(OR(AND(F60="A",L60=N60),AND(F60="B",M60=N60)),1,0)))) -> 1 | R60: =IF(I60<>"Include","",IF(G60="Not sure","",IF(G60="Same",0.5,IF(OR(AND(G60="A",L60=N60),AND(G60="B",M60=N60)),1,0)))) -> 1
A61: V10 | B61: 1 | C61: 2 | D61: Images | E61: B | F61: A | G61: B | H61: =SUM(COUNTIF(E61:G61,"A"),COUNTIF(E61:G61,"B"),COUNTIF(E61:G61,"Same"),COUNTIF(E61:G61,"Not sure")) -> 3 | I61: =Participants!H16 -> Include | J61: images | K61: pskvetzh884 | L61: Gemini 3.5 Flash Lite | M61: Gemini 3.1 Flash Lite | N61: Gemini 3.1 Flash Lite | O61: Gemini 3.5 Flash Lite | P61: =IF(I61<>"Include","",IF(E61="Not sure","",IF(E61="Same",0.5,IF(OR(AND(E61="A",L61=N61),AND(E61="B",M61=N61)),1,0)))) -> 1 | Q61: =IF(I61<>"Include","",IF(F61="Not sure","",IF(F61="Same",0.5,IF(OR(AND(F61="A",L61=N61),AND(F61="B",M61=N61)),1,0)))) -> 0 | R61: =IF(I61<>"Include","",IF(G61="Not sure","",IF(G61="Same",0.5,IF(OR(AND(G61="A",L61=N61),AND(G61="B",M61=N61)),1,0)))) -> 1
A62: V10 | B62: 2 | C62: 3 | D62: Images | E62: B | F62: B | G62: B | H62: =SUM(COUNTIF(E62:G62,"A"),COUNTIF(E62:G62,"B"),COUNTIF(E62:G62,"Same"),COUNTIF(E62:G62,"Not sure")) -> 3 | I62: =Participants!H16 -> Include | J62: images | K62: pnez9yz55kd | L62: Gemini 3.5 Flash Lite | M62: GPT-5.6 Terra | N62: Gemini 3.5 Flash Lite | O62: GPT-5.6 Terra | P62: =IF(I62<>"Include","",IF(E62="Not sure","",IF(E62="Same",0.5,IF(OR(AND(E62="A",L62=N62),AND(E62="B",M62=N62)),1,0)))) -> 0 | Q62: =IF(I62<>"Include","",IF(F62="Not sure","",IF(F62="Same",0.5,IF(OR(AND(F62="A",L62=N62),AND(F62="B",M62=N62)),1,0)))) -> 0 | R62: =IF(I62<>"Include","",IF(G62="Not sure","",IF(G62="Same",0.5,IF(OR(AND(G62="A",L62=N62),AND(G62="B",M62=N62)),1,0)))) -> 0
A63: V10 | B63: 3 | C63: 4 | D63: Structure | E63: A | F63: A | G63: A | H63: =SUM(COUNTIF(E63:G63,"A"),COUNTIF(E63:G63,"B"),COUNTIF(E63:G63,"Same"),COUNTIF(E63:G63,"Not sure")) -> 3 | I63: =Participants!H16 -> Include | J63: structure | K63: py6qjxbzc6h | L63: Single-pass baseline | M63: Full Agora | N63: Full Agora | O63: Single-pass baseline | P63: =IF(I63<>"Include","",IF(E63="Not sure","",IF(E63="Same",0.5,IF(OR(AND(E63="A",L63=N63),AND(E63="B",M63=N63)),1,0)))) -> 0 | Q63: =IF(I63<>"Include","",IF(F63="Not sure","",IF(F63="Same",0.5,IF(OR(AND(F63="A",L63=N63),AND(F63="B",M63=N63)),1,0)))) -> 0 | R63: =IF(I63<>"Include","",IF(G63="Not sure","",IF(G63="Same",0.5,IF(OR(AND(G63="A",L63=N63),AND(G63="B",M63=N63)),1,0)))) -> 0
A64: V10 | B64: 4 | C64: 5 | D64: Images | E64: B | F64: A | G64: B | H64: =SUM(COUNTIF(E64:G64,"A"),COUNTIF(E64:G64,"B"),COUNTIF(E64:G64,"Same"),COUNTIF(E64:G64,"Not sure")) -> 3 | I64: =Participants!H16 -> Include | J64: images | K64: p3muu378r39 | L64: GPT-5.6 Sol | M64: Gemini 3.7 Flash | N64: Gemini 3.7 Flash | O64: GPT-5.6 Sol | P64: =IF(I64<>"Include","",IF(E64="Not sure","",IF(E64="Same",0.5,IF(OR(AND(E64="A",L64=N64),AND(E64="B",M64=N64)),1,0)))) -> 1 | Q64: =IF(I64<>"Include","",IF(F64="Not sure","",IF(F64="Same",0.5,IF(OR(AND(F64="A",L64=N64),AND(F64="B",M64=N64)),1,0)))) -> 0 | R64: =IF(I64<>"Include","",IF(G64="Not sure","",IF(G64="Same",0.5,IF(OR(AND(G64="A",L64=N64),AND(G64="B",M64=N64)),1,0)))) -> 1
A65: V10 | B65: 5 | C65: 6 | D65: Images | E65: A | F65: A | G65: A | H65: =SUM(COUNTIF(E65:G65,"A"),COUNTIF(E65:G65,"B"),COUNTIF(E65:G65,"Same"),COUNTIF(E65:G65,"Not sure")) -> 3 | I65: =Participants!H16 -> Include | J65: images | K65: p45p4mj42fh | L65: GPT-5.6 Terra | M65: Gemini 3.7 Flash | N65: Gemini 3.7 Flash | O65: GPT-5.6 Terra | P65: =IF(I65<>"Include","",IF(E65="Not sure","",IF(E65="Same",0.5,IF(OR(AND(E65="A",L65=N65),AND(E65="B",M65=N65)),1,0)))) -> 0 | Q65: =IF(I65<>"Include","",IF(F65="Not sure","",IF(F65="Same",0.5,IF(OR(AND(F65="A",L65=N65),AND(F65="B",M65=N65)),1,0)))) -> 0 | R65: =IF(I65<>"Include","",IF(G65="Not sure","",IF(G65="Same",0.5,IF(OR(AND(G65="A",L65=N65),AND(G65="B",M65=N65)),1,0)))) -> 0
A66: V10 | B66: 6 | C66: 7 | D66: Structure | E66: B | F66: B | G66: B | H66: =SUM(COUNTIF(E66:G66,"A"),COUNTIF(E66:G66,"B"),COUNTIF(E66:G66,"Same"),COUNTIF(E66:G66,"Not sure")) -> 3 | I66: =Participants!H16 -> Include | J66: structure | K66: pxy6w6bke2w | L66: Full Agora | M66: Single-pass baseline | N66: Full Agora | O66: Single-pass baseline | P66: =IF(I66<>"Include","",IF(E66="Not sure","",IF(E66="Same",0.5,IF(OR(AND(E66="A",L66=N66),AND(E66="B",M66=N66)),1,0)))) -> 0 | Q66: =IF(I66<>"Include","",IF(F66="Not sure","",IF(F66="Same",0.5,IF(OR(AND(F66="A",L66=N66),AND(F66="B",M66=N66)),1,0)))) -> 0 | R66: =IF(I66<>"Include","",IF(G66="Not sure","",IF(G66="Same",0.5,IF(OR(AND(G66="A",L66=N66),AND(G66="B",M66=N66)),1,0)))) -> 0
A67: V11 | B67: 1 | C67: 2 | D67: Images | E67: A | F67: B | G67: B | H67: =SUM(COUNTIF(E67:G67,"A"),COUNTIF(E67:G67,"B"),COUNTIF(E67:G67,"Same"),COUNTIF(E67:G67,"Not sure")) -> 3 | I67: =Participants!H17 -> Include | J67: images | K67: pskvetzh884 | L67: Gemini 3.1 Flash Lite | M67: Gemini 3.5 Flash Lite | N67: Gemini 3.1 Flash Lite | O67: Gemini 3.5 Flash Lite | P67: =IF(I67<>"Include","",IF(E67="Not sure","",IF(E67="Same",0.5,IF(OR(AND(E67="A",L67=N67),AND(E67="B",M67=N67)),1,0)))) -> 1 | Q67: =IF(I67<>"Include","",IF(F67="Not sure","",IF(F67="Same",0.5,IF(OR(AND(F67="A",L67=N67),AND(F67="B",M67=N67)),1,0)))) -> 0 | R67: =IF(I67<>"Include","",IF(G67="Not sure","",IF(G67="Same",0.5,IF(OR(AND(G67="A",L67=N67),AND(G67="B",M67=N67)),1,0)))) -> 0
A68: V11 | B68: 2 | C68: 3 | D68: Structure | E68: B | F68: B | G68: B | H68: =SUM(COUNTIF(E68:G68,"A"),COUNTIF(E68:G68,"B"),COUNTIF(E68:G68,"Same"),COUNTIF(E68:G68,"Not sure")) -> 3 | I68: =Participants!H17 -> Include | J68: structure | K68: py6qjxbzc6h | L68: Full Agora | M68: Single-pass baseline | N68: Full Agora | O68: Single-pass baseline | P68: =IF(I68<>"Include","",IF(E68="Not sure","",IF(E68="Same",0.5,IF(OR(AND(E68="A",L68=N68),AND(E68="B",M68=N68)),1,0)))) -> 0 | Q68: =IF(I68<>"Include","",IF(F68="Not sure","",IF(F68="Same",0.5,IF(OR(AND(F68="A",L68=N68),AND(F68="B",M68=N68)),1,0)))) -> 0 | R68: =IF(I68<>"Include","",IF(G68="Not sure","",IF(G68="Same",0.5,IF(OR(AND(G68="A",L68=N68),AND(G68="B",M68=N68)),1,0)))) -> 0
A69: V11 | B69: 3 | C69: 4 | D69: Images | E69: B | F69: B | G69: B | H69: =SUM(COUNTIF(E69:G69,"A"),COUNTIF(E69:G69,"B"),COUNTIF(E69:G69,"Same"),COUNTIF(E69:G69,"Not sure")) -> 3 | I69: =Participants!H17 -> Include | J69: images | K69: pqz6par2vck | L69: Gemini 3.1 Pro Preview | M69: GPT-5.6 Terra | N69: Gemini 3.1 Pro Preview | O69: GPT-5.6 Terra | P69: =IF(I69<>"Include","",IF(E69="Not sure","",IF(E69="Same",0.5,IF(OR(AND(E69="A",L69=N69),AND(E69="B",M69=N69)),1,0)))) -> 0 | Q69: =IF(I69<>"Include","",IF(F69="Not sure","",IF(F69="Same",0.5,IF(OR(AND(F69="A",L69=N69),AND(F69="B",M69=N69)),1,0)))) -> 0 | R69: =IF(I69<>"Include","",IF(G69="Not sure","",IF(G69="Same",0.5,IF(OR(AND(G69="A",L69=N69),AND(G69="B",M69=N69)),1,0)))) -> 0
A70: V11 | B70: 4 | C70: 5 | D70: Images | E70: A | F70: B | G70: A | H70: =SUM(COUNTIF(E70:G70,"A"),COUNTIF(E70:G70,"B"),COUNTIF(E70:G70,"Same"),COUNTIF(E70:G70,"Not sure")) -> 3 | I70: =Participants!H17 -> Include | J70: images | K70: p3muu378r39 | L70: Gemini 3.7 Flash | M70: GPT-5.6 Sol | N70: Gemini 3.7 Flash | O70: GPT-5.6 Sol | P70: =IF(I70<>"Include","",IF(E70="Not sure","",IF(E70="Same",0.5,IF(OR(AND(E70="A",L70=N70),AND(E70="B",M70=N70)),1,0)))) -> 1 | Q70: =IF(I70<>"Include","",IF(F70="Not sure","",IF(F70="Same",0.5,IF(OR(AND(F70="A",L70=N70),AND(F70="B",M70=N70)),1,0)))) -> 0 | R70: =IF(I70<>"Include","",IF(G70="Not sure","",IF(G70="Same",0.5,IF(OR(AND(G70="A",L70=N70),AND(G70="B",M70=N70)),1,0)))) -> 1
A71: V11 | B71: 5 | C71: 6 | D71: Structure | E71: A | F71: A | G71: A | H71: =SUM(COUNTIF(E71:G71,"A"),COUNTIF(E71:G71,"B"),COUNTIF(E71:G71,"Same"),COUNTIF(E71:G71,"Not sure")) -> 3 | I71: =Participants!H17 -> Include | J71: structure | K71: pgtsk9rzfxz | L71: Single-pass baseline | M71: Full Agora | N71: Full Agora | O71: Single-pass baseline | P71: =IF(I71<>"Include","",IF(E71="Not sure","",IF(E71="Same",0.5,IF(OR(AND(E71="A",L71=N71),AND(E71="B",M71=N71)),1,0)))) -> 0 | Q71: =IF(I71<>"Include","",IF(F71="Not sure","",IF(F71="Same",0.5,IF(OR(AND(F71="A",L71=N71),AND(F71="B",M71=N71)),1,0)))) -> 0 | R71: =IF(I71<>"Include","",IF(G71="Not sure","",IF(G71="Same",0.5,IF(OR(AND(G71="A",L71=N71),AND(G71="B",M71=N71)),1,0)))) -> 0
A72: V11 | B72: 6 | C72: 7 | D72: Images | E72: B | F72: B | G72: B | H72: =SUM(COUNTIF(E72:G72,"A"),COUNTIF(E72:G72,"B"),COUNTIF(E72:G72,"Same"),COUNTIF(E72:G72,"Not sure")) -> 3 | I72: =Participants!H17 -> Include | J72: images | K72: pqpfxmjtr95 | L72: Gemini 3.1 Flash Lite | M72: Gemini 2.5 Flash | N72: Gemini 2.5 Flash | O72: Gemini 3.1 Flash Lite | P72: =IF(I72<>"Include","",IF(E72="Not sure","",IF(E72="Same",0.5,IF(OR(AND(E72="A",L72=N72),AND(E72="B",M72=N72)),1,0)))) -> 1 | Q72: =IF(I72<>"Include","",IF(F72="Not sure","",IF(F72="Same",0.5,IF(OR(AND(F72="A",L72=N72),AND(F72="B",M72=N72)),1,0)))) -> 1 | R72: =IF(I72<>"Include","",IF(G72="Not sure","",IF(G72="Same",0.5,IF(OR(AND(G72="A",L72=N72),AND(G72="B",M72=N72)),1,0)))) -> 1

Sheet Image results
A1: Image results | Source 1 preference
A2: Only included participants are counted. Same is a half vote; Not sure is outside the preference denominator. These are fixed-artifact exploratory judgments, not a general ranking.
A6: Pair / scene | B6: Source 1 | C6: Source 2 | D6: Question | E6: Planned | F6: Included | G6: Judgeable | H6: Source 1 wins | I6: Same | J6: Source 2 wins | K6: Not sure | L6: Source 1 preference
A7: Promise city | B7: Gemini 3.7 Flash | C7: GPT-5.6 Sol | D7: Explore preference | E7: 2 | F7: =IF(Responses!I64="Include",1,0)+IF(Responses!I70="Include",1,0) -> 2 | G7: =IF(ISNUMBER(Responses!P64),1,0)+IF(ISNUMBER(Responses!P70),1,0) -> 2 | H7: =IF(AND(ISNUMBER(Responses!P64),Responses!P64=1),1,0)+IF(AND(ISNUMBER(Responses!P70),Responses!P70=1),1,0) -> 2 | I7: =IF(AND(ISNUMBER(Responses!P64),Responses!P64=0.5),1,0)+IF(AND(ISNUMBER(Responses!P70),Responses!P70=0.5),1,0) -> 0 | J7: =IF(AND(ISNUMBER(Responses!P64),Responses!P64=0),1,0)+IF(AND(ISNUMBER(Responses!P70),Responses!P70=0),1,0) -> 0 | K7: =F7-G7 -> 0 | L7: =IF(G7=0,"",(H7+I7*0.5)/G7) -> 1
A8: Promise city | B8: Gemini 3.7 Flash | C8: GPT-5.6 Sol | D8: Map readability | E8: 2 | F8: =IF(Responses!I64="Include",1,0)+IF(Responses!I70="Include",1,0) -> 2 | G8: =IF(ISNUMBER(Responses!Q64),1,0)+IF(ISNUMBER(Responses!Q70),1,0) -> 2 | H8: =IF(AND(ISNUMBER(Responses!Q64),Responses!Q64=1),1,0)+IF(AND(ISNUMBER(Responses!Q70),Responses!Q70=1),1,0) -> 0 | I8: =IF(AND(ISNUMBER(Responses!Q64),Responses!Q64=0.5),1,0)+IF(AND(ISNUMBER(Responses!Q70),Responses!Q70=0.5),1,0) -> 0 | J8: =IF(AND(ISNUMBER(Responses!Q64),Responses!Q64=0),1,0)+IF(AND(ISNUMBER(Responses!Q70),Responses!Q70=0),1,0) -> 2 | K8: =F8-G8 -> 0 | L8: =IF(G8=0,"",(H8+I8*0.5)/G8) -> 0
A9: Promise city | B9: Gemini 3.7 Flash | C9: GPT-5.6 Sol | D9: Character-world fit | E9: 2 | F9: =IF(Responses!I64="Include",1,0)+IF(Responses!I70="Include",1,0) -> 2 | G9: =IF(ISNUMBER(Responses!R64),1,0)+IF(ISNUMBER(Responses!R70),1,0) -> 2 | H9: =IF(AND(ISNUMBER(Responses!R64),Responses!R64=1),1,0)+IF(AND(ISNUMBER(Responses!R70),Responses!R70=1),1,0) -> 2 | I9: =IF(AND(ISNUMBER(Responses!R64),Responses!R64=0.5),1,0)+IF(AND(ISNUMBER(Responses!R70),Responses!R70=0.5),1,0) -> 0 | J9: =IF(AND(ISNUMBER(Responses!R64),Responses!R64=0),1,0)+IF(AND(ISNUMBER(Responses!R70),Responses!R70=0),1,0) -> 0 | K9: =F9-G9 -> 0 | L9: =IF(G9=0,"",(H9+I9*0.5)/G9) -> 1
A10: Promise city | B10: Gemini 3.1 Pro Preview | C10: Gemini 3.7 Flash | D10: Explore preference | E10: 2 | F10: =IF(Responses!I46="Include",1,0)+IF(Responses!I52="Include",1,0) -> 2 | G10: =IF(ISNUMBER(Responses!P46),1,0)+IF(ISNUMBER(Responses!P52),1,0) -> 2 | H10: =IF(AND(ISNUMBER(Responses!P46),Responses!P46=1),1,0)+IF(AND(ISNUMBER(Responses!P52),Responses!P52=1),1,0) -> 0 | I10: =IF(AND(ISNUMBER(Responses!P46),Responses!P46=0.5),1,0)+IF(AND(ISNUMBER(Responses!P52),Responses!P52=0.5),1,0) -> 0 | J10: =IF(AND(ISNUMBER(Responses!P46),Responses!P46=0),1,0)+IF(AND(ISNUMBER(Responses!P52),Responses!P52=0),1,0) -> 2 | K10: =F10-G10 -> 0 | L10: =IF(G10=0,"",(H10+I10*0.5)/G10) -> 0
A11: Promise city | B11: Gemini 3.1 Pro Preview | C11: Gemini 3.7 Flash | D11: Map readability | E11: 2 | F11: =IF(Responses!I46="Include",1,0)+IF(Responses!I52="Include",1,0) -> 2 | G11: =IF(ISNUMBER(Responses!Q46),1,0)+IF(ISNUMBER(Responses!Q52),1,0) -> 2 | H11: =IF(AND(ISNUMBER(Responses!Q46),Responses!Q46=1),1,0)+IF(AND(ISNUMBER(Responses!Q52),Responses!Q52=1),1,0) -> 0 | I11: =IF(AND(ISNUMBER(Responses!Q46),Responses!Q46=0.5),1,0)+IF(AND(ISNUMBER(Responses!Q52),Responses!Q52=0.5),1,0) -> 0 | J11: =IF(AND(ISNUMBER(Responses!Q46),Responses!Q46=0),1,0)+IF(AND(ISNUMBER(Responses!Q52),Responses!Q52=0),1,0) -> 2 | K11: =F11-G11 -> 0 | L11: =IF(G11=0,"",(H11+I11*0.5)/G11) -> 0
A12: Promise city | B12: Gemini 3.1 Pro Preview | C12: Gemini 3.7 Flash | D12: Character-world fit | E12: 2 | F12: =IF(Responses!I46="Include",1,0)+IF(Responses!I52="Include",1,0) -> 2 | G12: =IF(ISNUMBER(Responses!R46),1,0)+IF(ISNUMBER(Responses!R52),1,0) -> 2 | H12: =IF(AND(ISNUMBER(Responses!R46),Responses!R46=1),1,0)+IF(AND(ISNUMBER(Responses!R52),Responses!R52=1),1,0) -> 1 | I12: =IF(AND(ISNUMBER(Responses!R46),Responses!R46=0.5),1,0)+IF(AND(ISNUMBER(Responses!R52),Responses!R52=0.5),1,0) -> 0 | J12: =IF(AND(ISNUMBER(Responses!R46),Responses!R46=0),1,0)+IF(AND(ISNUMBER(Responses!R52),Responses!R52=0),1,0) -> 1 | K12: =F12-G12 -> 0 | L12: =IF(G12=0,"",(H12+I12*0.5)/G12) -> 0.5
A13: Promise city | B13: Gemini 3.7 Flash | C13: GPT-5.6 Terra | D13: Explore preference | E13: 2 | F13: =IF(Responses!I57="Include",1,0)+IF(Responses!I65="Include",1,0) -> 2 | G13: =IF(ISNUMBER(Responses!P57),1,0)+IF(ISNUMBER(Responses!P65),1,0) -> 2 | H13: =IF(AND(ISNUMBER(Responses!P57),Responses!P57=1),1,0)+IF(AND(ISNUMBER(Responses!P65),Responses!P65=1),1,0) -> 0 | I13: =IF(AND(ISNUMBER(Responses!P57),Responses!P57=0.5),1,0)+IF(AND(ISNUMBER(Responses!P65),Responses!P65=0.5),1,0) -> 0 | J13: =IF(AND(ISNUMBER(Responses!P57),Responses!P57=0),1,0)+IF(AND(ISNUMBER(Responses!P65),Responses!P65=0),1,0) -> 2 | K13: =F13-G13 -> 0 | L13: =IF(G13=0,"",(H13+I13*0.5)/G13) -> 0
A14: Promise city | B14: Gemini 3.7 Flash | C14: GPT-5.6 Terra | D14: Map readability | E14: 2 | F14: =IF(Responses!I57="Include",1,0)+IF(Responses!I65="Include",1,0) -> 2 | G14: =IF(ISNUMBER(Responses!Q57),1,0)+IF(ISNUMBER(Responses!Q65),1,0) -> 2 | H14: =IF(AND(ISNUMBER(Responses!Q57),Responses!Q57=1),1,0)+IF(AND(ISNUMBER(Responses!Q65),Responses!Q65=1),1,0) -> 0 | I14: =IF(AND(ISNUMBER(Responses!Q57),Responses!Q57=0.5),1,0)+IF(AND(ISNUMBER(Responses!Q65),Responses!Q65=0.5),1,0) -> 0 | J14: =IF(AND(ISNUMBER(Responses!Q57),Responses!Q57=0),1,0)+IF(AND(ISNUMBER(Responses!Q65),Responses!Q65=0),1,0) -> 2 | K14: =F14-G14 -> 0 | L14: =IF(G14=0,"",(H14+I14*0.5)/G14) -> 0
A15: Promise city | B15: Gemini 3.7 Flash | C15: GPT-5.6 Terra | D15: Character-world fit | E15: 2 | F15: =IF(Responses!I57="Include",1,0)+IF(Responses!I65="Include",1,0) -> 2 | G15: =IF(ISNUMBER(Responses!R57),1,0)+IF(ISNUMBER(Responses!R65),1,0) -> 2 | H15: =IF(AND(ISNUMBER(Responses!R57),Responses!R57=1),1,0)+IF(AND(ISNUMBER(Responses!R65),Responses!R65=1),1,0) -> 0 | I15: =IF(AND(ISNUMBER(Responses!R57),Responses!R57=0.5),1,0)+IF(AND(ISNUMBER(Responses!R65),Responses!R65=0.5),1,0) -> 0 | J15: =IF(AND(ISNUMBER(Responses!R57),Responses!R57=0),1,0)+IF(AND(ISNUMBER(Responses!R65),Responses!R65=0),1,0) -> 2 | K15: =F15-G15 -> 0 | L15: =IF(G15=0,"",(H15+I15*0.5)/G15) -> 0
A16: Promise city | B16: Gemini 2.5 Flash | C16: Gemini 3.1 Pro Preview | D16: Explore preference | E16: 2 | F16: =IF(Responses!I21="Include",1,0)+IF(Responses!I28="Include",1,0) -> 1 | G16: =IF(ISNUMBER(Responses!P21),1,0)+IF(ISNUMBER(Responses!P28),1,0) -> 1 | H16: =IF(AND(ISNUMBER(Responses!P21),Responses!P21=1),1,0)+IF(AND(ISNUMBER(Responses!P28),Responses!P28=1),1,0) -> 1 | I16: =IF(AND(ISNUMBER(Responses!P21),Responses!P21=0.5),1,0)+IF(AND(ISNUMBER(Responses!P28),Responses!P28=0.5),1,0) -> 0 | J16: =IF(AND(ISNUMBER(Responses!P21),Responses!P21=0),1,0)+IF(AND(ISNUMBER(Responses!P28),Responses!P28=0),1,0) -> 0 | K16: =F16-G16 -> 0 | L16: =IF(G16=0,"",(H16+I16*0.5)/G16) -> 1
A17: Promise city | B17: Gemini 2.5 Flash | C17: Gemini 3.1 Pro Preview | D17: Map readability | E17: 2 | F17: =IF(Responses!I21="Include",1,0)+IF(Responses!I28="Include",1,0) -> 1 | G17: =IF(ISNUMBER(Responses!Q21),1,0)+IF(ISNUMBER(Responses!Q28),1,0) -> 1 | H17: =IF(AND(ISNUMBER(Responses!Q21),Responses!Q21=1),1,0)+IF(AND(ISNUMBER(Responses!Q28),Responses!Q28=1),1,0) -> 0 | I17: =IF(AND(ISNUMBER(Responses!Q21),Responses!Q21=0.5),1,0)+IF(AND(ISNUMBER(Responses!Q28),Responses!Q28=0.5),1,0) -> 0 | J17: =IF(AND(ISNUMBER(Responses!Q21),Responses!Q21=0),1,0)+IF(AND(ISNUMBER(Responses!Q28),Responses!Q28=0),1,0) -> 1 | K17: =F17-G17 -> 0 | L17: =IF(G17=0,"",(H17+I17*0.5)/G17) -> 0
A18: Promise city | B18: Gemini 2.5 Flash | C18: Gemini 3.1 Pro Preview | D18: Character-world fit | E18: 2 | F18: =IF(Responses!I21="Include",1,0)+IF(Responses!I28="Include",1,0) -> 1 | G18: =IF(ISNUMBER(Responses!R21),1,0)+IF(ISNUMBER(Responses!R28),1,0) -> 1 | H18: =IF(AND(ISNUMBER(Responses!R21),Responses!R21=1),1,0)+IF(AND(ISNUMBER(Responses!R28),Responses!R28=1),1,0) -> 1 | I18: =IF(AND(ISNUMBER(Responses!R21),Responses!R21=0.5),1,0)+IF(AND(ISNUMBER(Responses!R28),Responses!R28=0.5),1,0) -> 0 | J18: =IF(AND(ISNUMBER(Responses!R21),Responses!R21=0),1,0)+IF(AND(ISNUMBER(Responses!R28),Responses!R28=0),1,0) -> 0 | K18: =F18-G18 -> 0 | L18: =IF(G18=0,"",(H18+I18*0.5)/G18) -> 1
A19: Promise city | B19: Gemini 3.5 Flash Lite | C19: GPT-5.6 Sol | D19: Explore preference | E19: 2 | F19: =IF(Responses!I13="Include",1,0)+IF(Responses!I20="Include",1,0) -> 2 | G19: =IF(ISNUMBER(Responses!P13),1,0)+IF(ISNUMBER(Responses!P20),1,0) -> 2 | H19: =IF(AND(ISNUMBER(Responses!P13),Responses!P13=1),1,0)+IF(AND(ISNUMBER(Responses!P20),Responses!P20=1),1,0) -> 2 | I19: =IF(AND(ISNUMBER(Responses!P13),Responses!P13=0.5),1,0)+IF(AND(ISNUMBER(Responses!P20),Responses!P20=0.5),1,0) -> 0 | J19: =IF(AND(ISNUMBER(Responses!P13),Responses!P13=0),1,0)+IF(AND(ISNUMBER(Responses!P20),Responses!P20=0),1,0) -> 0 | K19: =F19-G19 -> 0 | L19: =IF(G19=0,"",(H19+I19*0.5)/G19) -> 1
A20: Promise city | B20: Gemini 3.5 Flash Lite | C20: GPT-5.6 Sol | D20: Map readability | E20: 2 | F20: =IF(Responses!I13="Include",1,0)+IF(Responses!I20="Include",1,0) -> 2 | G20: =IF(ISNUMBER(Responses!Q13),1,0)+IF(ISNUMBER(Responses!Q20),1,0) -> 2 | H20: =IF(AND(ISNUMBER(Responses!Q13),Responses!Q13=1),1,0)+IF(AND(ISNUMBER(Responses!Q20),Responses!Q20=1),1,0) -> 0 | I20: =IF(AND(ISNUMBER(Responses!Q13),Responses!Q13=0.5),1,0)+IF(AND(ISNUMBER(Responses!Q20),Responses!Q20=0.5),1,0) -> 0 | J20: =IF(AND(ISNUMBER(Responses!Q13),Responses!Q13=0),1,0)+IF(AND(ISNUMBER(Responses!Q20),Responses!Q20=0),1,0) -> 2 | K20: =F20-G20 -> 0 | L20: =IF(G20=0,"",(H20+I20*0.5)/G20) -> 0
A21: Promise city | B21: Gemini 3.5 Flash Lite | C21: GPT-5.6 Sol | D21: Character-world fit | E21: 2 | F21: =IF(Responses!I13="Include",1,0)+IF(Responses!I20="Include",1,0) -> 2 | G21: =IF(ISNUMBER(Responses!R13),1,0)+IF(ISNUMBER(Responses!R20),1,0) -> 2 | H21: =IF(AND(ISNUMBER(Responses!R13),Responses!R13=1),1,0)+IF(AND(ISNUMBER(Responses!R20),Responses!R20=1),1,0) -> 2 | I21: =IF(AND(ISNUMBER(Responses!R13),Responses!R13=0.5),1,0)+IF(AND(ISNUMBER(Responses!R20),Responses!R20=0.5),1,0) -> 0 | J21: =IF(AND(ISNUMBER(Responses!R13),Responses!R13=0),1,0)+IF(AND(ISNUMBER(Responses!R20),Responses!R20=0),1,0) -> 0 | K21: =F21-G21 -> 0 | L21: =IF(G21=0,"",(H21+I21*0.5)/G21) -> 1
A22: Promise city | B22: Gemini 3.5 Flash Lite | C22: Gemini 3.7 Flash | D22: Explore preference | E22: 2 | F22: =IF(Responses!I18="Include",1,0)+IF(Responses!I24="Include",1,0) -> 2 | G22: =IF(ISNUMBER(Responses!P18),1,0)+IF(ISNUMBER(Responses!P24),1,0) -> 2 | H22: =IF(AND(ISNUMBER(Responses!P18),Responses!P18=1),1,0)+IF(AND(ISNUMBER(Responses!P24),Responses!P24=1),1,0) -> 1 | I22: =IF(AND(ISNUMBER(Responses!P18),Responses!P18=0.5),1,0)+IF(AND(ISNUMBER(Responses!P24),Responses!P24=0.5),1,0) -> 0 | J22: =IF(AND(ISNUMBER(Responses!P18),Responses!P18=0),1,0)+IF(AND(ISNUMBER(Responses!P24),Responses!P24=0),1,0) -> 1 | K22: =F22-G22 -> 0 | L22: =IF(G22=0,"",(H22+I22*0.5)/G22) -> 0.5
A23: Promise city | B23: Gemini 3.5 Flash Lite | C23: Gemini 3.7 Flash | D23: Map readability | E23: 2 | F23: =IF(Responses!I18="Include",1,0)+IF(Responses!I24="Include",1,0) -> 2 | G23: =IF(ISNUMBER(Responses!Q18),1,0)+IF(ISNUMBER(Responses!Q24),1,0) -> 2 | H23: =IF(AND(ISNUMBER(Responses!Q18),Responses!Q18=1),1,0)+IF(AND(ISNUMBER(Responses!Q24),Responses!Q24=1),1,0) -> 0 | I23: =IF(AND(ISNUMBER(Responses!Q18),Responses!Q18=0.5),1,0)+IF(AND(ISNUMBER(Responses!Q24),Responses!Q24=0.5),1,0) -> 0 | J23: =IF(AND(ISNUMBER(Responses!Q18),Responses!Q18=0),1,0)+IF(AND(ISNUMBER(Responses!Q24),Responses!Q24=0),1,0) -> 2 | K23: =F23-G23 -> 0 | L23: =IF(G23=0,"",(H23+I23*0.5)/G23) -> 0
A24: Promise city | B24: Gemini 3.5 Flash Lite | C24: Gemini 3.7 Flash | D24: Character-world fit | E24: 2 | F24: =IF(Responses!I18="Include",1,0)+IF(Responses!I24="Include",1,0) -> 2 | G24: =IF(ISNUMBER(Responses!R18),1,0)+IF(ISNUMBER(Responses!R24),1,0) -> 2 | H24: =IF(AND(ISNUMBER(Responses!R18),Responses!R18=1),1,0)+IF(AND(ISNUMBER(Responses!R24),Responses!R24=1),1,0) -> 1 | I24: =IF(AND(ISNUMBER(Responses!R18),Responses!R18=0.5),1,0)+IF(AND(ISNUMBER(Responses!R24),Responses!R24=0.5),1,0) -> 0 | J24: =IF(AND(ISNUMBER(Responses!R18),Responses!R18=0),1,0)+IF(AND(ISNUMBER(Responses!R24),Responses!R24=0),1,0) -> 1 | K24: =F24-G24 -> 0 | L24: =IF(G24=0,"",(H24+I24*0.5)/G24) -> 0.5
A25: Promise city | B25: Gemini 2.5 Flash | C25: Gemini 3.7 Flash | D25: Explore preference | E25: 2 | F25: =IF(Responses!I29="Include",1,0)+IF(Responses!I34="Include",1,0) -> 1 | G25: =IF(ISNUMBER(Responses!P29),1,0)+IF(ISNUMBER(Responses!P34),1,0) -> 1 | H25: =IF(AND(ISNUMBER(Responses!P29),Responses!P29=1),1,0)+IF(AND(ISNUMBER(Responses!P34),Responses!P34=1),1,0) -> 1 | I25: =IF(AND(ISNUMBER(Responses!P29),Responses!P29=0.5),1,0)+IF(AND(ISNUMBER(Responses!P34),Responses!P34=0.5),1,0) -> 0 | J25: =IF(AND(ISNUMBER(Responses!P29),Responses!P29=0),1,0)+IF(AND(ISNUMBER(Responses!P34),Responses!P34=0),1,0) -> 0 | K25: =F25-G25 -> 0 | L25: =IF(G25=0,"",(H25+I25*0.5)/G25) -> 1
A26: Promise city | B26: Gemini 2.5 Flash | C26: Gemini 3.7 Flash | D26: Map readability | E26: 2 | F26: =IF(Responses!I29="Include",1,0)+IF(Responses!I34="Include",1,0) -> 1 | G26: =IF(ISNUMBER(Responses!Q29),1,0)+IF(ISNUMBER(Responses!Q34),1,0) -> 1 | H26: =IF(AND(ISNUMBER(Responses!Q29),Responses!Q29=1),1,0)+IF(AND(ISNUMBER(Responses!Q34),Responses!Q34=1),1,0) -> 1 | I26: =IF(AND(ISNUMBER(Responses!Q29),Responses!Q29=0.5),1,0)+IF(AND(ISNUMBER(Responses!Q34),Responses!Q34=0.5),1,0) -> 0 | J26: =IF(AND(ISNUMBER(Responses!Q29),Responses!Q29=0),1,0)+IF(AND(ISNUMBER(Responses!Q34),Responses!Q34=0),1,0) -> 0 | K26: =F26-G26 -> 0 | L26: =IF(G26=0,"",(H26+I26*0.5)/G26) -> 1
A27: Promise city | B27: Gemini 2.5 Flash | C27: Gemini 3.7 Flash | D27: Character-world fit | E27: 2 | F27: =IF(Responses!I29="Include",1,0)+IF(Responses!I34="Include",1,0) -> 1 | G27: =IF(ISNUMBER(Responses!R29),1,0)+IF(ISNUMBER(Responses!R34),1,0) -> 1 | H27: =IF(AND(ISNUMBER(Responses!R29),Responses!R29=1),1,0)+IF(AND(ISNUMBER(Responses!R34),Responses!R34=1),1,0) -> 1 | I27: =IF(AND(ISNUMBER(Responses!R29),Responses!R29=0.5),1,0)+IF(AND(ISNUMBER(Responses!R34),Responses!R34=0.5),1,0) -> 0 | J27: =IF(AND(ISNUMBER(Responses!R29),Responses!R29=0),1,0)+IF(AND(ISNUMBER(Responses!R34),Responses!R34=0),1,0) -> 0 | K27: =F27-G27 -> 0 | L27: =IF(G27=0,"",(H27+I27*0.5)/G27) -> 1
A28: Promise city | B28: Gemini 3.1 Pro Preview | C28: Gemini 3.5 Flash Lite | D28: Explore preference | E28: 2 | F28: =IF(Responses!I36="Include",1,0)+IF(Responses!I38="Include",1,0) -> 2 | G28: =IF(ISNUMBER(Responses!P36),1,0)+IF(ISNUMBER(Responses!P38),1,0) -> 2 | H28: =IF(AND(ISNUMBER(Responses!P36),Responses!P36=1),1,0)+IF(AND(ISNUMBER(Responses!P38),Responses!P38=1),1,0) -> 1 | I28: =IF(AND(ISNUMBER(Responses!P36),Responses!P36=0.5),1,0)+IF(AND(ISNUMBER(Responses!P38),Responses!P38=0.5),1,0) -> 0 | J28: =IF(AND(ISNUMBER(Responses!P36),Responses!P36=0),1,0)+IF(AND(ISNUMBER(Responses!P38),Responses!P38=0),1,0) -> 1 | K28: =F28-G28 -> 0 | L28: =IF(G28=0,"",(H28+I28*0.5)/G28) -> 0.5
A29: Promise city | B29: Gemini 3.1 Pro Preview | C29: Gemini 3.5 Flash Lite | D29: Map readability | E29: 2 | F29: =IF(Responses!I36="Include",1,0)+IF(Responses!I38="Include",1,0) -> 2 | G29: =IF(ISNUMBER(Responses!Q36),1,0)+IF(ISNUMBER(Responses!Q38),1,0) -> 2 | H29: =IF(AND(ISNUMBER(Responses!Q36),Responses!Q36=1),1,0)+IF(AND(ISNUMBER(Responses!Q38),Responses!Q38=1),1,0) -> 2 | I29: =IF(AND(ISNUMBER(Responses!Q36),Responses!Q36=0.5),1,0)+IF(AND(ISNUMBER(Responses!Q38),Responses!Q38=0.5),1,0) -> 0 | J29: =IF(AND(ISNUMBER(Responses!Q36),Responses!Q36=0),1,0)+IF(AND(ISNUMBER(Responses!Q38),Responses!Q38=0),1,0) -> 0 | K29: =F29-G29 -> 0 | L29: =IF(G29=0,"",(H29+I29*0.5)/G29) -> 1
A30: Promise city | B30: Gemini 3.1 Pro Preview | C30: Gemini 3.5 Flash Lite | D30: Character-world fit | E30: 2 | F30: =IF(Responses!I36="Include",1,0)+IF(Responses!I38="Include",1,0) -> 2 | G30: =IF(ISNUMBER(Responses!R36),1,0)+IF(ISNUMBER(Responses!R38),1,0) -> 2 | H30: =IF(AND(ISNUMBER(Responses!R36),Responses!R36=1),1,0)+IF(AND(ISNUMBER(Responses!R38),Responses!R38=1),1,0) -> 1 | I30: =IF(AND(ISNUMBER(Responses!R36),Responses!R36=0.5),1,0)+IF(AND(ISNUMBER(Responses!R38),Responses!R38=0.5),1,0) -> 1 | J30: =IF(AND(ISNUMBER(Responses!R36),Responses!R36=0),1,0)+IF(AND(ISNUMBER(Responses!R38),Responses!R38=0),1,0) -> 0 | K30: =F30-G30 -> 0 | L30: =IF(G30=0,"",(H30+I30*0.5)/G30) -> 0.75
A31: Promise city | B31: Gemini 2.5 Flash | C31: GPT-5.6 Sol | D31: Explore preference | E31: 2 | F31: =IF(Responses!I10="Include",1,0)+IF(Responses!I15="Include",1,0) -> 2 | G31: =IF(ISNUMBER(Responses!P10),1,0)+IF(ISNUMBER(Responses!P15),1,0) -> 2 | H31: =IF(AND(ISNUMBER(Responses!P10),Responses!P10=1),1,0)+IF(AND(ISNUMBER(Responses!P15),Responses!P15=1),1,0) -> 1 | I31: =IF(AND(ISNUMBER(Responses!P10),Responses!P10=0.5),1,0)+IF(AND(ISNUMBER(Responses!P15),Responses!P15=0.5),1,0) -> 0 | J31: =IF(AND(ISNUMBER(Responses!P10),Responses!P10=0),1,0)+IF(AND(ISNUMBER(Responses!P15),Responses!P15=0),1,0) -> 1 | K31: =F31-G31 -> 0 | L31: =IF(G31=0,"",(H31+I31*0.5)/G31) -> 0.5
A32: Promise city | B32: Gemini 2.5 Flash | C32: GPT-5.6 Sol | D32: Map readability | E32: 2 | F32: =IF(Responses!I10="Include",1,0)+IF(Responses!I15="Include",1,0) -> 2 | G32: =IF(ISNUMBER(Responses!Q10),1,0)+IF(ISNUMBER(Responses!Q15),1,0) -> 2 | H32: =IF(AND(ISNUMBER(Responses!Q10),Responses!Q10=1),1,0)+IF(AND(ISNUMBER(Responses!Q15),Responses!Q15=1),1,0) -> 1 | I32: =IF(AND(ISNUMBER(Responses!Q10),Responses!Q10=0.5),1,0)+IF(AND(ISNUMBER(Responses!Q15),Responses!Q15=0.5),1,0) -> 0 | J32: =IF(AND(ISNUMBER(Responses!Q10),Responses!Q10=0),1,0)+IF(AND(ISNUMBER(Responses!Q15),Responses!Q15=0),1,0) -> 1 | K32: =F32-G32 -> 0 | L32: =IF(G32=0,"",(H32+I32*0.5)/G32) -> 0.5
A33: Promise city | B33: Gemini 2.5 Flash | C33: GPT-5.6 Sol | D33: Character-world fit | E33: 2 | F33: =IF(Responses!I10="Include",1,0)+IF(Responses!I15="Include",1,0) -> 2 | G33: =IF(ISNUMBER(Responses!R10),1,0)+IF(ISNUMBER(Responses!R15),1,0) -> 2 | H33: =IF(AND(ISNUMBER(Responses!R10),Responses!R10=1),1,0)+IF(AND(ISNUMBER(Responses!R15),Responses!R15=1),1,0) -> 1 | I33: =IF(AND(ISNUMBER(Responses!R10),Responses!R10=0.5),1,0)+IF(AND(ISNUMBER(Responses!R15),Responses!R15=0.5),1,0) -> 0 | J33: =IF(AND(ISNUMBER(Responses!R10),Responses!R10=0),1,0)+IF(AND(ISNUMBER(Responses!R15),Responses!R15=0),1,0) -> 1 | K33: =F33-G33 -> 0 | L33: =IF(G33=0,"",(H33+I33*0.5)/G33) -> 0.5
A34: Promise city | B34: Gemini 3.1 Flash Lite | C34: Gemini 3.1 Pro Preview | D34: Explore preference | E34: 2 | F34: =IF(Responses!I31="Include",1,0)+IF(Responses!I41="Include",1,0) -> 2 | G34: =IF(ISNUMBER(Responses!P31),1,0)+IF(ISNUMBER(Responses!P41),1,0) -> 2 | H34: =IF(AND(ISNUMBER(Responses!P31),Responses!P31=1),1,0)+IF(AND(ISNUMBER(Responses!P41),Responses!P41=1),1,0) -> 1 | I34: =IF(AND(ISNUMBER(Responses!P31),Responses!P31=0.5),1,0)+IF(AND(ISNUMBER(Responses!P41),Responses!P41=0.5),1,0) -> 0 | J34: =IF(AND(ISNUMBER(Responses!P31),Responses!P31=0),1,0)+IF(AND(ISNUMBER(Responses!P41),Responses!P41=0),1,0) -> 1 | K34: =F34-G34 -> 0 | L34: =IF(G34=0,"",(H34+I34*0.5)/G34) -> 0.5
A35: Promise city | B35: Gemini 3.1 Flash Lite | C35: Gemini 3.1 Pro Preview | D35: Map readability | E35: 2 | F35: =IF(Responses!I31="Include",1,0)+IF(Responses!I41="Include",1,0) -> 2 | G35: =IF(ISNUMBER(Responses!Q31),1,0)+IF(ISNUMBER(Responses!Q41),1,0) -> 2 | H35: =IF(AND(ISNUMBER(Responses!Q31),Responses!Q31=1),1,0)+IF(AND(ISNUMBER(Responses!Q41),Responses!Q41=1),1,0) -> 0 | I35: =IF(AND(ISNUMBER(Responses!Q31),Responses!Q31=0.5),1,0)+IF(AND(ISNUMBER(Responses!Q41),Responses!Q41=0.5),1,0) -> 1 | J35: =IF(AND(ISNUMBER(Responses!Q31),Responses!Q31=0),1,0)+IF(AND(ISNUMBER(Responses!Q41),Responses!Q41=0),1,0) -> 1 | K35: =F35-G35 -> 0 | L35: =IF(G35=0,"",(H35+I35*0.5)/G35) -> 0.25
A36: Promise city | B36: Gemini 3.1 Flash Lite | C36: Gemini 3.1 Pro Preview | D36: Character-world fit | E36: 2 | F36: =IF(Responses!I31="Include",1,0)+IF(Responses!I41="Include",1,0) -> 2 | G36: =IF(ISNUMBER(Responses!R31),1,0)+IF(ISNUMBER(Responses!R41),1,0) -> 2 | H36: =IF(AND(ISNUMBER(Responses!R31),Responses!R31=1),1,0)+IF(AND(ISNUMBER(Responses!R41),Responses!R41=1),1,0) -> 1 | I36: =IF(AND(ISNUMBER(Responses!R31),Responses!R31=0.5),1,0)+IF(AND(ISNUMBER(Responses!R41),Responses!R41=0.5),1,0) -> 0 | J36: =IF(AND(ISNUMBER(Responses!R31),Responses!R31=0),1,0)+IF(AND(ISNUMBER(Responses!R41),Responses!R41=0),1,0) -> 1 | K36: =F36-G36 -> 0 | L36: =IF(G36=0,"",(H36+I36*0.5)/G36) -> 0.5
A37: Promise city | B37: Gemini 3.1 Flash Lite | C37: Gemini 3.7 Flash | D37: Explore preference | E37: 2 | F37: =IF(Responses!I39="Include",1,0)+IF(Responses!I43="Include",1,0) -> 2 | G37: =IF(ISNUMBER(Responses!P39),1,0)+IF(ISNUMBER(Responses!P43),1,0) -> 2 | H37: =IF(AND(ISNUMBER(Responses!P39),Responses!P39=1),1,0)+IF(AND(ISNUMBER(Responses!P43),Responses!P43=1),1,0) -> 2 | I37: =IF(AND(ISNUMBER(Responses!P39),Responses!P39=0.5),1,0)+IF(AND(ISNUMBER(Responses!P43),Responses!P43=0.5),1,0) -> 0 | J37: =IF(AND(ISNUMBER(Responses!P39),Responses!P39=0),1,0)+IF(AND(ISNUMBER(Responses!P43),Responses!P43=0),1,0) -> 0 | K37: =F37-G37 -> 0 | L37: =IF(G37=0,"",(H37+I37*0.5)/G37) -> 1
A38: Promise city | B38: Gemini 3.1 Flash Lite | C38: Gemini 3.7 Flash | D38: Map readability | E38: 2 | F38: =IF(Responses!I39="Include",1,0)+IF(Responses!I43="Include",1,0) -> 2 | G38: =IF(ISNUMBER(Responses!Q39),1,0)+IF(ISNUMBER(Responses!Q43),1,0) -> 2 | H38: =IF(AND(ISNUMBER(Responses!Q39),Responses!Q39=1),1,0)+IF(AND(ISNUMBER(Responses!Q43),Responses!Q43=1),1,0) -> 0 | I38: =IF(AND(ISNUMBER(Responses!Q39),Responses!Q39=0.5),1,0)+IF(AND(ISNUMBER(Responses!Q43),Responses!Q43=0.5),1,0) -> 0 | J38: =IF(AND(ISNUMBER(Responses!Q39),Responses!Q39=0),1,0)+IF(AND(ISNUMBER(Responses!Q43),Responses!Q43=0),1,0) -> 2 | K38: =F38-G38 -> 0 | L38: =IF(G38=0,"",(H38+I38*0.5)/G38) -> 0
A39: Promise city | B39: Gemini 3.1 Flash Lite | C39: Gemini 3.7 Flash | D39: Character-world fit | E39: 2 | F39: =IF(Responses!I39="Include",1,0)+IF(Responses!I43="Include",1,0) -> 2 | G39: =IF(ISNUMBER(Responses!R39),1,0)+IF(ISNUMBER(Responses!R43),1,0) -> 2 | H39: =IF(AND(ISNUMBER(Responses!R39),Responses!R39=1),1,0)+IF(AND(ISNUMBER(Responses!R43),Responses!R43=1),1,0) -> 1 | I39: =IF(AND(ISNUMBER(Responses!R39),Responses!R39=0.5),1,0)+IF(AND(ISNUMBER(Responses!R43),Responses!R43=0.5),1,0) -> 0 | J39: =IF(AND(ISNUMBER(Responses!R39),Responses!R39=0),1,0)+IF(AND(ISNUMBER(Responses!R43),Responses!R43=0),1,0) -> 1 | K39: =F39-G39 -> 0 | L39: =IF(G39=0,"",(H39+I39*0.5)/G39) -> 0.5
A40: Promise city | B40: Gemini 3.5 Flash Lite | C40: GPT-5.6 Terra | D40: Explore preference | E40: 4 | F40: =IF(Responses!I42="Include",1,0)+IF(Responses!I47="Include",1,0)+IF(Responses!I59="Include",1,0)+IF(Responses!I62="Include",1,0) -> 4 | G40: =IF(ISNUMBER(Responses!P42),1,0)+IF(ISNUMBER(Responses!P47),1,0)+IF(ISNUMBER(Responses!P59),1,0)+IF(ISNUMBER(Responses!P62),1,0) -> 4 | H40: =IF(AND(ISNUMBER(Responses!P42),Responses!P42=1),1,0)+IF(AND(ISNUMBER(Responses!P47),Responses!P47=1),1,0)+IF(AND(ISNUMBER(Responses!P59),Responses!P59=1),1,0)+IF(AND(ISNUMBER(Responses!P62),Responses!P62=1),1,0) -> 2 | I40: =IF(AND(ISNUMBER(Responses!P42),Responses!P42=0.5),1,0)+IF(AND(ISNUMBER(Responses!P47),Responses!P47=0.5),1,0)+IF(AND(ISNUMBER(Responses!P59),Responses!P59=0.5),1,0)+IF(AND(ISNUMBER(Responses!P62),Responses!P62=0.5),1,0) -> 0 | J40: =IF(AND(ISNUMBER(Responses!P42),Responses!P42=0),1,0)+IF(AND(ISNUMBER(Responses!P47),Responses!P47=0),1,0)+IF(AND(ISNUMBER(Responses!P59),Responses!P59=0),1,0)+IF(AND(ISNUMBER(Responses!P62),Responses!P62=0),1,0) -> 2 | K40: =F40-G40 -> 0 | L40: =IF(G40=0,"",(H40+I40*0.5)/G40) -> 0.5
A41: Promise city | B41: Gemini 3.5 Flash Lite | C41: GPT-5.6 Terra | D41: Map readability | E41: 4 | F41: =IF(Responses!I42="Include",1,0)+IF(Responses!I47="Include",1,0)+IF(Responses!I59="Include",1,0)+IF(Responses!I62="Include",1,0) -> 4 | G41: =IF(ISNUMBER(Responses!Q42),1,0)+IF(ISNUMBER(Responses!Q47),1,0)+IF(ISNUMBER(Responses!Q59),1,0)+IF(ISNUMBER(Responses!Q62),1,0) -> 4 | H41: =IF(AND(ISNUMBER(Responses!Q42),Responses!Q42=1),1,0)+IF(AND(ISNUMBER(Responses!Q47),Responses!Q47=1),1,0)+IF(AND(ISNUMBER(Responses!Q59),Responses!Q59=1),1,0)+IF(AND(ISNUMBER(Responses!Q62),Responses!Q62=1),1,0) -> 0 | I41: =IF(AND(ISNUMBER(Responses!Q42),Responses!Q42=0.5),1,0)+IF(AND(ISNUMBER(Responses!Q47),Responses!Q47=0.5),1,0)+IF(AND(ISNUMBER(Responses!Q59),Responses!Q59=0.5),1,0)+IF(AND(ISNUMBER(Responses!Q62),Responses!Q62=0.5),1,0) -> 0 | J41: =IF(AND(ISNUMBER(Responses!Q42),Responses!Q42=0),1,0)+IF(AND(ISNUMBER(Responses!Q47),Responses!Q47=0),1,0)+IF(AND(ISNUMBER(Responses!Q59),Responses!Q59=0),1,0)+IF(AND(ISNUMBER(Responses!Q62),Responses!Q62=0),1,0) -> 4 | K41: =F41-G41 -> 0 | L41: =IF(G41=0,"",(H41+I41*0.5)/G41) -> 0
A42: Promise city | B42: Gemini 3.5 Flash Lite | C42: GPT-5.6 Terra | D42: Character-world fit | E42: 4 | F42: =IF(Responses!I42="Include",1,0)+IF(Responses!I47="Include",1,0)+IF(Responses!I59="Include",1,0)+IF(Responses!I62="Include",1,0) -> 4 | G42: =IF(ISNUMBER(Responses!R42),1,0)+IF(ISNUMBER(Responses!R47),1,0)+IF(ISNUMBER(Responses!R59),1,0)+IF(ISNUMBER(Responses!R62),1,0) -> 4 | H42: =IF(AND(ISNUMBER(Responses!R42),Responses!R42=1),1,0)+IF(AND(ISNUMBER(Responses!R47),Responses!R47=1),1,0)+IF(AND(ISNUMBER(Responses!R59),Responses!R59=1),1,0)+IF(AND(ISNUMBER(Responses!R62),Responses!R62=1),1,0) -> 2 | I42: =IF(AND(ISNUMBER(Responses!R42),Responses!R42=0.5),1,0)+IF(AND(ISNUMBER(Responses!R47),Responses!R47=0.5),1,0)+IF(AND(ISNUMBER(Responses!R59),Responses!R59=0.5),1,0)+IF(AND(ISNUMBER(Responses!R62),Responses!R62=0.5),1,0) -> 0 | J42: =IF(AND(ISNUMBER(Responses!R42),Responses!R42=0),1,0)+IF(AND(ISNUMBER(Responses!R47),Responses!R47=0),1,0)+IF(AND(ISNUMBER(Responses!R59),Responses!R59=0),1,0)+IF(AND(ISNUMBER(Responses!R62),Responses!R62=0),1,0) -> 2 | K42: =F42-G42 -> 0 | L42: =IF(G42=0,"",(H42+I42*0.5)/G42) -> 0.5
A43: Promise city | B43: Gemini 2.5 Flash | C43: Gemini 3.1 Flash Lite | D43: Explore preference | E43: 2 | F43: =IF(Responses!I7="Include",1,0)+IF(Responses!I72="Include",1,0) -> 2 | G43: =IF(ISNUMBER(Responses!P7),1,0)+IF(ISNUMBER(Responses!P72),1,0) -> 2 | H43: =IF(AND(ISNUMBER(Responses!P7),Responses!P7=1),1,0)+IF(AND(ISNUMBER(Responses!P72),Responses!P72=1),1,0) -> 2 | I43: =IF(AND(ISNUMBER(Responses!P7),Responses!P7=0.5),1,0)+IF(AND(ISNUMBER(Responses!P72),Responses!P72=0.5),1,0) -> 0 | J43: =IF(AND(ISNUMBER(Responses!P7),Responses!P7=0),1,0)+IF(AND(ISNUMBER(Responses!P72),Responses!P72=0),1,0) -> 0 | K43: =F43-G43 -> 0 | L43: =IF(G43=0,"",(H43+I43*0.5)/G43) -> 1
A44: Promise city | B44: Gemini 2.5 Flash | C44: Gemini 3.1 Flash Lite | D44: Map readability | E44: 2 | F44: =IF(Responses!I7="Include",1,0)+IF(Responses!I72="Include",1,0) -> 2 | G44: =IF(ISNUMBER(Responses!Q7),1,0)+IF(ISNUMBER(Responses!Q72),1,0) -> 2 | H44: =IF(AND(ISNUMBER(Responses!Q7),Responses!Q7=1),1,0)+IF(AND(ISNUMBER(Responses!Q72),Responses!Q72=1),1,0) -> 2 | I44: =IF(AND(ISNUMBER(Responses!Q7),Responses!Q7=0.5),1,0)+IF(AND(ISNUMBER(Responses!Q72),Responses!Q72=0.5),1,0) -> 0 | J44: =IF(AND(ISNUMBER(Responses!Q7),Responses!Q7=0),1,0)+IF(AND(ISNUMBER(Responses!Q72),Responses!Q72=0),1,0) -> 0 | K44: =F44-G44 -> 0 | L44: =IF(G44=0,"",(H44+I44*0.5)/G44) -> 1
A45: Promise city | B45: Gemini 2.5 Flash | C45: Gemini 3.1 Flash Lite | D45: Character-world fit | E45: 2 | F45: =IF(Responses!I7="Include",1,0)+IF(Responses!I72="Include",1,0) -> 2 | G45: =IF(ISNUMBER(Responses!R7),1,0)+IF(ISNUMBER(Responses!R72),1,0) -> 1 | H45: =IF(AND(ISNUMBER(Responses!R7),Responses!R7=1),1,0)+IF(AND(ISNUMBER(Responses!R72),Responses!R72=1),1,0) -> 1 | I45: =IF(AND(ISNUMBER(Responses!R7),Responses!R7=0.5),1,0)+IF(AND(ISNUMBER(Responses!R72),Responses!R72=0.5),1,0) -> 0 | J45: =IF(AND(ISNUMBER(Responses!R7),Responses!R7=0),1,0)+IF(AND(ISNUMBER(Responses!R72),Responses!R72=0),1,0) -> 0 | K45: =F45-G45 -> 1 | L45: =IF(G45=0,"",(H45+I45*0.5)/G45) -> 1
A46: Promise city | B46: Gemini 3.1 Pro Preview | C46: GPT-5.6 Terra | D46: Explore preference | E46: 2 | F46: =IF(Responses!I11="Include",1,0)+IF(Responses!I69="Include",1,0) -> 2 | G46: =IF(ISNUMBER(Responses!P11),1,0)+IF(ISNUMBER(Responses!P69),1,0) -> 2 | H46: =IF(AND(ISNUMBER(Responses!P11),Responses!P11=1),1,0)+IF(AND(ISNUMBER(Responses!P69),Responses!P69=1),1,0) -> 0 | I46: =IF(AND(ISNUMBER(Responses!P11),Responses!P11=0.5),1,0)+IF(AND(ISNUMBER(Responses!P69),Responses!P69=0.5),1,0) -> 0 | J46: =IF(AND(ISNUMBER(Responses!P11),Responses!P11=0),1,0)+IF(AND(ISNUMBER(Responses!P69),Responses!P69=0),1,0) -> 2 | K46: =F46-G46 -> 0 | L46: =IF(G46=0,"",(H46+I46*0.5)/G46) -> 0
A47: Promise city | B47: Gemini 3.1 Pro Preview | C47: GPT-5.6 Terra | D47: Map readability | E47: 2 | F47: =IF(Responses!I11="Include",1,0)+IF(Responses!I69="Include",1,0) -> 2 | G47: =IF(ISNUMBER(Responses!Q11),1,0)+IF(ISNUMBER(Responses!Q69),1,0) -> 2 | H47: =IF(AND(ISNUMBER(Responses!Q11),Responses!Q11=1),1,0)+IF(AND(ISNUMBER(Responses!Q69),Responses!Q69=1),1,0) -> 0 | I47: =IF(AND(ISNUMBER(Responses!Q11),Responses!Q11=0.5),1,0)+IF(AND(ISNUMBER(Responses!Q69),Responses!Q69=0.5),1,0) -> 0 | J47: =IF(AND(ISNUMBER(Responses!Q11),Responses!Q11=0),1,0)+IF(AND(ISNUMBER(Responses!Q69),Responses!Q69=0),1,0) -> 2 | K47: =F47-G47 -> 0 | L47: =IF(G47=0,"",(H47+I47*0.5)/G47) -> 0
A48: Promise city | B48: Gemini 3.1 Pro Preview | C48: GPT-5.6 Terra | D48: Character-world fit | E48: 2 | F48: =IF(Responses!I11="Include",1,0)+IF(Responses!I69="Include",1,0) -> 2 | G48: =IF(ISNUMBER(Responses!R11),1,0)+IF(ISNUMBER(Responses!R69),1,0) -> 1 | H48: =IF(AND(ISNUMBER(Responses!R11),Responses!R11=1),1,0)+IF(AND(ISNUMBER(Responses!R69),Responses!R69=1),1,0) -> 0 | I48: =IF(AND(ISNUMBER(Responses!R11),Responses!R11=0.5),1,0)+IF(AND(ISNUMBER(Responses!R69),Responses!R69=0.5),1,0) -> 0 | J48: =IF(AND(ISNUMBER(Responses!R11),Responses!R11=0),1,0)+IF(AND(ISNUMBER(Responses!R69),Responses!R69=0),1,0) -> 1 | K48: =F48-G48 -> 1 | L48: =IF(G48=0,"",(H48+I48*0.5)/G48) -> 0
A49: Promise city | B49: Gemini 3.1 Flash Lite | C49: GPT-5.6 Sol | D49: Explore preference | E49: 2 | F49: =IF(Responses!I23="Include",1,0)+IF(Responses!I26="Include",1,0) -> 1 | G49: =IF(ISNUMBER(Responses!P23),1,0)+IF(ISNUMBER(Responses!P26),1,0) -> 1 | H49: =IF(AND(ISNUMBER(Responses!P23),Responses!P23=1),1,0)+IF(AND(ISNUMBER(Responses!P26),Responses!P26=1),1,0) -> 1 | I49: =IF(AND(ISNUMBER(Responses!P23),Responses!P23=0.5),1,0)+IF(AND(ISNUMBER(Responses!P26),Responses!P26=0.5),1,0) -> 0 | J49: =IF(AND(ISNUMBER(Responses!P23),Responses!P23=0),1,0)+IF(AND(ISNUMBER(Responses!P26),Responses!P26=0),1,0) -> 0 | K49: =F49-G49 -> 0 | L49: =IF(G49=0,"",(H49+I49*0.5)/G49) -> 1
A50: Promise city | B50: Gemini 3.1 Flash Lite | C50: GPT-5.6 Sol | D50: Map readability | E50: 2 | F50: =IF(Responses!I23="Include",1,0)+IF(Responses!I26="Include",1,0) -> 1 | G50: =IF(ISNUMBER(Responses!Q23),1,0)+IF(ISNUMBER(Responses!Q26),1,0) -> 1 | H50: =IF(AND(ISNUMBER(Responses!Q23),Responses!Q23=1),1,0)+IF(AND(ISNUMBER(Responses!Q26),Responses!Q26=1),1,0) -> 0 | I50: =IF(AND(ISNUMBER(Responses!Q23),Responses!Q23=0.5),1,0)+IF(AND(ISNUMBER(Responses!Q26),Responses!Q26=0.5),1,0) -> 0 | J50: =IF(AND(ISNUMBER(Responses!Q23),Responses!Q23=0),1,0)+IF(AND(ISNUMBER(Responses!Q26),Responses!Q26=0),1,0) -> 1 | K50: =F50-G50 -> 0 | L50: =IF(G50=0,"",(H50+I50*0.5)/G50) -> 0
A51: Promise city | B51: Gemini 3.1 Flash Lite | C51: GPT-5.6 Sol | D51: Character-world fit | E51: 2 | F51: =IF(Responses!I23="Include",1,0)+IF(Responses!I26="Include",1,0) -> 1 | G51: =IF(ISNUMBER(Responses!R23),1,0)+IF(ISNUMBER(Responses!R26),1,0) -> 1 | H51: =IF(AND(ISNUMBER(Responses!R23),Responses!R23=1),1,0)+IF(AND(ISNUMBER(Responses!R26),Responses!R26=1),1,0) -> 1 | I51: =IF(AND(ISNUMBER(Responses!R23),Responses!R23=0.5),1,0)+IF(AND(ISNUMBER(Responses!R26),Responses!R26=0.5),1,0) -> 0 | J51: =IF(AND(ISNUMBER(Responses!R23),Responses!R23=0),1,0)+IF(AND(ISNUMBER(Responses!R26),Responses!R26=0),1,0) -> 0 | K51: =F51-G51 -> 0 | L51: =IF(G51=0,"",(H51+I51*0.5)/G51) -> 1
A52: Promise city | B52: Gemini 2.5 Flash | C52: GPT-5.6 Terra | D52: Explore preference | E52: 2 | F52: =IF(Responses!I44="Include",1,0)+IF(Responses!I54="Include",1,0) -> 2 | G52: =IF(ISNUMBER(Responses!P44),1,0)+IF(ISNUMBER(Responses!P54),1,0) -> 2 | H52: =IF(AND(ISNUMBER(Responses!P44),Responses!P44=1),1,0)+IF(AND(ISNUMBER(Responses!P54),Responses!P54=1),1,0) -> 1 | I52: =IF(AND(ISNUMBER(Responses!P44),Responses!P44=0.5),1,0)+IF(AND(ISNUMBER(Responses!P54),Responses!P54=0.5),1,0) -> 0 | J52: =IF(AND(ISNUMBER(Responses!P44),Responses!P44=0),1,0)+IF(AND(ISNUMBER(Responses!P54),Responses!P54=0),1,0) -> 1 | K52: =F52-G52 -> 0 | L52: =IF(G52=0,"",(H52+I52*0.5)/G52) -> 0.5
A53: Promise city | B53: Gemini 2.5 Flash | C53: GPT-5.6 Terra | D53: Map readability | E53: 2 | F53: =IF(Responses!I44="Include",1,0)+IF(Responses!I54="Include",1,0) -> 2 | G53: =IF(ISNUMBER(Responses!Q44),1,0)+IF(ISNUMBER(Responses!Q54),1,0) -> 2 | H53: =IF(AND(ISNUMBER(Responses!Q44),Responses!Q44=1),1,0)+IF(AND(ISNUMBER(Responses!Q54),Responses!Q54=1),1,0) -> 1 | I53: =IF(AND(ISNUMBER(Responses!Q44),Responses!Q44=0.5),1,0)+IF(AND(ISNUMBER(Responses!Q54),Responses!Q54=0.5),1,0) -> 0 | J53: =IF(AND(ISNUMBER(Responses!Q44),Responses!Q44=0),1,0)+IF(AND(ISNUMBER(Responses!Q54),Responses!Q54=0),1,0) -> 1 | K53: =F53-G53 -> 0 | L53: =IF(G53=0,"",(H53+I53*0.5)/G53) -> 0.5
A54: Promise city | B54: Gemini 2.5 Flash | C54: GPT-5.6 Terra | D54: Character-world fit | E54: 2 | F54: =IF(Responses!I44="Include",1,0)+IF(Responses!I54="Include",1,0) -> 2 | G54: =IF(ISNUMBER(Responses!R44),1,0)+IF(ISNUMBER(Responses!R54),1,0) -> 2 | H54: =IF(AND(ISNUMBER(Responses!R44),Responses!R44=1),1,0)+IF(AND(ISNUMBER(Responses!R54),Responses!R54=1),1,0) -> 1 | I54: =IF(AND(ISNUMBER(Responses!R44),Responses!R44=0.5),1,0)+IF(AND(ISNUMBER(Responses!R54),Responses!R54=0.5),1,0) -> 0 | J54: =IF(AND(ISNUMBER(Responses!R44),Responses!R44=0),1,0)+IF(AND(ISNUMBER(Responses!R54),Responses!R54=0),1,0) -> 1 | K54: =F54-G54 -> 0 | L54: =IF(G54=0,"",(H54+I54*0.5)/G54) -> 0.5
A55: Promise city | B55: Gemini 3.1 Flash Lite | C55: Gemini 3.5 Flash Lite | D55: Explore preference | E55: 2 | F55: =IF(Responses!I61="Include",1,0)+IF(Responses!I67="Include",1,0) -> 2 | G55: =IF(ISNUMBER(Responses!P61),1,0)+IF(ISNUMBER(Responses!P67),1,0) -> 2 | H55: =IF(AND(ISNUMBER(Responses!P61),Responses!P61=1),1,0)+IF(AND(ISNUMBER(Responses!P67),Responses!P67=1),1,0) -> 2 | I55: =IF(AND(ISNUMBER(Responses!P61),Responses!P61=0.5),1,0)+IF(AND(ISNUMBER(Responses!P67),Responses!P67=0.5),1,0) -> 0 | J55: =IF(AND(ISNUMBER(Responses!P61),Responses!P61=0),1,0)+IF(AND(ISNUMBER(Responses!P67),Responses!P67=0),1,0) -> 0 | K55: =F55-G55 -> 0 | L55: =IF(G55=0,"",(H55+I55*0.5)/G55) -> 1
A56: Promise city | B56: Gemini 3.1 Flash Lite | C56: Gemini 3.5 Flash Lite | D56: Map readability | E56: 2 | F56: =IF(Responses!I61="Include",1,0)+IF(Responses!I67="Include",1,0) -> 2 | G56: =IF(ISNUMBER(Responses!Q61),1,0)+IF(ISNUMBER(Responses!Q67),1,0) -> 2 | H56: =IF(AND(ISNUMBER(Responses!Q61),Responses!Q61=1),1,0)+IF(AND(ISNUMBER(Responses!Q67),Responses!Q67=1),1,0) -> 0 | I56: =IF(AND(ISNUMBER(Responses!Q61),Responses!Q61=0.5),1,0)+IF(AND(ISNUMBER(Responses!Q67),Responses!Q67=0.5),1,0) -> 0 | J56: =IF(AND(ISNUMBER(Responses!Q61),Responses!Q61=0),1,0)+IF(AND(ISNUMBER(Responses!Q67),Responses!Q67=0),1,0) -> 2 | K56: =F56-G56 -> 0 | L56: =IF(G56=0,"",(H56+I56*0.5)/G56) -> 0
A57: Promise city | B57: Gemini 3.1 Flash Lite | C57: Gemini 3.5 Flash Lite | D57: Character-world fit | E57: 2 | F57: =IF(Responses!I61="Include",1,0)+IF(Responses!I67="Include",1,0) -> 2 | G57: =IF(ISNUMBER(Responses!R61),1,0)+IF(ISNUMBER(Responses!R67),1,0) -> 2 | H57: =IF(AND(ISNUMBER(Responses!R61),Responses!R61=1),1,0)+IF(AND(ISNUMBER(Responses!R67),Responses!R67=1),1,0) -> 1 | I57: =IF(AND(ISNUMBER(Responses!R61),Responses!R61=0.5),1,0)+IF(AND(ISNUMBER(Responses!R67),Responses!R67=0.5),1,0) -> 0 | J57: =IF(AND(ISNUMBER(Responses!R61),Responses!R61=0),1,0)+IF(AND(ISNUMBER(Responses!R67),Responses!R67=0),1,0) -> 1 | K57: =F57-G57 -> 0 | L57: =IF(G57=0,"",(H57+I57*0.5)/G57) -> 0.5
A58: Promise city | B58: Gemini 3.1 Pro Preview | C58: GPT-5.6 Sol | D58: Explore preference | E58: 2 | F58: =IF(Responses!I49="Include",1,0)+IF(Responses!I56="Include",1,0) -> 2 | G58: =IF(ISNUMBER(Responses!P49),1,0)+IF(ISNUMBER(Responses!P56),1,0) -> 2 | H58: =IF(AND(ISNUMBER(Responses!P49),Responses!P49=1),1,0)+IF(AND(ISNUMBER(Responses!P56),Responses!P56=1),1,0) -> 0 | I58: =IF(AND(ISNUMBER(Responses!P49),Responses!P49=0.5),1,0)+IF(AND(ISNUMBER(Responses!P56),Responses!P56=0.5),1,0) -> 0 | J58: =IF(AND(ISNUMBER(Responses!P49),Responses!P49=0),1,0)+IF(AND(ISNUMBER(Responses!P56),Responses!P56=0),1,0) -> 2 | K58: =F58-G58 -> 0 | L58: =IF(G58=0,"",(H58+I58*0.5)/G58) -> 0
A59: Promise city | B59: Gemini 3.1 Pro Preview | C59: GPT-5.6 Sol | D59: Map readability | E59: 2 | F59: =IF(Responses!I49="Include",1,0)+IF(Responses!I56="Include",1,0) -> 2 | G59: =IF(ISNUMBER(Responses!Q49),1,0)+IF(ISNUMBER(Responses!Q56),1,0) -> 2 | H59: =IF(AND(ISNUMBER(Responses!Q49),Responses!Q49=1),1,0)+IF(AND(ISNUMBER(Responses!Q56),Responses!Q56=1),1,0) -> 0 | I59: =IF(AND(ISNUMBER(Responses!Q49),Responses!Q49=0.5),1,0)+IF(AND(ISNUMBER(Responses!Q56),Responses!Q56=0.5),1,0) -> 0 | J59: =IF(AND(ISNUMBER(Responses!Q49),Responses!Q49=0),1,0)+IF(AND(ISNUMBER(Responses!Q56),Responses!Q56=0),1,0) -> 2 | K59: =F59-G59 -> 0 | L59: =IF(G59=0,"",(H59+I59*0.5)/G59) -> 0
A60: Promise city | B60: Gemini 3.1 Pro Preview | C60: GPT-5.6 Sol | D60: Character-world fit | E60: 2 | F60: =IF(Responses!I49="Include",1,0)+IF(Responses!I56="Include",1,0) -> 2 | G60: =IF(ISNUMBER(Responses!R49),1,0)+IF(ISNUMBER(Responses!R56),1,0) -> 2 | H60: =IF(AND(ISNUMBER(Responses!R49),Responses!R49=1),1,0)+IF(AND(ISNUMBER(Responses!R56),Responses!R56=1),1,0) -> 0 | I60: =IF(AND(ISNUMBER(Responses!R49),Responses!R49=0.5),1,0)+IF(AND(ISNUMBER(Responses!R56),Responses!R56=0.5),1,0) -> 0 | J60: =IF(AND(ISNUMBER(Responses!R49),Responses!R49=0),1,0)+IF(AND(ISNUMBER(Responses!R56),Responses!R56=0),1,0) -> 2 | K60: =F60-G60 -> 0 | L60: =IF(G60=0,"",(H60+I60*0.5)/G60) -> 0
A61: Promise city | B61: GPT-5.6 Sol | C61: GPT-5.6 Terra | D61: Explore preference | E61: 2 | F61: =IF(Responses!I8="Include",1,0)+IF(Responses!I16="Include",1,0) -> 2 | G61: =IF(ISNUMBER(Responses!P8),1,0)+IF(ISNUMBER(Responses!P16),1,0) -> 2 | H61: =IF(AND(ISNUMBER(Responses!P8),Responses!P8=1),1,0)+IF(AND(ISNUMBER(Responses!P16),Responses!P16=1),1,0) -> 1 | I61: =IF(AND(ISNUMBER(Responses!P8),Responses!P8=0.5),1,0)+IF(AND(ISNUMBER(Responses!P16),Responses!P16=0.5),1,0) -> 0 | J61: =IF(AND(ISNUMBER(Responses!P8),Responses!P8=0),1,0)+IF(AND(ISNUMBER(Responses!P16),Responses!P16=0),1,0) -> 1 | K61: =F61-G61 -> 0 | L61: =IF(G61=0,"",(H61+I61*0.5)/G61) -> 0.5
A62: Promise city | B62: GPT-5.6 Sol | C62: GPT-5.6 Terra | D62: Map readability | E62: 2 | F62: =IF(Responses!I8="Include",1,0)+IF(Responses!I16="Include",1,0) -> 2 | G62: =IF(ISNUMBER(Responses!Q8),1,0)+IF(ISNUMBER(Responses!Q16),1,0) -> 2 | H62: =IF(AND(ISNUMBER(Responses!Q8),Responses!Q8=1),1,0)+IF(AND(ISNUMBER(Responses!Q16),Responses!Q16=1),1,0) -> 1 | I62: =IF(AND(ISNUMBER(Responses!Q8),Responses!Q8=0.5),1,0)+IF(AND(ISNUMBER(Responses!Q16),Responses!Q16=0.5),1,0) -> 0 | J62: =IF(AND(ISNUMBER(Responses!Q8),Responses!Q8=0),1,0)+IF(AND(ISNUMBER(Responses!Q16),Responses!Q16=0),1,0) -> 1 | K62: =F62-G62 -> 0 | L62: =IF(G62=0,"",(H62+I62*0.5)/G62) -> 0.5
A63: Promise city | B63: GPT-5.6 Sol | C63: GPT-5.6 Terra | D63: Character-world fit | E63: 2 | F63: =IF(Responses!I8="Include",1,0)+IF(Responses!I16="Include",1,0) -> 2 | G63: =IF(ISNUMBER(Responses!R8),1,0)+IF(ISNUMBER(Responses!R16),1,0) -> 2 | H63: =IF(AND(ISNUMBER(Responses!R8),Responses!R8=1),1,0)+IF(AND(ISNUMBER(Responses!R16),Responses!R16=1),1,0) -> 2 | I63: =IF(AND(ISNUMBER(Responses!R8),Responses!R8=0.5),1,0)+IF(AND(ISNUMBER(Responses!R16),Responses!R16=0.5),1,0) -> 0 | J63: =IF(AND(ISNUMBER(Responses!R8),Responses!R8=0),1,0)+IF(AND(ISNUMBER(Responses!R16),Responses!R16=0),1,0) -> 0 | K63: =F63-G63 -> 0 | L63: =IF(G63=0,"",(H63+I63*0.5)/G63) -> 1
A64: Promise city | B64: Gemini 2.5 Flash | C64: Gemini 3.5 Flash Lite | D64: Explore preference | E64: 2 | F64: =IF(Responses!I51="Include",1,0)+IF(Responses!I60="Include",1,0) -> 2 | G64: =IF(ISNUMBER(Responses!P51),1,0)+IF(ISNUMBER(Responses!P60),1,0) -> 2 | H64: =IF(AND(ISNUMBER(Responses!P51),Responses!P51=1),1,0)+IF(AND(ISNUMBER(Responses!P60),Responses!P60=1),1,0) -> 2 | I64: =IF(AND(ISNUMBER(Responses!P51),Responses!P51=0.5),1,0)+IF(AND(ISNUMBER(Responses!P60),Responses!P60=0.5),1,0) -> 0 | J64: =IF(AND(ISNUMBER(Responses!P51),Responses!P51=0),1,0)+IF(AND(ISNUMBER(Responses!P60),Responses!P60=0),1,0) -> 0 | K64: =F64-G64 -> 0 | L64: =IF(G64=0,"",(H64+I64*0.5)/G64) -> 1
A65: Promise city | B65: Gemini 2.5 Flash | C65: Gemini 3.5 Flash Lite | D65: Map readability | E65: 2 | F65: =IF(Responses!I51="Include",1,0)+IF(Responses!I60="Include",1,0) -> 2 | G65: =IF(ISNUMBER(Responses!Q51),1,0)+IF(ISNUMBER(Responses!Q60),1,0) -> 2 | H65: =IF(AND(ISNUMBER(Responses!Q51),Responses!Q51=1),1,0)+IF(AND(ISNUMBER(Responses!Q60),Responses!Q60=1),1,0) -> 2 | I65: =IF(AND(ISNUMBER(Responses!Q51),Responses!Q51=0.5),1,0)+IF(AND(ISNUMBER(Responses!Q60),Responses!Q60=0.5),1,0) -> 0 | J65: =IF(AND(ISNUMBER(Responses!Q51),Responses!Q51=0),1,0)+IF(AND(ISNUMBER(Responses!Q60),Responses!Q60=0),1,0) -> 0 | K65: =F65-G65 -> 0 | L65: =IF(G65=0,"",(H65+I65*0.5)/G65) -> 1
A66: Promise city | B66: Gemini 2.5 Flash | C66: Gemini 3.5 Flash Lite | D66: Character-world fit | E66: 2 | F66: =IF(Responses!I51="Include",1,0)+IF(Responses!I60="Include",1,0) -> 2 | G66: =IF(ISNUMBER(Responses!R51),1,0)+IF(ISNUMBER(Responses!R60),1,0) -> 2 | H66: =IF(AND(ISNUMBER(Responses!R51),Responses!R51=1),1,0)+IF(AND(ISNUMBER(Responses!R60),Responses!R60=1),1,0) -> 2 | I66: =IF(AND(ISNUMBER(Responses!R51),Responses!R51=0.5),1,0)+IF(AND(ISNUMBER(Responses!R60),Responses!R60=0.5),1,0) -> 0 | J66: =IF(AND(ISNUMBER(Responses!R51),Responses!R51=0),1,0)+IF(AND(ISNUMBER(Responses!R60),Responses!R60=0),1,0) -> 0 | K66: =F66-G66 -> 0 | L66: =IF(G66=0,"",(H66+I66*0.5)/G66) -> 1
A67: Promise city | B67: Gemini 3.1 Flash Lite | C67: GPT-5.6 Terra | D67: Explore preference | E67: 2 | F67: =IF(Responses!I25="Include",1,0)+IF(Responses!I33="Include",1,0) -> 1 | G67: =IF(ISNUMBER(Responses!P25),1,0)+IF(ISNUMBER(Responses!P33),1,0) -> 1 | H67: =IF(AND(ISNUMBER(Responses!P25),Responses!P25=1),1,0)+IF(AND(ISNUMBER(Responses!P33),Responses!P33=1),1,0) -> 0 | I67: =IF(AND(ISNUMBER(Responses!P25),Responses!P25=0.5),1,0)+IF(AND(ISNUMBER(Responses!P33),Responses!P33=0.5),1,0) -> 0 | J67: =IF(AND(ISNUMBER(Responses!P25),Responses!P25=0),1,0)+IF(AND(ISNUMBER(Responses!P33),Responses!P33=0),1,0) -> 1 | K67: =F67-G67 -> 0 | L67: =IF(G67=0,"",(H67+I67*0.5)/G67) -> 0
A68: Promise city | B68: Gemini 3.1 Flash Lite | C68: GPT-5.6 Terra | D68: Map readability | E68: 2 | F68: =IF(Responses!I25="Include",1,0)+IF(Responses!I33="Include",1,0) -> 1 | G68: =IF(ISNUMBER(Responses!Q25),1,0)+IF(ISNUMBER(Responses!Q33),1,0) -> 1 | H68: =IF(AND(ISNUMBER(Responses!Q25),Responses!Q25=1),1,0)+IF(AND(ISNUMBER(Responses!Q33),Responses!Q33=1),1,0) -> 0 | I68: =IF(AND(ISNUMBER(Responses!Q25),Responses!Q25=0.5),1,0)+IF(AND(ISNUMBER(Responses!Q33),Responses!Q33=0.5),1,0) -> 0 | J68: =IF(AND(ISNUMBER(Responses!Q25),Responses!Q25=0),1,0)+IF(AND(ISNUMBER(Responses!Q33),Responses!Q33=0),1,0) -> 1 | K68: =F68-G68 -> 0 | L68: =IF(G68=0,"",(H68+I68*0.5)/G68) -> 0
A69: Promise city | B69: Gemini 3.1 Flash Lite | C69: GPT-5.6 Terra | D69: Character-world fit | E69: 2 | F69: =IF(Responses!I25="Include",1,0)+IF(Responses!I33="Include",1,0) -> 1 | G69: =IF(ISNUMBER(Responses!R25),1,0)+IF(ISNUMBER(Responses!R33),1,0) -> 1 | H69: =IF(AND(ISNUMBER(Responses!R25),Responses!R25=1),1,0)+IF(AND(ISNUMBER(Responses!R33),Responses!R33=1),1,0) -> 0 | I69: =IF(AND(ISNUMBER(Responses!R25),Responses!R25=0.5),1,0)+IF(AND(ISNUMBER(Responses!R33),Responses!R33=0.5),1,0) -> 0 | J69: =IF(AND(ISNUMBER(Responses!R25),Responses!R25=0),1,0)+IF(AND(ISNUMBER(Responses!R33),Responses!R33=0),1,0) -> 1 | K69: =F69-G69 -> 0 | L69: =IF(G69=0,"",(H69+I69*0.5)/G69) -> 0

Sheet Structure results
A1: Structure results | Source 1 preference
A2: Only included participants are counted. Same is a half vote; Not sure is outside the preference denominator. These are fixed-artifact exploratory judgments, not a general ranking.
A6: Pair / scene | B6: Source 1 | C6: Source 2 | D6: Question | E6: Planned | F6: Included | G6: Judgeable | H6: Source 1 wins | I6: Same | J6: Source 2 wins | K6: Not sure | L6: Source 1 preference
A7: Aurora Court Of Migrating Cities | B7: Full Agora | C7: Single-pass baseline | D7: Explore preference | E7: 2 | F7: =IF(Responses!I40="Include",1,0)+IF(Responses!I58="Include",1,0) -> 2 | G7: =IF(ISNUMBER(Responses!P40),1,0)+IF(ISNUMBER(Responses!P58),1,0) -> 2 | H7: =IF(AND(ISNUMBER(Responses!P40),Responses!P40=1),1,0)+IF(AND(ISNUMBER(Responses!P58),Responses!P58=1),1,0) -> 1 | I7: =IF(AND(ISNUMBER(Responses!P40),Responses!P40=0.5),1,0)+IF(AND(ISNUMBER(Responses!P58),Responses!P58=0.5),1,0) -> 0 | J7: =IF(AND(ISNUMBER(Responses!P40),Responses!P40=0),1,0)+IF(AND(ISNUMBER(Responses!P58),Responses!P58=0),1,0) -> 1 | K7: =F7-G7 -> 0 | L7: =IF(G7=0,"",(H7+I7*0.5)/G7) -> 0.5
A8: Aurora Court Of Migrating Cities | B8: Full Agora | C8: Single-pass baseline | D8: World clarity | E8: 2 | F8: =IF(Responses!I40="Include",1,0)+IF(Responses!I58="Include",1,0) -> 2 | G8: =IF(ISNUMBER(Responses!Q40),1,0)+IF(ISNUMBER(Responses!Q58),1,0) -> 2 | H8: =IF(AND(ISNUMBER(Responses!Q40),Responses!Q40=1),1,0)+IF(AND(ISNUMBER(Responses!Q58),Responses!Q58=1),1,0) -> 2 | I8: =IF(AND(ISNUMBER(Responses!Q40),Responses!Q40=0.5),1,0)+IF(AND(ISNUMBER(Responses!Q58),Responses!Q58=0.5),1,0) -> 0 | J8: =IF(AND(ISNUMBER(Responses!Q40),Responses!Q40=0),1,0)+IF(AND(ISNUMBER(Responses!Q58),Responses!Q58=0),1,0) -> 0 | K8: =F8-G8 -> 0 | L8: =IF(G8=0,"",(H8+I8*0.5)/G8) -> 1
A9: Aurora Court Of Migrating Cities | B9: Full Agora | C9: Single-pass baseline | D9: Place-scene fit | E9: 2 | F9: =IF(Responses!I40="Include",1,0)+IF(Responses!I58="Include",1,0) -> 2 | G9: =IF(ISNUMBER(Responses!R40),1,0)+IF(ISNUMBER(Responses!R58),1,0) -> 2 | H9: =IF(AND(ISNUMBER(Responses!R40),Responses!R40=1),1,0)+IF(AND(ISNUMBER(Responses!R58),Responses!R58=1),1,0) -> 2 | I9: =IF(AND(ISNUMBER(Responses!R40),Responses!R40=0.5),1,0)+IF(AND(ISNUMBER(Responses!R58),Responses!R58=0.5),1,0) -> 0 | J9: =IF(AND(ISNUMBER(Responses!R40),Responses!R40=0),1,0)+IF(AND(ISNUMBER(Responses!R58),Responses!R58=0),1,0) -> 0 | K9: =F9-G9 -> 0 | L9: =IF(G9=0,"",(H9+I9*0.5)/G9) -> 1
A10: Clockwork Rain Conservatory | B10: Full Agora | C10: Single-pass baseline | D10: Explore preference | E10: 4 | F10: =IF(Responses!I22="Include",1,0)+IF(Responses!I32="Include",1,0)+IF(Responses!I37="Include",1,0)+IF(Responses!I48="Include",1,0) -> 4 | G10: =IF(ISNUMBER(Responses!P22),1,0)+IF(ISNUMBER(Responses!P32),1,0)+IF(ISNUMBER(Responses!P37),1,0)+IF(ISNUMBER(Responses!P48),1,0) -> 4 | H10: =IF(AND(ISNUMBER(Responses!P22),Responses!P22=1),1,0)+IF(AND(ISNUMBER(Responses!P32),Responses!P32=1),1,0)+IF(AND(ISNUMBER(Responses!P37),Responses!P37=1),1,0)+IF(AND(ISNUMBER(Responses!P48),Responses!P48=1),1,0) -> 0 | I10: =IF(AND(ISNUMBER(Responses!P22),Responses!P22=0.5),1,0)+IF(AND(ISNUMBER(Responses!P32),Responses!P32=0.5),1,0)+IF(AND(ISNUMBER(Responses!P37),Responses!P37=0.5),1,0)+IF(AND(ISNUMBER(Responses!P48),Responses!P48=0.5),1,0) -> 0 | J10: =IF(AND(ISNUMBER(Responses!P22),Responses!P22=0),1,0)+IF(AND(ISNUMBER(Responses!P32),Responses!P32=0),1,0)+IF(AND(ISNUMBER(Responses!P37),Responses!P37=0),1,0)+IF(AND(ISNUMBER(Responses!P48),Responses!P48=0),1,0) -> 4 | K10: =F10-G10 -> 0 | L10: =IF(G10=0,"",(H10+I10*0.5)/G10) -> 0
A11: Clockwork Rain Conservatory | B11: Full Agora | C11: Single-pass baseline | D11: World clarity | E11: 4 | F11: =IF(Responses!I22="Include",1,0)+IF(Responses!I32="Include",1,0)+IF(Responses!I37="Include",1,0)+IF(Responses!I48="Include",1,0) -> 4 | G11: =IF(ISNUMBER(Responses!Q22),1,0)+IF(ISNUMBER(Responses!Q32),1,0)+IF(ISNUMBER(Responses!Q37),1,0)+IF(ISNUMBER(Responses!Q48),1,0) -> 4 | H11: =IF(AND(ISNUMBER(Responses!Q22),Responses!Q22=1),1,0)+IF(AND(ISNUMBER(Responses!Q32),Responses!Q32=1),1,0)+IF(AND(ISNUMBER(Responses!Q37),Responses!Q37=1),1,0)+IF(AND(ISNUMBER(Responses!Q48),Responses!Q48=1),1,0) -> 4 | I11: =IF(AND(ISNUMBER(Responses!Q22),Responses!Q22=0.5),1,0)+IF(AND(ISNUMBER(Responses!Q32),Responses!Q32=0.5),1,0)+IF(AND(ISNUMBER(Responses!Q37),Responses!Q37=0.5),1,0)+IF(AND(ISNUMBER(Responses!Q48),Responses!Q48=0.5),1,0) -> 0 | J11: =IF(AND(ISNUMBER(Responses!Q22),Responses!Q22=0),1,0)+IF(AND(ISNUMBER(Responses!Q32),Responses!Q32=0),1,0)+IF(AND(ISNUMBER(Responses!Q37),Responses!Q37=0),1,0)+IF(AND(ISNUMBER(Responses!Q48),Responses!Q48=0),1,0) -> 0 | K11: =F11-G11 -> 0 | L11: =IF(G11=0,"",(H11+I11*0.5)/G11) -> 1
A12: Clockwork Rain Conservatory | B12: Full Agora | C12: Single-pass baseline | D12: Place-scene fit | E12: 4 | F12: =IF(Responses!I22="Include",1,0)+IF(Responses!I32="Include",1,0)+IF(Responses!I37="Include",1,0)+IF(Responses!I48="Include",1,0) -> 4 | G12: =IF(ISNUMBER(Responses!R22),1,0)+IF(ISNUMBER(Responses!R32),1,0)+IF(ISNUMBER(Responses!R37),1,0)+IF(ISNUMBER(Responses!R48),1,0) -> 4 | H12: =IF(AND(ISNUMBER(Responses!R22),Responses!R22=1),1,0)+IF(AND(ISNUMBER(Responses!R32),Responses!R32=1),1,0)+IF(AND(ISNUMBER(Responses!R37),Responses!R37=1),1,0)+IF(AND(ISNUMBER(Responses!R48),Responses!R48=1),1,0) -> 1 | I12: =IF(AND(ISNUMBER(Responses!R22),Responses!R22=0.5),1,0)+IF(AND(ISNUMBER(Responses!R32),Responses!R32=0.5),1,0)+IF(AND(ISNUMBER(Responses!R37),Responses!R37=0.5),1,0)+IF(AND(ISNUMBER(Responses!R48),Responses!R48=0.5),1,0) -> 0 | J12: =IF(AND(ISNUMBER(Responses!R22),Responses!R22=0),1,0)+IF(AND(ISNUMBER(Responses!R32),Responses!R32=0),1,0)+IF(AND(ISNUMBER(Responses!R37),Responses!R37=0),1,0)+IF(AND(ISNUMBER(Responses!R48),Responses!R48=0),1,0) -> 3 | K12: =F12-G12 -> 0 | L12: =IF(G12=0,"",(H12+I12*0.5)/G12) -> 0.25
A13: Tidal Embassy Of Lost Languages | B13: Full Agora | C13: Single-pass baseline | D13: Explore preference | E13: 2 | F13: =IF(Responses!I9="Include",1,0)+IF(Responses!I53="Include",1,0) -> 2 | G13: =IF(ISNUMBER(Responses!P9),1,0)+IF(ISNUMBER(Responses!P53),1,0) -> 2 | H13: =IF(AND(ISNUMBER(Responses!P9),Responses!P9=1),1,0)+IF(AND(ISNUMBER(Responses!P53),Responses!P53=1),1,0) -> 2 | I13: =IF(AND(ISNUMBER(Responses!P9),Responses!P9=0.5),1,0)+IF(AND(ISNUMBER(Responses!P53),Responses!P53=0.5),1,0) -> 0 | J13: =IF(AND(ISNUMBER(Responses!P9),Responses!P9=0),1,0)+IF(AND(ISNUMBER(Responses!P53),Responses!P53=0),1,0) -> 0 | K13: =F13-G13 -> 0 | L13: =IF(G13=0,"",(H13+I13*0.5)/G13) -> 1
A14: Tidal Embassy Of Lost Languages | B14: Full Agora | C14: Single-pass baseline | D14: World clarity | E14: 2 | F14: =IF(Responses!I9="Include",1,0)+IF(Responses!I53="Include",1,0) -> 2 | G14: =IF(ISNUMBER(Responses!Q9),1,0)+IF(ISNUMBER(Responses!Q53),1,0) -> 2 | H14: =IF(AND(ISNUMBER(Responses!Q9),Responses!Q9=1),1,0)+IF(AND(ISNUMBER(Responses!Q53),Responses!Q53=1),1,0) -> 1 | I14: =IF(AND(ISNUMBER(Responses!Q9),Responses!Q9=0.5),1,0)+IF(AND(ISNUMBER(Responses!Q53),Responses!Q53=0.5),1,0) -> 0 | J14: =IF(AND(ISNUMBER(Responses!Q9),Responses!Q9=0),1,0)+IF(AND(ISNUMBER(Responses!Q53),Responses!Q53=0),1,0) -> 1 | K14: =F14-G14 -> 0 | L14: =IF(G14=0,"",(H14+I14*0.5)/G14) -> 0.5
A15: Tidal Embassy Of Lost Languages | B15: Full Agora | C15: Single-pass baseline | D15: Place-scene fit | E15: 2 | F15: =IF(Responses!I9="Include",1,0)+IF(Responses!I53="Include",1,0) -> 2 | G15: =IF(ISNUMBER(Responses!R9),1,0)+IF(ISNUMBER(Responses!R53),1,0) -> 1 | H15: =IF(AND(ISNUMBER(Responses!R9),Responses!R9=1),1,0)+IF(AND(ISNUMBER(Responses!R53),Responses!R53=1),1,0) -> 1 | I15: =IF(AND(ISNUMBER(Responses!R9),Responses!R9=0.5),1,0)+IF(AND(ISNUMBER(Responses!R53),Responses!R53=0.5),1,0) -> 0 | J15: =IF(AND(ISNUMBER(Responses!R9),Responses!R9=0),1,0)+IF(AND(ISNUMBER(Responses!R53),Responses!R53=0),1,0) -> 0 | K15: =F15-G15 -> 1 | L15: =IF(G15=0,"",(H15+I15*0.5)/G15) -> 1
A16: Night Market Of Unfinished Weather | B16: Full Agora | C16: Single-pass baseline | D16: Explore preference | E16: 2 | F16: =IF(Responses!I12="Include",1,0)+IF(Responses!I71="Include",1,0) -> 2 | G16: =IF(ISNUMBER(Responses!P12),1,0)+IF(ISNUMBER(Responses!P71),1,0) -> 2 | H16: =IF(AND(ISNUMBER(Responses!P12),Responses!P12=1),1,0)+IF(AND(ISNUMBER(Responses!P71),Responses!P71=1),1,0) -> 1 | I16: =IF(AND(ISNUMBER(Responses!P12),Responses!P12=0.5),1,0)+IF(AND(ISNUMBER(Responses!P71),Responses!P71=0.5),1,0) -> 0 | J16: =IF(AND(ISNUMBER(Responses!P12),Responses!P12=0),1,0)+IF(AND(ISNUMBER(Responses!P71),Responses!P71=0),1,0) -> 1 | K16: =F16-G16 -> 0 | L16: =IF(G16=0,"",(H16+I16*0.5)/G16) -> 0.5
A17: Night Market Of Unfinished Weather | B17: Full Agora | C17: Single-pass baseline | D17: World clarity | E17: 2 | F17: =IF(Responses!I12="Include",1,0)+IF(Responses!I71="Include",1,0) -> 2 | G17: =IF(ISNUMBER(Responses!Q12),1,0)+IF(ISNUMBER(Responses!Q71),1,0) -> 2 | H17: =IF(AND(ISNUMBER(Responses!Q12),Responses!Q12=1),1,0)+IF(AND(ISNUMBER(Responses!Q71),Responses!Q71=1),1,0) -> 1 | I17: =IF(AND(ISNUMBER(Responses!Q12),Responses!Q12=0.5),1,0)+IF(AND(ISNUMBER(Responses!Q71),Responses!Q71=0.5),1,0) -> 0 | J17: =IF(AND(ISNUMBER(Responses!Q12),Responses!Q12=0),1,0)+IF(AND(ISNUMBER(Responses!Q71),Responses!Q71=0),1,0) -> 1 | K17: =F17-G17 -> 0 | L17: =IF(G17=0,"",(H17+I17*0.5)/G17) -> 0.5
A18: Night Market Of Unfinished Weather | B18: Full Agora | C18: Single-pass baseline | D18: Place-scene fit | E18: 2 | F18: =IF(Responses!I12="Include",1,0)+IF(Responses!I71="Include",1,0) -> 2 | G18: =IF(ISNUMBER(Responses!R12),1,0)+IF(ISNUMBER(Responses!R71),1,0) -> 2 | H18: =IF(AND(ISNUMBER(Responses!R12),Responses!R12=1),1,0)+IF(AND(ISNUMBER(Responses!R71),Responses!R71=1),1,0) -> 1 | I18: =IF(AND(ISNUMBER(Responses!R12),Responses!R12=0.5),1,0)+IF(AND(ISNUMBER(Responses!R71),Responses!R71=0.5),1,0) -> 0 | J18: =IF(AND(ISNUMBER(Responses!R12),Responses!R12=0),1,0)+IF(AND(ISNUMBER(Responses!R71),Responses!R71=0),1,0) -> 1 | K18: =F18-G18 -> 0 | L18: =IF(G18=0,"",(H18+I18*0.5)/G18) -> 0.5
A19: Sunken Satellite Monastery | B19: Full Agora | C19: Single-pass baseline | D19: Explore preference | E19: 2 | F19: =IF(Responses!I19="Include",1,0)+IF(Responses!I50="Include",1,0) -> 2 | G19: =IF(ISNUMBER(Responses!P19),1,0)+IF(ISNUMBER(Responses!P50),1,0) -> 2 | H19: =IF(AND(ISNUMBER(Responses!P19),Responses!P19=1),1,0)+IF(AND(ISNUMBER(Responses!P50),Responses!P50=1),1,0) -> 1 | I19: =IF(AND(ISNUMBER(Responses!P19),Responses!P19=0.5),1,0)+IF(AND(ISNUMBER(Responses!P50),Responses!P50=0.5),1,0) -> 0 | J19: =IF(AND(ISNUMBER(Responses!P19),Responses!P19=0),1,0)+IF(AND(ISNUMBER(Responses!P50),Responses!P50=0),1,0) -> 1 | K19: =F19-G19 -> 0 | L19: =IF(G19=0,"",(H19+I19*0.5)/G19) -> 0.5
A20: Sunken Satellite Monastery | B20: Full Agora | C20: Single-pass baseline | D20: World clarity | E20: 2 | F20: =IF(Responses!I19="Include",1,0)+IF(Responses!I50="Include",1,0) -> 2 | G20: =IF(ISNUMBER(Responses!Q19),1,0)+IF(ISNUMBER(Responses!Q50),1,0) -> 2 | H20: =IF(AND(ISNUMBER(Responses!Q19),Responses!Q19=1),1,0)+IF(AND(ISNUMBER(Responses!Q50),Responses!Q50=1),1,0) -> 0 | I20: =IF(AND(ISNUMBER(Responses!Q19),Responses!Q19=0.5),1,0)+IF(AND(ISNUMBER(Responses!Q50),Responses!Q50=0.5),1,0) -> 0 | J20: =IF(AND(ISNUMBER(Responses!Q19),Responses!Q19=0),1,0)+IF(AND(ISNUMBER(Responses!Q50),Responses!Q50=0),1,0) -> 2 | K20: =F20-G20 -> 0 | L20: =IF(G20=0,"",(H20+I20*0.5)/G20) -> 0
A21: Sunken Satellite Monastery | B21: Full Agora | C21: Single-pass baseline | D21: Place-scene fit | E21: 2 | F21: =IF(Responses!I19="Include",1,0)+IF(Responses!I50="Include",1,0) -> 2 | G21: =IF(ISNUMBER(Responses!R19),1,0)+IF(ISNUMBER(Responses!R50),1,0) -> 2 | H21: =IF(AND(ISNUMBER(Responses!R19),Responses!R19=1),1,0)+IF(AND(ISNUMBER(Responses!R50),Responses!R50=1),1,0) -> 1 | I21: =IF(AND(ISNUMBER(Responses!R19),Responses!R19=0.5),1,0)+IF(AND(ISNUMBER(Responses!R50),Responses!R50=0.5),1,0) -> 0 | J21: =IF(AND(ISNUMBER(Responses!R19),Responses!R19=0),1,0)+IF(AND(ISNUMBER(Responses!R50),Responses!R50=0),1,0) -> 1 | K21: =F21-G21 -> 0 | L21: =IF(G21=0,"",(H21+I21*0.5)/G21) -> 0.5
A22: Mycelium Patent Bazaar | B22: Full Agora | C22: Single-pass baseline | D22: Explore preference | E22: 2 | F22: =IF(Responses!I14="Include",1,0)+IF(Responses!I30="Include",1,0) -> 1 | G22: =IF(ISNUMBER(Responses!P14),1,0)+IF(ISNUMBER(Responses!P30),1,0) -> 1 | H22: =IF(AND(ISNUMBER(Responses!P14),Responses!P14=1),1,0)+IF(AND(ISNUMBER(Responses!P30),Responses!P30=1),1,0) -> 1 | I22: =IF(AND(ISNUMBER(Responses!P14),Responses!P14=0.5),1,0)+IF(AND(ISNUMBER(Responses!P30),Responses!P30=0.5),1,0) -> 0 | J22: =IF(AND(ISNUMBER(Responses!P14),Responses!P14=0),1,0)+IF(AND(ISNUMBER(Responses!P30),Responses!P30=0),1,0) -> 0 | K22: =F22-G22 -> 0 | L22: =IF(G22=0,"",(H22+I22*0.5)/G22) -> 1
A23: Mycelium Patent Bazaar | B23: Full Agora | C23: Single-pass baseline | D23: World clarity | E23: 2 | F23: =IF(Responses!I14="Include",1,0)+IF(Responses!I30="Include",1,0) -> 1 | G23: =IF(ISNUMBER(Responses!Q14),1,0)+IF(ISNUMBER(Responses!Q30),1,0) -> 1 | H23: =IF(AND(ISNUMBER(Responses!Q14),Responses!Q14=1),1,0)+IF(AND(ISNUMBER(Responses!Q30),Responses!Q30=1),1,0) -> 0 | I23: =IF(AND(ISNUMBER(Responses!Q14),Responses!Q14=0.5),1,0)+IF(AND(ISNUMBER(Responses!Q30),Responses!Q30=0.5),1,0) -> 0 | J23: =IF(AND(ISNUMBER(Responses!Q14),Responses!Q14=0),1,0)+IF(AND(ISNUMBER(Responses!Q30),Responses!Q30=0),1,0) -> 1 | K23: =F23-G23 -> 0 | L23: =IF(G23=0,"",(H23+I23*0.5)/G23) -> 0
A24: Mycelium Patent Bazaar | B24: Full Agora | C24: Single-pass baseline | D24: Place-scene fit | E24: 2 | F24: =IF(Responses!I14="Include",1,0)+IF(Responses!I30="Include",1,0) -> 1 | G24: =IF(ISNUMBER(Responses!R14),1,0)+IF(ISNUMBER(Responses!R30),1,0) -> 1 | H24: =IF(AND(ISNUMBER(Responses!R14),Responses!R14=1),1,0)+IF(AND(ISNUMBER(Responses!R30),Responses!R30=1),1,0) -> 0 | I24: =IF(AND(ISNUMBER(Responses!R14),Responses!R14=0.5),1,0)+IF(AND(ISNUMBER(Responses!R30),Responses!R30=0.5),1,0) -> 0 | J24: =IF(AND(ISNUMBER(Responses!R14),Responses!R14=0),1,0)+IF(AND(ISNUMBER(Responses!R30),Responses!R30=0),1,0) -> 1 | K24: =F24-G24 -> 0 | L24: =IF(G24=0,"",(H24+I24*0.5)/G24) -> 0
A25: Archive Of Borrowed Gravity | B25: Full Agora | C25: Single-pass baseline | D25: Explore preference | E25: 2 | F25: =IF(Responses!I35="Include",1,0)+IF(Responses!I45="Include",1,0) -> 2 | G25: =IF(ISNUMBER(Responses!P35),1,0)+IF(ISNUMBER(Responses!P45),1,0) -> 2 | H25: =IF(AND(ISNUMBER(Responses!P35),Responses!P35=1),1,0)+IF(AND(ISNUMBER(Responses!P45),Responses!P45=1),1,0) -> 1 | I25: =IF(AND(ISNUMBER(Responses!P35),Responses!P35=0.5),1,0)+IF(AND(ISNUMBER(Responses!P45),Responses!P45=0.5),1,0) -> 0 | J25: =IF(AND(ISNUMBER(Responses!P35),Responses!P35=0),1,0)+IF(AND(ISNUMBER(Responses!P45),Responses!P45=0),1,0) -> 1 | K25: =F25-G25 -> 0 | L25: =IF(G25=0,"",(H25+I25*0.5)/G25) -> 0.5
A26: Archive Of Borrowed Gravity | B26: Full Agora | C26: Single-pass baseline | D26: World clarity | E26: 2 | F26: =IF(Responses!I35="Include",1,0)+IF(Responses!I45="Include",1,0) -> 2 | G26: =IF(ISNUMBER(Responses!Q35),1,0)+IF(ISNUMBER(Responses!Q45),1,0) -> 2 | H26: =IF(AND(ISNUMBER(Responses!Q35),Responses!Q35=1),1,0)+IF(AND(ISNUMBER(Responses!Q45),Responses!Q45=1),1,0) -> 0 | I26: =IF(AND(ISNUMBER(Responses!Q35),Responses!Q35=0.5),1,0)+IF(AND(ISNUMBER(Responses!Q45),Responses!Q45=0.5),1,0) -> 1 | J26: =IF(AND(ISNUMBER(Responses!Q35),Responses!Q35=0),1,0)+IF(AND(ISNUMBER(Responses!Q45),Responses!Q45=0),1,0) -> 1 | K26: =F26-G26 -> 0 | L26: =IF(G26=0,"",(H26+I26*0.5)/G26) -> 0.25
A27: Archive Of Borrowed Gravity | B27: Full Agora | C27: Single-pass baseline | D27: Place-scene fit | E27: 2 | F27: =IF(Responses!I35="Include",1,0)+IF(Responses!I45="Include",1,0) -> 2 | G27: =IF(ISNUMBER(Responses!R35),1,0)+IF(ISNUMBER(Responses!R45),1,0) -> 2 | H27: =IF(AND(ISNUMBER(Responses!R35),Responses!R35=1),1,0)+IF(AND(ISNUMBER(Responses!R45),Responses!R45=1),1,0) -> 1 | I27: =IF(AND(ISNUMBER(Responses!R35),Responses!R35=0.5),1,0)+IF(AND(ISNUMBER(Responses!R45),Responses!R45=0.5),1,0) -> 0 | J27: =IF(AND(ISNUMBER(Responses!R35),Responses!R35=0),1,0)+IF(AND(ISNUMBER(Responses!R45),Responses!R45=0),1,0) -> 1 | K27: =F27-G27 -> 0 | L27: =IF(G27=0,"",(H27+I27*0.5)/G27) -> 0.5
A28: Cartographer Lung Exchange | B28: Full Agora | C28: Single-pass baseline | D28: Explore preference | E28: 2 | F28: =IF(Responses!I17="Include",1,0)+IF(Responses!I27="Include",1,0) -> 1 | G28: =IF(ISNUMBER(Responses!P17),1,0)+IF(ISNUMBER(Responses!P27),1,0) -> 1 | H28: =IF(AND(ISNUMBER(Responses!P17),Responses!P17=1),1,0)+IF(AND(ISNUMBER(Responses!P27),Responses!P27=1),1,0) -> 0 | I28: =IF(AND(ISNUMBER(Responses!P17),Responses!P17=0.5),1,0)+IF(AND(ISNUMBER(Responses!P27),Responses!P27=0.5),1,0) -> 0 | J28: =IF(AND(ISNUMBER(Responses!P17),Responses!P17=0),1,0)+IF(AND(ISNUMBER(Responses!P27),Responses!P27=0),1,0) -> 1 | K28: =F28-G28 -> 0 | L28: =IF(G28=0,"",(H28+I28*0.5)/G28) -> 0
A29: Cartographer Lung Exchange | B29: Full Agora | C29: Single-pass baseline | D29: World clarity | E29: 2 | F29: =IF(Responses!I17="Include",1,0)+IF(Responses!I27="Include",1,0) -> 1 | G29: =IF(ISNUMBER(Responses!Q17),1,0)+IF(ISNUMBER(Responses!Q27),1,0) -> 1 | H29: =IF(AND(ISNUMBER(Responses!Q17),Responses!Q17=1),1,0)+IF(AND(ISNUMBER(Responses!Q27),Responses!Q27=1),1,0) -> 0 | I29: =IF(AND(ISNUMBER(Responses!Q17),Responses!Q17=0.5),1,0)+IF(AND(ISNUMBER(Responses!Q27),Responses!Q27=0.5),1,0) -> 0 | J29: =IF(AND(ISNUMBER(Responses!Q17),Responses!Q17=0),1,0)+IF(AND(ISNUMBER(Responses!Q27),Responses!Q27=0),1,0) -> 1 | K29: =F29-G29 -> 0 | L29: =IF(G29=0,"",(H29+I29*0.5)/G29) -> 0
A30: Cartographer Lung Exchange | B30: Full Agora | C30: Single-pass baseline | D30: Place-scene fit | E30: 2 | F30: =IF(Responses!I17="Include",1,0)+IF(Responses!I27="Include",1,0) -> 1 | G30: =IF(ISNUMBER(Responses!R17),1,0)+IF(ISNUMBER(Responses!R27),1,0) -> 1 | H30: =IF(AND(ISNUMBER(Responses!R17),Responses!R17=1),1,0)+IF(AND(ISNUMBER(Responses!R27),Responses!R27=1),1,0) -> 0 | I30: =IF(AND(ISNUMBER(Responses!R17),Responses!R17=0.5),1,0)+IF(AND(ISNUMBER(Responses!R27),Responses!R27=0.5),1,0) -> 0 | J30: =IF(AND(ISNUMBER(Responses!R17),Responses!R17=0),1,0)+IF(AND(ISNUMBER(Responses!R27),Responses!R27=0),1,0) -> 1 | K30: =F30-G30 -> 0 | L30: =IF(G30=0,"",(H30+I30*0.5)/G30) -> 0
A31: Intertidal Embassy For Extinct Rivers | B31: Full Agora | C31: Single-pass baseline | D31: Explore preference | E31: 2 | F31: =IF(Responses!I55="Include",1,0)+IF(Responses!I66="Include",1,0) -> 2 | G31: =IF(ISNUMBER(Responses!P55),1,0)+IF(ISNUMBER(Responses!P66),1,0) -> 2 | H31: =IF(AND(ISNUMBER(Responses!P55),Responses!P55=1),1,0)+IF(AND(ISNUMBER(Responses!P66),Responses!P66=1),1,0) -> 0 | I31: =IF(AND(ISNUMBER(Responses!P55),Responses!P55=0.5),1,0)+IF(AND(ISNUMBER(Responses!P66),Responses!P66=0.5),1,0) -> 0 | J31: =IF(AND(ISNUMBER(Responses!P55),Responses!P55=0),1,0)+IF(AND(ISNUMBER(Responses!P66),Responses!P66=0),1,0) -> 2 | K31: =F31-G31 -> 0 | L31: =IF(G31=0,"",(H31+I31*0.5)/G31) -> 0
A32: Intertidal Embassy For Extinct Rivers | B32: Full Agora | C32: Single-pass baseline | D32: World clarity | E32: 2 | F32: =IF(Responses!I55="Include",1,0)+IF(Responses!I66="Include",1,0) -> 2 | G32: =IF(ISNUMBER(Responses!Q55),1,0)+IF(ISNUMBER(Responses!Q66),1,0) -> 2 | H32: =IF(AND(ISNUMBER(Responses!Q55),Responses!Q55=1),1,0)+IF(AND(ISNUMBER(Responses!Q66),Responses!Q66=1),1,0) -> 0 | I32: =IF(AND(ISNUMBER(Responses!Q55),Responses!Q55=0.5),1,0)+IF(AND(ISNUMBER(Responses!Q66),Responses!Q66=0.5),1,0) -> 0 | J32: =IF(AND(ISNUMBER(Responses!Q55),Responses!Q55=0),1,0)+IF(AND(ISNUMBER(Responses!Q66),Responses!Q66=0),1,0) -> 2 | K32: =F32-G32 -> 0 | L32: =IF(G32=0,"",(H32+I32*0.5)/G32) -> 0
A33: Intertidal Embassy For Extinct Rivers | B33: Full Agora | C33: Single-pass baseline | D33: Place-scene fit | E33: 2 | F33: =IF(Responses!I55="Include",1,0)+IF(Responses!I66="Include",1,0) -> 2 | G33: =IF(ISNUMBER(Responses!R55),1,0)+IF(ISNUMBER(Responses!R66),1,0) -> 2 | H33: =IF(AND(ISNUMBER(Responses!R55),Responses!R55=1),1,0)+IF(AND(ISNUMBER(Responses!R66),Responses!R66=1),1,0) -> 0 | I33: =IF(AND(ISNUMBER(Responses!R55),Responses!R55=0.5),1,0)+IF(AND(ISNUMBER(Responses!R66),Responses!R66=0.5),1,0) -> 0 | J33: =IF(AND(ISNUMBER(Responses!R55),Responses!R55=0),1,0)+IF(AND(ISNUMBER(Responses!R66),Responses!R66=0),1,0) -> 2 | K33: =F33-G33 -> 0 | L33: =IF(G33=0,"",(H33+I33*0.5)/G33) -> 0
A34: Museum Of Future Debts | B34: Full Agora | C34: Single-pass baseline | D34: Explore preference | E34: 2 | F34: =IF(Responses!I63="Include",1,0)+IF(Responses!I68="Include",1,0) -> 2 | G34: =IF(ISNUMBER(Responses!P63),1,0)+IF(ISNUMBER(Responses!P68),1,0) -> 2 | H34: =IF(AND(ISNUMBER(Responses!P63),Responses!P63=1),1,0)+IF(AND(ISNUMBER(Responses!P68),Responses!P68=1),1,0) -> 0 | I34: =IF(AND(ISNUMBER(Responses!P63),Responses!P63=0.5),1,0)+IF(AND(ISNUMBER(Responses!P68),Responses!P68=0.5),1,0) -> 0 | J34: =IF(AND(ISNUMBER(Responses!P63),Responses!P63=0),1,0)+IF(AND(ISNUMBER(Responses!P68),Responses!P68=0),1,0) -> 2 | K34: =F34-G34 -> 0 | L34: =IF(G34=0,"",(H34+I34*0.5)/G34) -> 0
A35: Museum Of Future Debts | B35: Full Agora | C35: Single-pass baseline | D35: World clarity | E35: 2 | F35: =IF(Responses!I63="Include",1,0)+IF(Responses!I68="Include",1,0) -> 2 | G35: =IF(ISNUMBER(Responses!Q63),1,0)+IF(ISNUMBER(Responses!Q68),1,0) -> 2 | H35: =IF(AND(ISNUMBER(Responses!Q63),Responses!Q63=1),1,0)+IF(AND(ISNUMBER(Responses!Q68),Responses!Q68=1),1,0) -> 0 | I35: =IF(AND(ISNUMBER(Responses!Q63),Responses!Q63=0.5),1,0)+IF(AND(ISNUMBER(Responses!Q68),Responses!Q68=0.5),1,0) -> 0 | J35: =IF(AND(ISNUMBER(Responses!Q63),Responses!Q63=0),1,0)+IF(AND(ISNUMBER(Responses!Q68),Responses!Q68=0),1,0) -> 2 | K35: =F35-G35 -> 0 | L35: =IF(G35=0,"",(H35+I35*0.5)/G35) -> 0
A36: Museum Of Future Debts | B36: Full Agora | C36: Single-pass baseline | D36: Place-scene fit | E36: 2 | F36: =IF(Responses!I63="Include",1,0)+IF(Responses!I68="Include",1,0) -> 2 | G36: =IF(ISNUMBER(Responses!R63),1,0)+IF(ISNUMBER(Responses!R68),1,0) -> 2 | H36: =IF(AND(ISNUMBER(Responses!R63),Responses!R63=1),1,0)+IF(AND(ISNUMBER(Responses!R68),Responses!R68=1),1,0) -> 0 | I36: =IF(AND(ISNUMBER(Responses!R63),Responses!R63=0.5),1,0)+IF(AND(ISNUMBER(Responses!R68),Responses!R68=0.5),1,0) -> 0 | J36: =IF(AND(ISNUMBER(Responses!R63),Responses!R63=0),1,0)+IF(AND(ISNUMBER(Responses!R68),Responses!R68=0),1,0) -> 2 | K36: =F36-G36 -> 0 | L36: =IF(G36=0,"",(H36+I36*0.5)/G36) -> 0
A40: All 10 requests, equally weighted | Explore preference | K40: =COUNT(L7,L10,L13,L16,L19,L22,L25,L28,L31,L34) -> 10 | L40: =IF(COUNT(L7,L10,L13,L16,L19,L22,L25,L28,L31,L34)=10,AVERAGE(L7,L10,L13,L16,L19,L22,L25,L28,L31,L34),"") -> 0.4
A41: All 10 requests, equally weighted | World clarity | K41: =COUNT(L8,L11,L14,L17,L20,L23,L26,L29,L32,L35) -> 10 | L41: =IF(COUNT(L8,L11,L14,L17,L20,L23,L26,L29,L32,L35)=10,AVERAGE(L8,L11,L14,L17,L20,L23,L26,L29,L32,L35),"") -> 0.325
A42: All 10 requests, equally weighted | Place-scene fit | K42: =COUNT(L9,L12,L15,L18,L21,L24,L27,L30,L33,L36) -> 10 | L42: =IF(COUNT(L9,L12,L15,L18,L21,L24,L27,L30,L33,L36)=10,AVERAGE(L9,L12,L15,L18,L21,L24,L27,L30,L33,L36),"") -> 0.375
A44: The three rows above show covered requests (column K) and a complete 10-request mean (column L). A missing request suppresses that mean. This comparison does not control total generation compute.

Sheet Key
A1: Private allocation | Do not distribute
A2: The letters A/B vary by page and code. This sheet links all 66 rounds to their recorded sources.
A6: Code | B6: Round | C6: Type | D6: A identity | E6: B identity | F6: Pair ID
A7: V01 | B7: 1 | C7: images | D7: Gemini 2.5 Flash | E7: Gemini 3.1 Flash Lite | F7: pqpfxmjtr95
A8: V01 | B8: 2 | C8: images | D8: GPT-5.6 Sol | E8: GPT-5.6 Terra | F8: pve74cbss7m
A9: V01 | B9: 3 | C9: structure | D9: Single-pass baseline | E9: Full Agora | F9: pba8emhpy3a
A10: V01 | B10: 4 | C10: images | D10: Gemini 2.5 Flash | E10: GPT-5.6 Sol | F10: pkmwb7u7g3n
A11: V01 | B11: 5 | C11: images | D11: GPT-5.6 Terra | E11: Gemini 3.1 Pro Preview | F11: pqz6par2vck
A12: V01 | B12: 6 | C12: structure | D12: Full Agora | E12: Single-pass baseline | F12: pgtsk9rzfxz
A13: V02 | B13: 1 | C13: images | D13: GPT-5.6 Sol | E13: Gemini 3.5 Flash Lite | F13: pb77h495mwy
A14: V02 | B14: 2 | C14: structure | D14: Single-pass baseline | E14: Full Agora | F14: pm36f3jqvfc
A15: V02 | B15: 3 | C15: images | D15: GPT-5.6 Sol | E15: Gemini 2.5 Flash | F15: pkmwb7u7g3n
A16: V02 | B16: 4 | C16: images | D16: GPT-5.6 Terra | E16: GPT-5.6 Sol | F16: pve74cbss7m
A17: V02 | B17: 5 | C17: structure | D17: Full Agora | E17: Single-pass baseline | F17: pshtgk9bhb8
A18: V02 | B18: 6 | C18: images | D18: Gemini 3.5 Flash Lite | E18: Gemini 3.7 Flash | F18: pe5t7ur8bj8
... A72: V11 | B72: 6 | C72: images | D72: Gemini 3.1 Flash Lite | E72: Gemini 2.5 Flash | F72: pqpfxmjtr95
